0.049590274691581726,-0.031225144863128662,-0.016300419613202166,0.08013950288295746,-0.0966184139251709,-0.021871645271261286,0.10237805545330048,-0.15176838636398315,-0.02716801156051929,0.13334684073925018,-0.17159128189086914,-0.032558907091100764,0.06441180408000946,-0.17537939548492432,-0.01358261265554006,0.08572913706302643,-0.24371075630187988,-0.026232537149866175,0.09816817939281464,-0.2877832055091858,-0.03652257499047096,0.10811923444271088,-0.32581397891044617,-0.04461982500501449,0.032459720969200134,-0.19031882286071777,-0.016139572753985476,0.04269637167453766,-0.27071085572242737,-0.026297612383444857,0.04885445535182953,-0.32227206230163574,-0.034799039631565165,0.05287827551364899,-0.3659347891807556,-0.04116548624583061,0.0015242695808410645,-0.1866452693939209,-0.021097537397821498,0.002612560987472534,-0.26282376050949097,-0.031860366731365275,0.0038792192935943604,-0.3113151490688324,-0.040993988781650614,0.00543639063835144,-0.3515445590019226,-0.04771299314447219,-0.028972700238227844,-0.1666860580444336,-0.027972599759181094,-0.046290695667266846,-0.2192729115486145,-0.039541010081251216,-0.056674525141716,-0.25553715229034424,-0.04603538316436584,-0.06475837528705597,-0.288735568523407,-0.0502326081389981,0.16426245217716937,0.09255360229597497,0.037162812108056824,0.0,0.23201498242198615,0.17501255730243853,0.15673716258874795,0.22025758921570873,0.21051998009677755,0.2213005004787271,2
0.049590274691581726,-0.031225144863128662,-0.016300419613202166,0.08013950288295746,-0.0966184139251709,-0.021871645271261286,0.10237805545330048,-0.15176838636398315,-0.02716801156051929,0.13334684073925018,-0.17159128189086914,-0.032558907091100764,0.06441180408000946,-0.17537939548492432,-0.01358261265554006,0.08572913706302643,-0.24371075630187988,-0.026232537149866175,0.09816817939281464,-0.2877832055091858,-0.03652257499047096,0.10811923444271088,-0.32581397891044617,-0.04461982500501449,0.032459720969200134,-0.19031882286071777,-0.016139572753985476,0.04269637167453766,-0.27071085572242737,-0.026297612383444857,0.04885445535182953,-0.32227206230163574,-0.034799039631565165,0.05287827551364899,-0.3659347891807556,-0.04116548624583061,0.0015242695808410645,-0.1866452693939209,-0.021097537397821498,0.002612560987472534,-0.26282376050949097,-0.031860366731365275,0.0038792192935943604,-0.3113151490688324,-0.040993988781650614,0.00543639063835144,-0.3515445590019226,-0.04771299314447219,-0.028972700238227844,-0.1666860580444336,-0.027972599759181094,-0.046290695667266846,-0.2192729115486145,-0.039541010081251216,-0.056674525141716,-0.25553715229034424,-0.04603538316436584,-0.06475837528705597,-0.288735568523407,-0.0502326081389981,0.16426245217716937,0.09255360229597497,0.037162812108056824,0.0,0.23201498242198615,0.17501255730243853,0.15673716258874795,0.22025758921570873,0.21051998009677755,0.2213005004787271,2
0.049590274691581726,-0.031225144863128662,-0.016300419613202166,0.08013950288295746,-0.0966184139251709,-0.021871645271261286,0.10237805545330048,-0.15176838636398315,-0.02716801156051929,0.13334684073925018,-0.17159128189086914,-0.032558907091100764,0.06441180408000946,-0.17537939548492432,-0.01358261265554006,0.08572913706302643,-0.24371075630187988,-0.026232537149866175,0.09816817939281464,-0.2877832055091858,-0.03652257499047096,0.10811923444271088,-0.32581397891044617,-0.04461982500501449,0.032459720969200134,-0.19031882286071777,-0.016139572753985476,0.04269637167453766,-0.27071085572242737,-0.026297612383444857,0.04885445535182953,-0.32227206230163574,-0.034799039631565165,0.05287827551364899,-0.3659347891807556,-0.04116548624583061,0.0015242695808410645,-0.1866452693939209,-0.021097537397821498,0.002612560987472534,-0.26282376050949097,-0.031860366731365275,0.0038792192935943604,-0.3113151490688324,-0.040993988781650614,0.00543639063835144,-0.3515445590019226,-0.04771299314447219,-0.028972700238227844,-0.1666860580444336,-0.027972599759181094,-0.046290695667266846,-0.2192729115486145,-0.039541010081251216,-0.056674525141716,-0.25553715229034424,-0.04603538316436584,-0.06475837528705597,-0.288735568523407,-0.0502326081389981,0.16426245217716937,0.09255360229597497,0.037162812108056824,0.0,0.23201498242198615,0.17501255730243853,0.15673716258874795,0.22025758921570873,0.21051998009677755,0.2213005004787271,2
0.049590274691581726,-0.031225144863128662,-0.016300419613202166,0.08013950288295746,-0.0966184139251709,-0.021871645271261286,0.10237805545330048,-0.15176838636398315,-0.02716801156051929,0.13334684073925018,-0.17159128189086914,-0.032558907091100764,0.06441180408000946,-0.17537939548492432,-0.01358261265554006,0.08572913706302643,-0.24371075630187988,-0.026232537149866175,0.09816817939281464,-0.2877832055091858,-0.03652257499047096,0.10811923444271088,-0.32581397891044617,-0.04461982500501449,0.032459720969200134,-0.19031882286071777,-0.016139572753985476,0.04269637167453766,-0.27071085572242737,-0.026297612383444857,0.04885445535182953,-0.32227206230163574,-0.034799039631565165,0.05287827551364899,-0.3659347891807556,-0.04116548624583061,0.0015242695808410645,-0.1866452693939209,-0.021097537397821498,0.002612560987472534,-0.26282376050949097,-0.031860366731365275,0.0038792192935943604,-0.3113151490688324,-0.040993988781650614,0.00543639063835144,-0.3515445590019226,-0.04771299314447219,-0.028972700238227844,-0.1666860580444336,-0.027972599759181094,-0.046290695667266846,-0.2192729115486145,-0.039541010081251216,-0.056674525141716,-0.25553715229034424,-0.04603538316436584,-0.06475837528705597,-0.288735568523407,-0.0502326081389981,0.16426245217716937,0.09255360229597497,0.037162812108056824,0.0,0.23201498242198615,0.17501255730243853,0.15673716258874795,0.22025758921570873,0.21051998009677755,0.2213005004787271,2
0.049590274691581726,-0.031225144863128662,-0.016300419613202166,0.08013950288295746,-0.0966184139251709,-0.021871645271261286,0.10237805545330048,-0.15176838636398315,-0.02716801156051929,0.13334684073925018,-0.17159128189086914,-0.032558907091100764,0.06441180408000946,-0.17537939548492432,-0.01358261265554006,0.08572913706302643,-0.24371075630187988,-0.026232537149866175,0.09816817939281464,-0.2877832055091858,-0.03652257499047096,0.10811923444271088,-0.32581397891044617,-0.04461982500501449,0.032459720969200134,-0.19031882286071777,-0.016139572753985476,0.04269637167453766,-0.27071085572242737,-0.026297612383444857,0.04885445535182953,-0.32227206230163574,-0.034799039631565165,0.05287827551364899,-0.3659347891807556,-0.04116548624583061,0.0015242695808410645,-0.1866452693939209,-0.021097537397821498,0.002612560987472534,-0.26282376050949097,-0.031860366731365275,0.0038792192935943604,-0.3113151490688324,-0.040993988781650614,0.00543639063835144,-0.3515445590019226,-0.04771299314447219,-0.028972700238227844,-0.1666860580444336,-0.027972599759181094,-0.046290695667266846,-0.2192729115486145,-0.039541010081251216,-0.056674525141716,-0.25553715229034424,-0.04603538316436584,-0.06475837528705597,-0.288735568523407,-0.0502326081389981,0.16426245217716937,0.09255360229597497,0.037162812108056824,0.0,0.23201498242198615,0.17501255730243853,0.15673716258874795,0.22025758921570873,0.21051998009677755,0.2213005004787271,2
0.049590274691581726,-0.031225144863128662,-0.016300419613202166,0.08013950288295746,-0.0966184139251709,-0.021871645271261286,0.10237805545330048,-0.15176838636398315,-0.02716801156051929,0.13334684073925018,-0.17159128189086914,-0.032558907091100764,0.06441180408000946,-0.17537939548492432,-0.01358261265554006,0.08572913706302643,-0.24371075630187988,-0.026232537149866175,0.09816817939281464,-0.2877832055091858,-0.03652257499047096,0.10811923444271088,-0.32581397891044617,-0.04461982500501449,0.032459720969200134,-0.19031882286071777,-0.016139572753985476,0.04269637167453766,-0.27071085572242737,-0.026297612383444857,0.04885445535182953,-0.32227206230163574,-0.034799039631565165,0.05287827551364899,-0.3659347891807556,-0.04116548624583061,0.0015242695808410645,-0.1866452693939209,-0.021097537397821498,0.002612560987472534,-0.26282376050949097,-0.031860366731365275,0.0038792192935943604,-0.3113151490688324,-0.040993988781650614,0.00543639063835144,-0.3515445590019226,-0.04771299314447219,-0.028972700238227844,-0.1666860580444336,-0.027972599759181094,-0.046290695667266846,-0.2192729115486145,-0.039541010081251216,-0.056674525141716,-0.25553715229034424,-0.04603538316436584,-0.06475837528705597,-0.288735568523407,-0.0502326081389981,0.16426245217716937,0.09255360229597497,0.037162812108056824,0.0,0.23201498242198615,0.17501255730243853,0.15673716258874795,0.22025758921570873,0.21051998009677755,0.2213005004787271,2
0.049590274691581726,-0.031225144863128662,-0.016300419613202166,0.08013950288295746,-0.0966184139251709,-0.021871645271261286,0.10237805545330048,-0.15176838636398315,-0.02716801156051929,0.13334684073925018,-0.17159128189086914,-0.032558907091100764,0.06441180408000946,-0.17537939548492432,-0.01358261265554006,0.08572913706302643,-0.24371075630187988,-0.026232537149866175,0.09816817939281464,-0.2877832055091858,-0.03652257499047096,0.10811923444271088,-0.32581397891044617,-0.04461982500501449,0.032459720969200134,-0.19031882286071777,-0.016139572753985476,0.04269637167453766,-0.27071085572242737,-0.026297612383444857,0.04885445535182953,-0.32227206230163574,-0.034799039631565165,0.05287827551364899,-0.3659347891807556,-0.04116548624583061,0.0015242695808410645,-0.1866452693939209,-0.021097537397821498,0.002612560987472534,-0.26282376050949097,-0.031860366731365275,0.0038792192935943604,-0.3113151490688324,-0.040993988781650614,0.00543639063835144,-0.3515445590019226,-0.04771299314447219,-0.028972700238227844,-0.1666860580444336,-0.027972599759181094,-0.046290695667266846,-0.2192729115486145,-0.039541010081251216,-0.056674525141716,-0.25553715229034424,-0.04603538316436584,-0.06475837528705597,-0.288735568523407,-0.0502326081389981,0.16426245217716937,0.09255360229597497,0.037162812108056824,0.0,0.23201498242198615,0.17501255730243853,0.15673716258874795,0.22025758921570873,0.21051998009677755,0.2213005004787271,2
0.049590274691581726,-0.031225144863128662,-0.016300419613202166,0.08013950288295746,-0.0966184139251709,-0.021871645271261286,0.10237805545330048,-0.15176838636398315,-0.02716801156051929,0.13334684073925018,-0.17159128189086914,-0.032558907091100764,0.06441180408000946,-0.17537939548492432,-0.01358261265554006,0.08572913706302643,-0.24371075630187988,-0.026232537149866175,0.09816817939281464,-0.2877832055091858,-0.03652257499047096,0.10811923444271088,-0.32581397891044617,-0.04461982500501449,0.032459720969200134,-0.19031882286071777,-0.016139572753985476,0.04269637167453766,-0.27071085572242737,-0.026297612383444857,0.04885445535182953,-0.32227206230163574,-0.034799039631565165,0.05287827551364899,-0.3659347891807556,-0.04116548624583061,0.0015242695808410645,-0.1866452693939209,-0.021097537397821498,0.002612560987472534,-0.26282376050949097,-0.031860366731365275,0.0038792192935943604,-0.3113151490688324,-0.040993988781650614,0.00543639063835144,-0.3515445590019226,-0.04771299314447219,-0.028972700238227844,-0.1666860580444336,-0.027972599759181094,-0.046290695667266846,-0.2192729115486145,-0.039541010081251216,-0.056674525141716,-0.25553715229034424,-0.04603538316436584,-0.06475837528705597,-0.288735568523407,-0.0502326081389981,0.16426245217716937,0.09255360229597497,0.037162812108056824,0.0,0.23201498242198615,0.17501255730243853,0.15673716258874795,0.22025758921570873,0.21051998009677755,0.2213005004787271,2
0.049590274691581726,-0.031225144863128662,-0.016300419613202166,0.08013950288295746,-0.0966184139251709,-0.021871645271261286,0.10237805545330048,-0.15176838636398315,-0.02716801156051929,0.13334684073925018,-0.17159128189086914,-0.032558907091100764,0.06441180408000946,-0.17537939548492432,-0.01358261265554006,0.08572913706302643,-0.24371075630187988,-0.026232537149866175,0.09816817939281464,-0.2877832055091858,-0.03652257499047096,0.10811923444271088,-0.32581397891044617,-0.04461982500501449,0.032459720969200134,-0.19031882286071777,-0.016139572753985476,0.04269637167453766,-0.27071085572242737,-0.026297612383444857,0.04885445535182953,-0.32227206230163574,-0.034799039631565165,0.05287827551364899,-0.3659347891807556,-0.04116548624583061,0.0015242695808410645,-0.1866452693939209,-0.021097537397821498,0.002612560987472534,-0.26282376050949097,-0.031860366731365275,0.0038792192935943604,-0.3113151490688324,-0.040993988781650614,0.00543639063835144,-0.3515445590019226,-0.04771299314447219,-0.028972700238227844,-0.1666860580444336,-0.027972599759181094,-0.046290695667266846,-0.2192729115486145,-0.039541010081251216,-0.056674525141716,-0.25553715229034424,-0.04603538316436584,-0.06475837528705597,-0.288735568523407,-0.0502326081389981,0.16426245217716937,0.09255360229597497,0.037162812108056824,0.0,0.23201498242198615,0.17501255730243853,0.15673716258874795,0.22025758921570873,0.21051998009677755,0.2213005004787271,2
0.049590274691581726,-0.031225144863128662,-0.016300419613202166,0.08013950288295746,-0.0966184139251709,-0.021871645271261286,0.10237805545330048,-0.15176838636398315,-0.02716801156051929,0.13334684073925018,-0.17159128189086914,-0.032558907091100764,0.06441180408000946,-0.17537939548492432,-0.01358261265554006,0.08572913706302643,-0.24371075630187988,-0.026232537149866175,0.09816817939281464,-0.2877832055091858,-0.03652257499047096,0.10811923444271088,-0.32581397891044617,-0.04461982500501449,0.032459720969200134,-0.19031882286071777,-0.016139572753985476,0.04269637167453766,-0.27071085572242737,-0.026297612383444857,0.04885445535182953,-0.32227206230163574,-0.034799039631565165,0.05287827551364899,-0.3659347891807556,-0.04116548624583061,0.0015242695808410645,-0.1866452693939209,-0.021097537397821498,0.002612560987472534,-0.26282376050949097,-0.031860366731365275,0.0038792192935943604,-0.3113151490688324,-0.040993988781650614,0.00543639063835144,-0.3515445590019226,-0.04771299314447219,-0.028972700238227844,-0.1666860580444336,-0.027972599759181094,-0.046290695667266846,-0.2192729115486145,-0.039541010081251216,-0.056674525141716,-0.25553715229034424,-0.04603538316436584,-0.06475837528705597,-0.288735568523407,-0.0502326081389981,0.16426245217716937,0.09255360229597497,0.037162812108056824,0.0,0.23201498242198615,0.17501255730243853,0.15673716258874795,0.22025758921570873,0.21051998009677755,0.2213005004787271,2
0.049590274691581726,-0.031225144863128662,-0.016300419613202166,0.08013950288295746,-0.0966184139251709,-0.021871645271261286,0.10237805545330048,-0.15176838636398315,-0.02716801156051929,0.13334684073925018,-0.17159128189086914,-0.032558907091100764,0.06441180408000946,-0.17537939548492432,-0.01358261265554006,0.08572913706302643,-0.24371075630187988,-0.026232537149866175,0.09816817939281464,-0.2877832055091858,-0.03652257499047096,0.10811923444271088,-0.32581397891044617,-0.04461982500501449,0.032459720969200134,-0.19031882286071777,-0.016139572753985476,0.04269637167453766,-0.27071085572242737,-0.026297612383444857,0.04885445535182953,-0.32227206230163574,-0.034799039631565165,0.05287827551364899,-0.3659347891807556,-0.04116548624583061,0.0015242695808410645,-0.1866452693939209,-0.021097537397821498,0.002612560987472534,-0.26282376050949097,-0.031860366731365275,0.0038792192935943604,-0.3113151490688324,-0.040993988781650614,0.00543639063835144,-0.3515445590019226,-0.04771299314447219,-0.028972700238227844,-0.1666860580444336,-0.027972599759181094,-0.046290695667266846,-0.2192729115486145,-0.039541010081251216,-0.056674525141716,-0.25553715229034424,-0.04603538316436584,-0.06475837528705597,-0.288735568523407,-0.0502326081389981,0.16426245217716937,0.09255360229597497,0.037162812108056824,0.0,0.23201498242198615,0.17501255730243853,0.15673716258874795,0.22025758921570873,0.21051998009677755,0.2213005004787271,2
0.049590274691581726,-0.031225144863128662,-0.016300419613202166,0.08013950288295746,-0.0966184139251709,-0.021871645271261286,0.10237805545330048,-0.15176838636398315,-0.02716801156051929,0.13334684073925018,-0.17159128189086914,-0.032558907091100764,0.06441180408000946,-0.17537939548492432,-0.01358261265554006,0.08572913706302643,-0.24371075630187988,-0.026232537149866175,0.09816817939281464,-0.2877832055091858,-0.03652257499047096,0.10811923444271088,-0.32581397891044617,-0.04461982500501449,0.032459720969200134,-0.19031882286071777,-0.016139572753985476,0.04269637167453766,-0.27071085572242737,-0.026297612383444857,0.04885445535182953,-0.32227206230163574,-0.034799039631565165,0.05287827551364899,-0.3659347891807556,-0.04116548624583061,0.0015242695808410645,-0.1866452693939209,-0.021097537397821498,0.002612560987472534,-0.26282376050949097,-0.031860366731365275,0.0038792192935943604,-0.3113151490688324,-0.040993988781650614,0.00543639063835144,-0.3515445590019226,-0.04771299314447219,-0.028972700238227844,-0.1666860580444336,-0.027972599759181094,-0.046290695667266846,-0.2192729115486145,-0.039541010081251216,-0.056674525141716,-0.25553715229034424,-0.04603538316436584,-0.06475837528705597,-0.288735568523407,-0.0502326081389981,0.16426245217716937,0.09255360229597497,0.037162812108056824,0.0,0.23201498242198615,0.17501255730243853,0.15673716258874795,0.22025758921570873,0.21051998009677755,0.2213005004787271,2
0.049590274691581726,-0.031225144863128662,-0.016300419613202166,0.08013950288295746,-0.0966184139251709,-0.021871645271261286,0.10237805545330048,-0.15176838636398315,-0.02716801156051929,0.13334684073925018,-0.17159128189086914,-0.032558907091100764,0.06441180408000946,-0.17537939548492432,-0.01358261265554006,0.08572913706302643,-0.24371075630187988,-0.026232537149866175,0.09816817939281464,-0.2877832055091858,-0.03652257499047096,0.10811923444271088,-0.32581397891044617,-0.04461982500501449,0.032459720969200134,-0.19031882286071777,-0.016139572753985476,0.04269637167453766,-0.27071085572242737,-0.026297612383444857,0.04885445535182953,-0.32227206230163574,-0.034799039631565165,0.05287827551364899,-0.3659347891807556,-0.04116548624583061,0.0015242695808410645,-0.1866452693939209,-0.021097537397821498,0.002612560987472534,-0.26282376050949097,-0.031860366731365275,0.0038792192935943604,-0.3113151490688324,-0.040993988781650614,0.00543639063835144,-0.3515445590019226,-0.04771299314447219,-0.028972700238227844,-0.1666860580444336,-0.027972599759181094,-0.046290695667266846,-0.2192729115486145,-0.039541010081251216,-0.056674525141716,-0.25553715229034424,-0.04603538316436584,-0.06475837528705597,-0.288735568523407,-0.0502326081389981,0.16426245217716937,0.09255360229597497,0.037162812108056824,0.0,0.23201498242198615,0.17501255730243853,0.15673716258874795,0.22025758921570873,0.21051998009677755,0.2213005004787271,2
0.049590274691581726,-0.031225144863128662,-0.016300419613202166,0.08013950288295746,-0.0966184139251709,-0.021871645271261286,0.10237805545330048,-0.15176838636398315,-0.02716801156051929,0.13334684073925018,-0.17159128189086914,-0.032558907091100764,0.06441180408000946,-0.17537939548492432,-0.01358261265554006,0.08572913706302643,-0.24371075630187988,-0.026232537149866175,0.09816817939281464,-0.2877832055091858,-0.03652257499047096,0.10811923444271088,-0.32581397891044617,-0.04461982500501449,0.032459720969200134,-0.19031882286071777,-0.016139572753985476,0.04269637167453766,-0.27071085572242737,-0.026297612383444857,0.04885445535182953,-0.32227206230163574,-0.034799039631565165,0.05287827551364899,-0.3659347891807556,-0.04116548624583061,0.0015242695808410645,-0.1866452693939209,-0.021097537397821498,0.002612560987472534,-0.26282376050949097,-0.031860366731365275,0.0038792192935943604,-0.3113151490688324,-0.040993988781650614,0.00543639063835144,-0.3515445590019226,-0.04771299314447219,-0.028972700238227844,-0.1666860580444336,-0.027972599759181094,-0.046290695667266846,-0.2192729115486145,-0.039541010081251216,-0.056674525141716,-0.25553715229034424,-0.04603538316436584,-0.06475837528705597,-0.288735568523407,-0.0502326081389981,0.16426245217716937,0.09255360229597497,0.037162812108056824,0.0,0.23201498242198615,0.17501255730243853,0.15673716258874795,0.22025758921570873,0.21051998009677755,0.2213005004787271,2
0.049590274691581726,-0.031225144863128662,-0.016300419613202166,0.08013950288295746,-0.0966184139251709,-0.021871645271261286,0.10237805545330048,-0.15176838636398315,-0.02716801156051929,0.13334684073925018,-0.17159128189086914,-0.032558907091100764,0.06441180408000946,-0.17537939548492432,-0.01358261265554006,0.08572913706302643,-0.24371075630187988,-0.026232537149866175,0.09816817939281464,-0.2877832055091858,-0.03652257499047096,0.10811923444271088,-0.32581397891044617,-0.04461982500501449,0.032459720969200134,-0.19031882286071777,-0.016139572753985476,0.04269637167453766,-0.27071085572242737,-0.026297612383444857,0.04885445535182953,-0.32227206230163574,-0.034799039631565165,0.05287827551364899,-0.3659347891807556,-0.04116548624583061,0.0015242695808410645,-0.1866452693939209,-0.021097537397821498,0.002612560987472534,-0.26282376050949097,-0.031860366731365275,0.0038792192935943604,-0.3113151490688324,-0.040993988781650614,0.00543639063835144,-0.3515445590019226,-0.04771299314447219,-0.028972700238227844,-0.1666860580444336,-0.027972599759181094,-0.046290695667266846,-0.2192729115486145,-0.039541010081251216,-0.056674525141716,-0.25553715229034424,-0.04603538316436584,-0.06475837528705597,-0.288735568523407,-0.0502326081389981,0.16426245217716937,0.09255360229597497,0.037162812108056824,0.0,0.23201498242198615,0.17501255730243853,0.15673716258874795,0.22025758921570873,0.21051998009677755,0.2213005004787271,2
0.049590274691581726,-0.031225144863128662,-0.016300419613202166,0.08013950288295746,-0.0966184139251709,-0.021871645271261286,0.10237805545330048,-0.15176838636398315,-0.02716801156051929,0.13334684073925018,-0.17159128189086914,-0.032558907091100764,0.06441180408000946,-0.17537939548492432,-0.01358261265554006,0.08572913706302643,-0.24371075630187988,-0.026232537149866175,0.09816817939281464,-0.2877832055091858,-0.03652257499047096,0.10811923444271088,-0.32581397891044617,-0.04461982500501449,0.032459720969200134,-0.19031882286071777,-0.016139572753985476,0.04269637167453766,-0.27071085572242737,-0.026297612383444857,0.04885445535182953,-0.32227206230163574,-0.034799039631565165,0.05287827551364899,-0.3659347891807556,-0.04116548624583061,0.0015242695808410645,-0.1866452693939209,-0.021097537397821498,0.002612560987472534,-0.26282376050949097,-0.031860366731365275,0.0038792192935943604,-0.3113151490688324,-0.040993988781650614,0.00543639063835144,-0.3515445590019226,-0.04771299314447219,-0.028972700238227844,-0.1666860580444336,-0.027972599759181094,-0.046290695667266846,-0.2192729115486145,-0.039541010081251216,-0.056674525141716,-0.25553715229034424,-0.04603538316436584,-0.06475837528705597,-0.288735568523407,-0.0502326081389981,0.16426245217716937,0.09255360229597497,0.037162812108056824,0.0,0.23201498242198615,0.17501255730243853,0.15673716258874795,0.22025758921570873,0.21051998009677755,0.2213005004787271,2
0.049590274691581726,-0.031225144863128662,-0.016300419613202166,0.08013950288295746,-0.0966184139251709,-0.021871645271261286,0.10237805545330048,-0.15176838636398315,-0.02716801156051929,0.13334684073925018,-0.17159128189086914,-0.032558907091100764,0.06441180408000946,-0.17537939548492432,-0.01358261265554006,0.08572913706302643,-0.24371075630187988,-0.026232537149866175,0.09816817939281464,-0.2877832055091858,-0.03652257499047096,0.10811923444271088,-0.32581397891044617,-0.04461982500501449,0.032459720969200134,-0.19031882286071777,-0.016139572753985476,0.04269637167453766,-0.27071085572242737,-0.026297612383444857,0.04885445535182953,-0.32227206230163574,-0.034799039631565165,0.05287827551364899,-0.3659347891807556,-0.04116548624583061,0.0015242695808410645,-0.1866452693939209,-0.021097537397821498,0.002612560987472534,-0.26282376050949097,-0.031860366731365275,0.0038792192935943604,-0.3113151490688324,-0.040993988781650614,0.00543639063835144,-0.3515445590019226,-0.04771299314447219,-0.028972700238227844,-0.1666860580444336,-0.027972599759181094,-0.046290695667266846,-0.2192729115486145,-0.039541010081251216,-0.056674525141716,-0.25553715229034424,-0.04603538316436584,-0.06475837528705597,-0.288735568523407,-0.0502326081389981,0.16426245217716937,0.09255360229597497,0.037162812108056824,0.0,0.23201498242198615,0.17501255730243853,0.15673716258874795,0.22025758921570873,0.21051998009677755,0.2213005004787271,2
0.049590274691581726,-0.031225144863128662,-0.016300419613202166,0.08013950288295746,-0.0966184139251709,-0.021871645271261286,0.10237805545330048,-0.15176838636398315,-0.02716801156051929,0.13334684073925018,-0.17159128189086914,-0.032558907091100764,0.06441180408000946,-0.17537939548492432,-0.01358261265554006,0.08572913706302643,-0.24371075630187988,-0.026232537149866175,0.09816817939281464,-0.2877832055091858,-0.03652257499047096,0.10811923444271088,-0.32581397891044617,-0.04461982500501449,0.032459720969200134,-0.19031882286071777,-0.016139572753985476,0.04269637167453766,-0.27071085572242737,-0.026297612383444857,0.04885445535182953,-0.32227206230163574,-0.034799039631565165,0.05287827551364899,-0.3659347891807556,-0.04116548624583061,0.0015242695808410645,-0.1866452693939209,-0.021097537397821498,0.002612560987472534,-0.26282376050949097,-0.031860366731365275,0.0038792192935943604,-0.3113151490688324,-0.040993988781650614,0.00543639063835144,-0.3515445590019226,-0.04771299314447219,-0.028972700238227844,-0.1666860580444336,-0.027972599759181094,-0.046290695667266846,-0.2192729115486145,-0.039541010081251216,-0.056674525141716,-0.25553715229034424,-0.04603538316436584,-0.06475837528705597,-0.288735568523407,-0.0502326081389981,0.16426245217716937,0.09255360229597497,0.037162812108056824,0.0,0.23201498242198615,0.17501255730243853,0.15673716258874795,0.22025758921570873,0.21051998009677755,0.2213005004787271,2
0.049590274691581726,-0.031225144863128662,-0.016300419613202166,0.08013950288295746,-0.0966184139251709,-0.021871645271261286,0.10237805545330048,-0.15176838636398315,-0.02716801156051929,0.13334684073925018,-0.17159128189086914,-0.032558907091100764,0.06441180408000946,-0.17537939548492432,-0.01358261265554006,0.08572913706302643,-0.24371075630187988,-0.026232537149866175,0.09816817939281464,-0.2877832055091858,-0.03652257499047096,0.10811923444271088,-0.32581397891044617,-0.04461982500501449,0.032459720969200134,-0.19031882286071777,-0.016139572753985476,0.04269637167453766,-0.27071085572242737,-0.026297612383444857,0.04885445535182953,-0.32227206230163574,-0.034799039631565165,0.05287827551364899,-0.3659347891807556,-0.04116548624583061,0.0015242695808410645,-0.1866452693939209,-0.021097537397821498,0.002612560987472534,-0.26282376050949097,-0.031860366731365275,0.0038792192935943604,-0.3113151490688324,-0.040993988781650614,0.00543639063835144,-0.3515445590019226,-0.04771299314447219,-0.028972700238227844,-0.1666860580444336,-0.027972599759181094,-0.046290695667266846,-0.2192729115486145,-0.039541010081251216,-0.056674525141716,-0.25553715229034424,-0.04603538316436584,-0.06475837528705597,-0.288735568523407,-0.0502326081389981,0.16426245217716937,0.09255360229597497,0.037162812108056824,0.0,0.23201498242198615,0.17501255730243853,0.15673716258874795,0.22025758921570873,0.21051998009677755,0.2213005004787271,2
0.049590274691581726,-0.031225144863128662,-0.016300419613202166,0.08013950288295746,-0.0966184139251709,-0.021871645271261286,0.10237805545330048,-0.15176838636398315,-0.02716801156051929,0.13334684073925018,-0.17159128189086914,-0.032558907091100764,0.06441180408000946,-0.17537939548492432,-0.01358261265554006,0.08572913706302643,-0.24371075630187988,-0.026232537149866175,0.09816817939281464,-0.2877832055091858,-0.03652257499047096,0.10811923444271088,-0.32581397891044617,-0.04461982500501449,0.032459720969200134,-0.19031882286071777,-0.016139572753985476,0.04269637167453766,-0.27071085572242737,-0.026297612383444857,0.04885445535182953,-0.32227206230163574,-0.034799039631565165,0.05287827551364899,-0.3659347891807556,-0.04116548624583061,0.0015242695808410645,-0.1866452693939209,-0.021097537397821498,0.002612560987472534,-0.26282376050949097,-0.031860366731365275,0.0038792192935943604,-0.3113151490688324,-0.040993988781650614,0.00543639063835144,-0.3515445590019226,-0.04771299314447219,-0.028972700238227844,-0.1666860580444336,-0.027972599759181094,-0.046290695667266846,-0.2192729115486145,-0.039541010081251216,-0.056674525141716,-0.25553715229034424,-0.04603538316436584,-0.06475837528705597,-0.288735568523407,-0.0502326081389981,0.16426245217716937,0.09255360229597497,0.037162812108056824,0.0,0.23201498242198615,0.17501255730243853,0.15673716258874795,0.22025758921570873,0.21051998009677755,0.2213005004787271,2
0.049590274691581726,-0.031225144863128662,-0.016300419613202166,0.08013950288295746,-0.0966184139251709,-0.021871645271261286,0.10237805545330048,-0.15176838636398315,-0.02716801156051929,0.13334684073925018,-0.17159128189086914,-0.032558907091100764,0.06441180408000946,-0.17537939548492432,-0.01358261265554006,0.08572913706302643,-0.24371075630187988,-0.026232537149866175,0.09816817939281464,-0.2877832055091858,-0.03652257499047096,0.10811923444271088,-0.32581397891044617,-0.04461982500501449,0.032459720969200134,-0.19031882286071777,-0.016139572753985476,0.04269637167453766,-0.27071085572242737,-0.026297612383444857,0.04885445535182953,-0.32227206230163574,-0.034799039631565165,0.05287827551364899,-0.3659347891807556,-0.04116548624583061,0.0015242695808410645,-0.1866452693939209,-0.021097537397821498,0.002612560987472534,-0.26282376050949097,-0.031860366731365275,0.0038792192935943604,-0.3113151490688324,-0.040993988781650614,0.00543639063835144,-0.3515445590019226,-0.04771299314447219,-0.028972700238227844,-0.1666860580444336,-0.027972599759181094,-0.046290695667266846,-0.2192729115486145,-0.039541010081251216,-0.056674525141716,-0.25553715229034424,-0.04603538316436584,-0.06475837528705597,-0.288735568523407,-0.0502326081389981,0.16426245217716937,0.09255360229597497,0.037162812108056824,0.0,0.23201498242198615,0.17501255730243853,0.15673716258874795,0.22025758921570873,0.21051998009677755,0.2213005004787271,2
0.049590274691581726,-0.031225144863128662,-0.016300419613202166,0.08013950288295746,-0.0966184139251709,-0.021871645271261286,0.10237805545330048,-0.15176838636398315,-0.02716801156051929,0.13334684073925018,-0.17159128189086914,-0.032558907091100764,0.06441180408000946,-0.17537939548492432,-0.01358261265554006,0.08572913706302643,-0.24371075630187988,-0.026232537149866175,0.09816817939281464,-0.2877832055091858,-0.03652257499047096,0.10811923444271088,-0.32581397891044617,-0.04461982500501449,0.032459720969200134,-0.19031882286071777,-0.016139572753985476,0.04269637167453766,-0.27071085572242737,-0.026297612383444857,0.04885445535182953,-0.32227206230163574,-0.034799039631565165,0.05287827551364899,-0.3659347891807556,-0.04116548624583061,0.0015242695808410645,-0.1866452693939209,-0.021097537397821498,0.002612560987472534,-0.26282376050949097,-0.031860366731365275,0.0038792192935943604,-0.3113151490688324,-0.040993988781650614,0.00543639063835144,-0.3515445590019226,-0.04771299314447219,-0.028972700238227844,-0.1666860580444336,-0.027972599759181094,-0.046290695667266846,-0.2192729115486145,-0.039541010081251216,-0.056674525141716,-0.25553715229034424,-0.04603538316436584,-0.06475837528705597,-0.288735568523407,-0.0502326081389981,0.16426245217716937,0.09255360229597497,0.037162812108056824,0.0,0.23201498242198615,0.17501255730243853,0.15673716258874795,0.22025758921570873,0.21051998009677755,0.2213005004787271,2
0.049590274691581726,-0.031225144863128662,-0.016300419613202166,0.08013950288295746,-0.0966184139251709,-0.021871645271261286,0.10237805545330048,-0.15176838636398315,-0.02716801156051929,0.13334684073925018,-0.17159128189086914,-0.032558907091100764,0.06441180408000946,-0.17537939548492432,-0.01358261265554006,0.08572913706302643,-0.24371075630187988,-0.026232537149866175,0.09816817939281464,-0.2877832055091858,-0.03652257499047096,0.10811923444271088,-0.32581397891044617,-0.04461982500501449,0.032459720969200134,-0.19031882286071777,-0.016139572753985476,0.04269637167453766,-0.27071085572242737,-0.026297612383444857,0.04885445535182953,-0.32227206230163574,-0.034799039631565165,0.05287827551364899,-0.3659347891807556,-0.04116548624583061,0.0015242695808410645,-0.1866452693939209,-0.021097537397821498,0.002612560987472534,-0.26282376050949097,-0.031860366731365275,0.0038792192935943604,-0.3113151490688324,-0.040993988781650614,0.00543639063835144,-0.3515445590019226,-0.04771299314447219,-0.028972700238227844,-0.1666860580444336,-0.027972599759181094,-0.046290695667266846,-0.2192729115486145,-0.039541010081251216,-0.056674525141716,-0.25553715229034424,-0.04603538316436584,-0.06475837528705597,-0.288735568523407,-0.0502326081389981,0.16426245217716937,0.09255360229597497,0.037162812108056824,0.0,0.23201498242198615,0.17501255730243853,0.15673716258874795,0.22025758921570873,0.21051998009677755,0.2213005004787271,2
0.049590274691581726,-0.031225144863128662,-0.016300419613202166,0.08013950288295746,-0.0966184139251709,-0.021871645271261286,0.10237805545330048,-0.15176838636398315,-0.02716801156051929,0.13334684073925018,-0.17159128189086914,-0.032558907091100764,0.06441180408000946,-0.17537939548492432,-0.01358261265554006,0.08572913706302643,-0.24371075630187988,-0.026232537149866175,0.09816817939281464,-0.2877832055091858,-0.03652257499047096,0.10811923444271088,-0.32581397891044617,-0.04461982500501449,0.032459720969200134,-0.19031882286071777,-0.016139572753985476,0.04269637167453766,-0.27071085572242737,-0.026297612383444857,0.04885445535182953,-0.32227206230163574,-0.034799039631565165,0.05287827551364899,-0.3659347891807556,-0.04116548624583061,0.0015242695808410645,-0.1866452693939209,-0.021097537397821498,0.002612560987472534,-0.26282376050949097,-0.031860366731365275,0.0038792192935943604,-0.3113151490688324,-0.040993988781650614,0.00543639063835144,-0.3515445590019226,-0.04771299314447219,-0.028972700238227844,-0.1666860580444336,-0.027972599759181094,-0.046290695667266846,-0.2192729115486145,-0.039541010081251216,-0.056674525141716,-0.25553715229034424,-0.04603538316436584,-0.06475837528705597,-0.288735568523407,-0.0502326081389981,0.16426245217716937,0.09255360229597497,0.037162812108056824,0.0,0.23201498242198615,0.17501255730243853,0.15673716258874795,0.22025758921570873,0.21051998009677755,0.2213005004787271,2
0.049590274691581726,-0.031225144863128662,-0.016300419613202166,0.08013950288295746,-0.0966184139251709,-0.021871645271261286,0.10237805545330048,-0.15176838636398315,-0.02716801156051929,0.13334684073925018,-0.17159128189086914,-0.032558907091100764,0.06441180408000946,-0.17537939548492432,-0.01358261265554006,0.08572913706302643,-0.24371075630187988,-0.026232537149866175,0.09816817939281464,-0.2877832055091858,-0.03652257499047096,0.10811923444271088,-0.32581397891044617,-0.04461982500501449,0.032459720969200134,-0.19031882286071777,-0.016139572753985476,0.04269637167453766,-0.27071085572242737,-0.026297612383444857,0.04885445535182953,-0.32227206230163574,-0.034799039631565165,0.05287827551364899,-0.3659347891807556,-0.04116548624583061,0.0015242695808410645,-0.1866452693939209,-0.021097537397821498,0.002612560987472534,-0.26282376050949097,-0.031860366731365275,0.0038792192935943604,-0.3113151490688324,-0.040993988781650614,0.00543639063835144,-0.3515445590019226,-0.04771299314447219,-0.028972700238227844,-0.1666860580444336,-0.027972599759181094,-0.046290695667266846,-0.2192729115486145,-0.039541010081251216,-0.056674525141716,-0.25553715229034424,-0.04603538316436584,-0.06475837528705597,-0.288735568523407,-0.0502326081389981,0.16426245217716937,0.09255360229597497,0.037162812108056824,0.0,0.23201498242198615,0.17501255730243853,0.15673716258874795,0.22025758921570873,0.21051998009677755,0.2213005004787271,2
0.049590274691581726,-0.031225144863128662,-0.016300419613202166,0.08013950288295746,-0.0966184139251709,-0.021871645271261286,0.10237805545330048,-0.15176838636398315,-0.02716801156051929,0.13334684073925018,-0.17159128189086914,-0.032558907091100764,0.06441180408000946,-0.17537939548492432,-0.01358261265554006,0.08572913706302643,-0.24371075630187988,-0.026232537149866175,0.09816817939281464,-0.2877832055091858,-0.03652257499047096,0.10811923444271088,-0.32581397891044617,-0.04461982500501449,0.032459720969200134,-0.19031882286071777,-0.016139572753985476,0.04269637167453766,-0.27071085572242737,-0.026297612383444857,0.04885445535182953,-0.32227206230163574,-0.034799039631565165,0.05287827551364899,-0.3659347891807556,-0.04116548624583061,0.0015242695808410645,-0.1866452693939209,-0.021097537397821498,0.002612560987472534,-0.26282376050949097,-0.031860366731365275,0.0038792192935943604,-0.3113151490688324,-0.040993988781650614,0.00543639063835144,-0.3515445590019226,-0.04771299314447219,-0.028972700238227844,-0.1666860580444336,-0.027972599759181094,-0.046290695667266846,-0.2192729115486145,-0.039541010081251216,-0.056674525141716,-0.25553715229034424,-0.04603538316436584,-0.06475837528705597,-0.288735568523407,-0.0502326081389981,0.16426245217716937,0.09255360229597497,0.037162812108056824,0.0,0.23201498242198615,0.17501255730243853,0.15673716258874795,0.22025758921570873,0.21051998009677755,0.2213005004787271,2
0.049590274691581726,-0.031225144863128662,-0.016300419613202166,0.08013950288295746,-0.0966184139251709,-0.021871645271261286,0.10237805545330048,-0.15176838636398315,-0.02716801156051929,0.13334684073925018,-0.17159128189086914,-0.032558907091100764,0.06441180408000946,-0.17537939548492432,-0.01358261265554006,0.08572913706302643,-0.24371075630187988,-0.026232537149866175,0.09816817939281464,-0.2877832055091858,-0.03652257499047096,0.10811923444271088,-0.32581397891044617,-0.04461982500501449,0.032459720969200134,-0.19031882286071777,-0.016139572753985476,0.04269637167453766,-0.27071085572242737,-0.026297612383444857,0.04885445535182953,-0.32227206230163574,-0.034799039631565165,0.05287827551364899,-0.3659347891807556,-0.04116548624583061,0.0015242695808410645,-0.1866452693939209,-0.021097537397821498,0.002612560987472534,-0.26282376050949097,-0.031860366731365275,0.0038792192935943604,-0.3113151490688324,-0.040993988781650614,0.00543639063835144,-0.3515445590019226,-0.04771299314447219,-0.028972700238227844,-0.1666860580444336,-0.027972599759181094,-0.046290695667266846,-0.2192729115486145,-0.039541010081251216,-0.056674525141716,-0.25553715229034424,-0.04603538316436584,-0.06475837528705597,-0.288735568523407,-0.0502326081389981,0.16426245217716937,0.09255360229597497,0.037162812108056824,0.0,0.23201498242198615,0.17501255730243853,0.15673716258874795,0.22025758921570873,0.21051998009677755,0.2213005004787271,2
0.049590274691581726,-0.031225144863128662,-0.016300419613202166,0.08013950288295746,-0.0966184139251709,-0.021871645271261286,0.10237805545330048,-0.15176838636398315,-0.02716801156051929,0.13334684073925018,-0.17159128189086914,-0.032558907091100764,0.06441180408000946,-0.17537939548492432,-0.01358261265554006,0.08572913706302643,-0.24371075630187988,-0.026232537149866175,0.09816817939281464,-0.2877832055091858,-0.03652257499047096,0.10811923444271088,-0.32581397891044617,-0.04461982500501449,0.032459720969200134,-0.19031882286071777,-0.016139572753985476,0.04269637167453766,-0.27071085572242737,-0.026297612383444857,0.04885445535182953,-0.32227206230163574,-0.034799039631565165,0.05287827551364899,-0.3659347891807556,-0.04116548624583061,0.0015242695808410645,-0.1866452693939209,-0.021097537397821498,0.002612560987472534,-0.26282376050949097,-0.031860366731365275,0.0038792192935943604,-0.3113151490688324,-0.040993988781650614,0.00543639063835144,-0.3515445590019226,-0.04771299314447219,-0.028972700238227844,-0.1666860580444336,-0.027972599759181094,-0.046290695667266846,-0.2192729115486145,-0.039541010081251216,-0.056674525141716,-0.25553715229034424,-0.04603538316436584,-0.06475837528705597,-0.288735568523407,-0.0502326081389981,0.16426245217716937,0.09255360229597497,0.037162812108056824,0.0,0.23201498242198615,0.17501255730243853,0.15673716258874795,0.22025758921570873,0.21051998009677755,0.2213005004787271,2
0.049590274691581726,-0.031225144863128662,-0.016300419613202166,0.08013950288295746,-0.0966184139251709,-0.021871645271261286,0.10237805545330048,-0.15176838636398315,-0.02716801156051929,0.13334684073925018,-0.17159128189086914,-0.032558907091100764,0.06441180408000946,-0.17537939548492432,-0.01358261265554006,0.08572913706302643,-0.24371075630187988,-0.026232537149866175,0.09816817939281464,-0.2877832055091858,-0.03652257499047096,0.10811923444271088,-0.32581397891044617,-0.04461982500501449,0.032459720969200134,-0.19031882286071777,-0.016139572753985476,0.04269637167453766,-0.27071085572242737,-0.026297612383444857,0.04885445535182953,-0.32227206230163574,-0.034799039631565165,0.05287827551364899,-0.3659347891807556,-0.04116548624583061,0.0015242695808410645,-0.1866452693939209,-0.021097537397821498,0.002612560987472534,-0.26282376050949097,-0.031860366731365275,0.0038792192935943604,-0.3113151490688324,-0.040993988781650614,0.00543639063835144,-0.3515445590019226,-0.04771299314447219,-0.028972700238227844,-0.1666860580444336,-0.027972599759181094,-0.046290695667266846,-0.2192729115486145,-0.039541010081251216,-0.056674525141716,-0.25553715229034424,-0.04603538316436584,-0.06475837528705597,-0.288735568523407,-0.0502326081389981,0.16426245217716937,0.09255360229597497,0.037162812108056824,0.0,0.23201498242198615,0.17501255730243853,0.15673716258874795,0.22025758921570873,0.21051998009677755,0.2213005004787271,2
0.049590274691581726,-0.031225144863128662,-0.016300419613202166,0.08013950288295746,-0.0966184139251709,-0.021871645271261286,0.10237805545330048,-0.15176838636398315,-0.02716801156051929,0.13334684073925018,-0.17159128189086914,-0.032558907091100764,0.06441180408000946,-0.17537939548492432,-0.01358261265554006,0.08572913706302643,-0.24371075630187988,-0.026232537149866175,0.09816817939281464,-0.2877832055091858,-0.03652257499047096,0.10811923444271088,-0.32581397891044617,-0.04461982500501449,0.032459720969200134,-0.19031882286071777,-0.016139572753985476,0.04269637167453766,-0.27071085572242737,-0.026297612383444857,0.04885445535182953,-0.32227206230163574,-0.034799039631565165,0.05287827551364899,-0.3659347891807556,-0.04116548624583061,0.0015242695808410645,-0.1866452693939209,-0.021097537397821498,0.002612560987472534,-0.26282376050949097,-0.031860366731365275,0.0038792192935943604,-0.3113151490688324,-0.040993988781650614,0.00543639063835144,-0.3515445590019226,-0.04771299314447219,-0.028972700238227844,-0.1666860580444336,-0.027972599759181094,-0.046290695667266846,-0.2192729115486145,-0.039541010081251216,-0.056674525141716,-0.25553715229034424,-0.04603538316436584,-0.06475837528705597,-0.288735568523407,-0.0502326081389981,0.16426245217716937,0.09255360229597497,0.037162812108056824,0.0,0.23201498242198615,0.17501255730243853,0.15673716258874795,0.22025758921570873,0.21051998009677755,0.2213005004787271,2
0.049590274691581726,-0.031225144863128662,-0.016300419613202166,0.08013950288295746,-0.0966184139251709,-0.021871645271261286,0.10237805545330048,-0.15176838636398315,-0.02716801156051929,0.13334684073925018,-0.17159128189086914,-0.032558907091100764,0.06441180408000946,-0.17537939548492432,-0.01358261265554006,0.08572913706302643,-0.24371075630187988,-0.026232537149866175,0.09816817939281464,-0.2877832055091858,-0.03652257499047096,0.10811923444271088,-0.32581397891044617,-0.04461982500501449,0.032459720969200134,-0.19031882286071777,-0.016139572753985476,0.04269637167453766,-0.27071085572242737,-0.026297612383444857,0.04885445535182953,-0.32227206230163574,-0.034799039631565165,0.05287827551364899,-0.3659347891807556,-0.04116548624583061,0.0015242695808410645,-0.1866452693939209,-0.021097537397821498,0.002612560987472534,-0.26282376050949097,-0.031860366731365275,0.0038792192935943604,-0.3113151490688324,-0.040993988781650614,0.00543639063835144,-0.3515445590019226,-0.04771299314447219,-0.028972700238227844,-0.1666860580444336,-0.027972599759181094,-0.046290695667266846,-0.2192729115486145,-0.039541010081251216,-0.056674525141716,-0.25553715229034424,-0.04603538316436584,-0.06475837528705597,-0.288735568523407,-0.0502326081389981,0.16426245217716937,0.09255360229597497,0.037162812108056824,0.0,0.23201498242198615,0.17501255730243853,0.15673716258874795,0.22025758921570873,0.21051998009677755,0.2213005004787271,2
0.049590274691581726,-0.031225144863128662,-0.016300419613202166,0.08013950288295746,-0.0966184139251709,-0.021871645271261286,0.10237805545330048,-0.15176838636398315,-0.02716801156051929,0.13334684073925018,-0.17159128189086914,-0.032558907091100764,0.06441180408000946,-0.17537939548492432,-0.01358261265554006,0.08572913706302643,-0.24371075630187988,-0.026232537149866175,0.09816817939281464,-0.2877832055091858,-0.03652257499047096,0.10811923444271088,-0.32581397891044617,-0.04461982500501449,0.032459720969200134,-0.19031882286071777,-0.016139572753985476,0.04269637167453766,-0.27071085572242737,-0.026297612383444857,0.04885445535182953,-0.32227206230163574,-0.034799039631565165,0.05287827551364899,-0.3659347891807556,-0.04116548624583061,0.0015242695808410645,-0.1866452693939209,-0.021097537397821498,0.002612560987472534,-0.26282376050949097,-0.031860366731365275,0.0038792192935943604,-0.3113151490688324,-0.040993988781650614,0.00543639063835144,-0.3515445590019226,-0.04771299314447219,-0.028972700238227844,-0.1666860580444336,-0.027972599759181094,-0.046290695667266846,-0.2192729115486145,-0.039541010081251216,-0.056674525141716,-0.25553715229034424,-0.04603538316436584,-0.06475837528705597,-0.288735568523407,-0.0502326081389981,0.16426245217716937,0.09255360229597497,0.037162812108056824,0.0,0.23201498242198615,0.17501255730243853,0.15673716258874795,0.22025758921570873,0.21051998009677755,0.2213005004787271,2
0.049590274691581726,-0.031225144863128662,-0.016300419613202166,0.08013950288295746,-0.0966184139251709,-0.021871645271261286,0.10237805545330048,-0.15176838636398315,-0.02716801156051929,0.13334684073925018,-0.17159128189086914,-0.032558907091100764,0.06441180408000946,-0.17537939548492432,-0.01358261265554006,0.08572913706302643,-0.24371075630187988,-0.026232537149866175,0.09816817939281464,-0.2877832055091858,-0.03652257499047096,0.10811923444271088,-0.32581397891044617,-0.04461982500501449,0.032459720969200134,-0.19031882286071777,-0.016139572753985476,0.04269637167453766,-0.27071085572242737,-0.026297612383444857,0.04885445535182953,-0.32227206230163574,-0.034799039631565165,0.05287827551364899,-0.3659347891807556,-0.04116548624583061,0.0015242695808410645,-0.1866452693939209,-0.021097537397821498,0.002612560987472534,-0.26282376050949097,-0.031860366731365275,0.0038792192935943604,-0.3113151490688324,-0.040993988781650614,0.00543639063835144,-0.3515445590019226,-0.04771299314447219,-0.028972700238227844,-0.1666860580444336,-0.027972599759181094,-0.046290695667266846,-0.2192729115486145,-0.039541010081251216,-0.056674525141716,-0.25553715229034424,-0.04603538316436584,-0.06475837528705597,-0.288735568523407,-0.0502326081389981,0.16426245217716937,0.09255360229597497,0.037162812108056824,0.0,0.23201498242198615,0.17501255730243853,0.15673716258874795,0.22025758921570873,0.21051998009677755,0.2213005004787271,2
0.049590274691581726,-0.031225144863128662,-0.016300419613202166,0.08013950288295746,-0.0966184139251709,-0.021871645271261286,0.10237805545330048,-0.15176838636398315,-0.02716801156051929,0.13334684073925018,-0.17159128189086914,-0.032558907091100764,0.06441180408000946,-0.17537939548492432,-0.01358261265554006,0.08572913706302643,-0.24371075630187988,-0.026232537149866175,0.09816817939281464,-0.2877832055091858,-0.03652257499047096,0.10811923444271088,-0.32581397891044617,-0.04461982500501449,0.032459720969200134,-0.19031882286071777,-0.016139572753985476,0.04269637167453766,-0.27071085572242737,-0.026297612383444857,0.04885445535182953,-0.32227206230163574,-0.034799039631565165,0.05287827551364899,-0.3659347891807556,-0.04116548624583061,0.0015242695808410645,-0.1866452693939209,-0.021097537397821498,0.002612560987472534,-0.26282376050949097,-0.031860366731365275,0.0038792192935943604,-0.3113151490688324,-0.040993988781650614,0.00543639063835144,-0.3515445590019226,-0.04771299314447219,-0.028972700238227844,-0.1666860580444336,-0.027972599759181094,-0.046290695667266846,-0.2192729115486145,-0.039541010081251216,-0.056674525141716,-0.25553715229034424,-0.04603538316436584,-0.06475837528705597,-0.288735568523407,-0.0502326081389981,0.16426245217716937,0.09255360229597497,0.037162812108056824,0.0,0.23201498242198615,0.17501255730243853,0.15673716258874795,0.22025758921570873,0.21051998009677755,0.2213005004787271,2
0.049590274691581726,-0.031225144863128662,-0.016300419613202166,0.08013950288295746,-0.0966184139251709,-0.021871645271261286,0.10237805545330048,-0.15176838636398315,-0.02716801156051929,0.13334684073925018,-0.17159128189086914,-0.032558907091100764,0.06441180408000946,-0.17537939548492432,-0.01358261265554006,0.08572913706302643,-0.24371075630187988,-0.026232537149866175,0.09816817939281464,-0.2877832055091858,-0.03652257499047096,0.10811923444271088,-0.32581397891044617,-0.04461982500501449,0.032459720969200134,-0.19031882286071777,-0.016139572753985476,0.04269637167453766,-0.27071085572242737,-0.026297612383444857,0.04885445535182953,-0.32227206230163574,-0.034799039631565165,0.05287827551364899,-0.3659347891807556,-0.04116548624583061,0.0015242695808410645,-0.1866452693939209,-0.021097537397821498,0.002612560987472534,-0.26282376050949097,-0.031860366731365275,0.0038792192935943604,-0.3113151490688324,-0.040993988781650614,0.00543639063835144,-0.3515445590019226,-0.04771299314447219,-0.028972700238227844,-0.1666860580444336,-0.027972599759181094,-0.046290695667266846,-0.2192729115486145,-0.039541010081251216,-0.056674525141716,-0.25553715229034424,-0.04603538316436584,-0.06475837528705597,-0.288735568523407,-0.0502326081389981,0.16426245217716937,0.09255360229597497,0.037162812108056824,0.0,0.23201498242198615,0.17501255730243853,0.15673716258874795,0.22025758921570873,0.21051998009677755,0.2213005004787271,2
0.049590274691581726,-0.031225144863128662,-0.016300419613202166,0.08013950288295746,-0.0966184139251709,-0.021871645271261286,0.10237805545330048,-0.15176838636398315,-0.02716801156051929,0.13334684073925018,-0.17159128189086914,-0.032558907091100764,0.06441180408000946,-0.17537939548492432,-0.01358261265554006,0.08572913706302643,-0.24371075630187988,-0.026232537149866175,0.09816817939281464,-0.2877832055091858,-0.03652257499047096,0.10811923444271088,-0.32581397891044617,-0.04461982500501449,0.032459720969200134,-0.19031882286071777,-0.016139572753985476,0.04269637167453766,-0.27071085572242737,-0.026297612383444857,0.04885445535182953,-0.32227206230163574,-0.034799039631565165,0.05287827551364899,-0.3659347891807556,-0.04116548624583061,0.0015242695808410645,-0.1866452693939209,-0.021097537397821498,0.002612560987472534,-0.26282376050949097,-0.031860366731365275,0.0038792192935943604,-0.3113151490688324,-0.040993988781650614,0.00543639063835144,-0.3515445590019226,-0.04771299314447219,-0.028972700238227844,-0.1666860580444336,-0.027972599759181094,-0.046290695667266846,-0.2192729115486145,-0.039541010081251216,-0.056674525141716,-0.25553715229034424,-0.04603538316436584,-0.06475837528705597,-0.288735568523407,-0.0502326081389981,0.16426245217716937,0.09255360229597497,0.037162812108056824,0.0,0.23201498242198615,0.17501255730243853,0.15673716258874795,0.22025758921570873,0.21051998009677755,0.2213005004787271,2
0.049590274691581726,-0.031225144863128662,-0.016300419613202166,0.08013950288295746,-0.0966184139251709,-0.021871645271261286,0.10237805545330048,-0.15176838636398315,-0.02716801156051929,0.13334684073925018,-0.17159128189086914,-0.032558907091100764,0.06441180408000946,-0.17537939548492432,-0.01358261265554006,0.08572913706302643,-0.24371075630187988,-0.026232537149866175,0.09816817939281464,-0.2877832055091858,-0.03652257499047096,0.10811923444271088,-0.32581397891044617,-0.04461982500501449,0.032459720969200134,-0.19031882286071777,-0.016139572753985476,0.04269637167453766,-0.27071085572242737,-0.026297612383444857,0.04885445535182953,-0.32227206230163574,-0.034799039631565165,0.05287827551364899,-0.3659347891807556,-0.04116548624583061,0.0015242695808410645,-0.1866452693939209,-0.021097537397821498,0.002612560987472534,-0.26282376050949097,-0.031860366731365275,0.0038792192935943604,-0.3113151490688324,-0.040993988781650614,0.00543639063835144,-0.3515445590019226,-0.04771299314447219,-0.028972700238227844,-0.1666860580444336,-0.027972599759181094,-0.046290695667266846,-0.2192729115486145,-0.039541010081251216,-0.056674525141716,-0.25553715229034424,-0.04603538316436584,-0.06475837528705597,-0.288735568523407,-0.0502326081389981,0.16426245217716937,0.09255360229597497,0.037162812108056824,0.0,0.23201498242198615,0.17501255730243853,0.15673716258874795,0.22025758921570873,0.21051998009677755,0.2213005004787271,2
0.049590274691581726,-0.031225144863128662,-0.016300419613202166,0.08013950288295746,-0.0966184139251709,-0.021871645271261286,0.10237805545330048,-0.15176838636398315,-0.02716801156051929,0.13334684073925018,-0.17159128189086914,-0.032558907091100764,0.06441180408000946,-0.17537939548492432,-0.01358261265554006,0.08572913706302643,-0.24371075630187988,-0.026232537149866175,0.09816817939281464,-0.2877832055091858,-0.03652257499047096,0.10811923444271088,-0.32581397891044617,-0.04461982500501449,0.032459720969200134,-0.19031882286071777,-0.016139572753985476,0.04269637167453766,-0.27071085572242737,-0.026297612383444857,0.04885445535182953,-0.32227206230163574,-0.034799039631565165,0.05287827551364899,-0.3659347891807556,-0.04116548624583061,0.0015242695808410645,-0.1866452693939209,-0.021097537397821498,0.002612560987472534,-0.26282376050949097,-0.031860366731365275,0.0038792192935943604,-0.3113151490688324,-0.040993988781650614,0.00543639063835144,-0.3515445590019226,-0.04771299314447219,-0.028972700238227844,-0.1666860580444336,-0.027972599759181094,-0.046290695667266846,-0.2192729115486145,-0.039541010081251216,-0.056674525141716,-0.25553715229034424,-0.04603538316436584,-0.06475837528705597,-0.288735568523407,-0.0502326081389981,0.16426245217716937,0.09255360229597497,0.037162812108056824,0.0,0.23201498242198615,0.17501255730243853,0.15673716258874795,0.22025758921570873,0.21051998009677755,0.2213005004787271,2
0.049590274691581726,-0.031225144863128662,-0.016300419613202166,0.08013950288295746,-0.0966184139251709,-0.021871645271261286,0.10237805545330048,-0.15176838636398315,-0.02716801156051929,0.13334684073925018,-0.17159128189086914,-0.032558907091100764,0.06441180408000946,-0.17537939548492432,-0.01358261265554006,0.08572913706302643,-0.24371075630187988,-0.026232537149866175,0.09816817939281464,-0.2877832055091858,-0.03652257499047096,0.10811923444271088,-0.32581397891044617,-0.04461982500501449,0.032459720969200134,-0.19031882286071777,-0.016139572753985476,0.04269637167453766,-0.27071085572242737,-0.026297612383444857,0.04885445535182953,-0.32227206230163574,-0.034799039631565165,0.05287827551364899,-0.3659347891807556,-0.04116548624583061,0.0015242695808410645,-0.1866452693939209,-0.021097537397821498,0.002612560987472534,-0.26282376050949097,-0.031860366731365275,0.0038792192935943604,-0.3113151490688324,-0.040993988781650614,0.00543639063835144,-0.3515445590019226,-0.04771299314447219,-0.028972700238227844,-0.1666860580444336,-0.027972599759181094,-0.046290695667266846,-0.2192729115486145,-0.039541010081251216,-0.056674525141716,-0.25553715229034424,-0.04603538316436584,-0.06475837528705597,-0.288735568523407,-0.0502326081389981,0.16426245217716937,0.09255360229597497,0.037162812108056824,0.0,0.23201498242198615,0.17501255730243853,0.15673716258874795,0.22025758921570873,0.21051998009677755,0.2213005004787271,2
0.049590274691581726,-0.031225144863128662,-0.016300419613202166,0.08013950288295746,-0.0966184139251709,-0.021871645271261286,0.10237805545330048,-0.15176838636398315,-0.02716801156051929,0.13334684073925018,-0.17159128189086914,-0.032558907091100764,0.06441180408000946,-0.17537939548492432,-0.01358261265554006,0.08572913706302643,-0.24371075630187988,-0.026232537149866175,0.09816817939281464,-0.2877832055091858,-0.03652257499047096,0.10811923444271088,-0.32581397891044617,-0.04461982500501449,0.032459720969200134,-0.19031882286071777,-0.016139572753985476,0.04269637167453766,-0.27071085572242737,-0.026297612383444857,0.04885445535182953,-0.32227206230163574,-0.034799039631565165,0.05287827551364899,-0.3659347891807556,-0.04116548624583061,0.0015242695808410645,-0.1866452693939209,-0.021097537397821498,0.002612560987472534,-0.26282376050949097,-0.031860366731365275,0.0038792192935943604,-0.3113151490688324,-0.040993988781650614,0.00543639063835144,-0.3515445590019226,-0.04771299314447219,-0.028972700238227844,-0.1666860580444336,-0.027972599759181094,-0.046290695667266846,-0.2192729115486145,-0.039541010081251216,-0.056674525141716,-0.25553715229034424,-0.04603538316436584,-0.06475837528705597,-0.288735568523407,-0.0502326081389981,0.16426245217716937,0.09255360229597497,0.037162812108056824,0.0,0.23201498242198615,0.17501255730243853,0.15673716258874795,0.22025758921570873,0.21051998009677755,0.2213005004787271,2
0.049590274691581726,-0.031225144863128662,-0.016300419613202166,0.08013950288295746,-0.0966184139251709,-0.021871645271261286,0.10237805545330048,-0.15176838636398315,-0.02716801156051929,0.13334684073925018,-0.17159128189086914,-0.032558907091100764,0.06441180408000946,-0.17537939548492432,-0.01358261265554006,0.08572913706302643,-0.24371075630187988,-0.026232537149866175,0.09816817939281464,-0.2877832055091858,-0.03652257499047096,0.10811923444271088,-0.32581397891044617,-0.04461982500501449,0.032459720969200134,-0.19031882286071777,-0.016139572753985476,0.04269637167453766,-0.27071085572242737,-0.026297612383444857,0.04885445535182953,-0.32227206230163574,-0.034799039631565165,0.05287827551364899,-0.3659347891807556,-0.04116548624583061,0.0015242695808410645,-0.1866452693939209,-0.021097537397821498,0.002612560987472534,-0.26282376050949097,-0.031860366731365275,0.0038792192935943604,-0.3113151490688324,-0.040993988781650614,0.00543639063835144,-0.3515445590019226,-0.04771299314447219,-0.028972700238227844,-0.1666860580444336,-0.027972599759181094,-0.046290695667266846,-0.2192729115486145,-0.039541010081251216,-0.056674525141716,-0.25553715229034424,-0.04603538316436584,-0.06475837528705597,-0.288735568523407,-0.0502326081389981,0.16426245217716937,0.09255360229597497,0.037162812108056824,0.0,0.23201498242198615,0.17501255730243853,0.15673716258874795,0.22025758921570873,0.21051998009677755,0.2213005004787271,2
0.049590274691581726,-0.031225144863128662,-0.016300419613202166,0.08013950288295746,-0.0966184139251709,-0.021871645271261286,0.10237805545330048,-0.15176838636398315,-0.02716801156051929,0.13334684073925018,-0.17159128189086914,-0.032558907091100764,0.06441180408000946,-0.17537939548492432,-0.01358261265554006,0.08572913706302643,-0.24371075630187988,-0.026232537149866175,0.09816817939281464,-0.2877832055091858,-0.03652257499047096,0.10811923444271088,-0.32581397891044617,-0.04461982500501449,0.032459720969200134,-0.19031882286071777,-0.016139572753985476,0.04269637167453766,-0.27071085572242737,-0.026297612383444857,0.04885445535182953,-0.32227206230163574,-0.034799039631565165,0.05287827551364899,-0.3659347891807556,-0.04116548624583061,0.0015242695808410645,-0.1866452693939209,-0.021097537397821498,0.002612560987472534,-0.26282376050949097,-0.031860366731365275,0.0038792192935943604,-0.3113151490688324,-0.040993988781650614,0.00543639063835144,-0.3515445590019226,-0.04771299314447219,-0.028972700238227844,-0.1666860580444336,-0.027972599759181094,-0.046290695667266846,-0.2192729115486145,-0.039541010081251216,-0.056674525141716,-0.25553715229034424,-0.04603538316436584,-0.06475837528705597,-0.288735568523407,-0.0502326081389981,0.16426245217716937,0.09255360229597497,0.037162812108056824,0.0,0.23201498242198615,0.17501255730243853,0.15673716258874795,0.22025758921570873,0.21051998009677755,0.2213005004787271,2
0.049590274691581726,-0.031225144863128662,-0.016300419613202166,0.08013950288295746,-0.0966184139251709,-0.021871645271261286,0.10237805545330048,-0.15176838636398315,-0.02716801156051929,0.13334684073925018,-0.17159128189086914,-0.032558907091100764,0.06441180408000946,-0.17537939548492432,-0.01358261265554006,0.08572913706302643,-0.24371075630187988,-0.026232537149866175,0.09816817939281464,-0.2877832055091858,-0.03652257499047096,0.10811923444271088,-0.32581397891044617,-0.04461982500501449,0.032459720969200134,-0.19031882286071777,-0.016139572753985476,0.04269637167453766,-0.27071085572242737,-0.026297612383444857,0.04885445535182953,-0.32227206230163574,-0.034799039631565165,0.05287827551364899,-0.3659347891807556,-0.04116548624583061,0.0015242695808410645,-0.1866452693939209,-0.021097537397821498,0.002612560987472534,-0.26282376050949097,-0.031860366731365275,0.0038792192935943604,-0.3113151490688324,-0.040993988781650614,0.00543639063835144,-0.3515445590019226,-0.04771299314447219,-0.028972700238227844,-0.1666860580444336,-0.027972599759181094,-0.046290695667266846,-0.2192729115486145,-0.039541010081251216,-0.056674525141716,-0.25553715229034424,-0.04603538316436584,-0.06475837528705597,-0.288735568523407,-0.0502326081389981,0.16426245217716937,0.09255360229597497,0.037162812108056824,0.0,0.23201498242198615,0.17501255730243853,0.15673716258874795,0.22025758921570873,0.21051998009677755,0.2213005004787271,2
0.049590274691581726,-0.031225144863128662,-0.016300419613202166,0.08013950288295746,-0.0966184139251709,-0.021871645271261286,0.10237805545330048,-0.15176838636398315,-0.02716801156051929,0.13334684073925018,-0.17159128189086914,-0.032558907091100764,0.06441180408000946,-0.17537939548492432,-0.01358261265554006,0.08572913706302643,-0.24371075630187988,-0.026232537149866175,0.09816817939281464,-0.2877832055091858,-0.03652257499047096,0.10811923444271088,-0.32581397891044617,-0.04461982500501449,0.032459720969200134,-0.19031882286071777,-0.016139572753985476,0.04269637167453766,-0.27071085572242737,-0.026297612383444857,0.04885445535182953,-0.32227206230163574,-0.034799039631565165,0.05287827551364899,-0.3659347891807556,-0.04116548624583061,0.0015242695808410645,-0.1866452693939209,-0.021097537397821498,0.002612560987472534,-0.26282376050949097,-0.031860366731365275,0.0038792192935943604,-0.3113151490688324,-0.040993988781650614,0.00543639063835144,-0.3515445590019226,-0.04771299314447219,-0.028972700238227844,-0.1666860580444336,-0.027972599759181094,-0.046290695667266846,-0.2192729115486145,-0.039541010081251216,-0.056674525141716,-0.25553715229034424,-0.04603538316436584,-0.06475837528705597,-0.288735568523407,-0.0502326081389981,0.16426245217716937,0.09255360229597497,0.037162812108056824,0.0,0.23201498242198615,0.17501255730243853,0.15673716258874795,0.22025758921570873,0.21051998009677755,0.2213005004787271,2
0.049590274691581726,-0.031225144863128662,-0.016300419613202166,0.08013950288295746,-0.0966184139251709,-0.021871645271261286,0.10237805545330048,-0.15176838636398315,-0.02716801156051929,0.13334684073925018,-0.17159128189086914,-0.032558907091100764,0.06441180408000946,-0.17537939548492432,-0.01358261265554006,0.08572913706302643,-0.24371075630187988,-0.026232537149866175,0.09816817939281464,-0.2877832055091858,-0.03652257499047096,0.10811923444271088,-0.32581397891044617,-0.04461982500501449,0.032459720969200134,-0.19031882286071777,-0.016139572753985476,0.04269637167453766,-0.27071085572242737,-0.026297612383444857,0.04885445535182953,-0.32227206230163574,-0.034799039631565165,0.05287827551364899,-0.3659347891807556,-0.04116548624583061,0.0015242695808410645,-0.1866452693939209,-0.021097537397821498,0.002612560987472534,-0.26282376050949097,-0.031860366731365275,0.0038792192935943604,-0.3113151490688324,-0.040993988781650614,0.00543639063835144,-0.3515445590019226,-0.04771299314447219,-0.028972700238227844,-0.1666860580444336,-0.027972599759181094,-0.046290695667266846,-0.2192729115486145,-0.039541010081251216,-0.056674525141716,-0.25553715229034424,-0.04603538316436584,-0.06475837528705597,-0.288735568523407,-0.0502326081389981,0.16426245217716937,0.09255360229597497,0.037162812108056824,0.0,0.23201498242198615,0.17501255730243853,0.15673716258874795,0.22025758921570873,0.21051998009677755,0.2213005004787271,2
0.049590274691581726,-0.031225144863128662,-0.016300419613202166,0.08013950288295746,-0.0966184139251709,-0.021871645271261286,0.10237805545330048,-0.15176838636398315,-0.02716801156051929,0.13334684073925018,-0.17159128189086914,-0.032558907091100764,0.06441180408000946,-0.17537939548492432,-0.01358261265554006,0.08572913706302643,-0.24371075630187988,-0.026232537149866175,0.09816817939281464,-0.2877832055091858,-0.03652257499047096,0.10811923444271088,-0.32581397891044617,-0.04461982500501449,0.032459720969200134,-0.19031882286071777,-0.016139572753985476,0.04269637167453766,-0.27071085572242737,-0.026297612383444857,0.04885445535182953,-0.32227206230163574,-0.034799039631565165,0.05287827551364899,-0.3659347891807556,-0.04116548624583061,0.0015242695808410645,-0.1866452693939209,-0.021097537397821498,0.002612560987472534,-0.26282376050949097,-0.031860366731365275,0.0038792192935943604,-0.3113151490688324,-0.040993988781650614,0.00543639063835144,-0.3515445590019226,-0.04771299314447219,-0.028972700238227844,-0.1666860580444336,-0.027972599759181094,-0.046290695667266846,-0.2192729115486145,-0.039541010081251216,-0.056674525141716,-0.25553715229034424,-0.04603538316436584,-0.06475837528705597,-0.288735568523407,-0.0502326081389981,0.16426245217716937,0.09255360229597497,0.037162812108056824,0.0,0.23201498242198615,0.17501255730243853,0.15673716258874795,0.22025758921570873,0.21051998009677755,0.2213005004787271,2
0.049590274691581726,-0.031225144863128662,-0.016300419613202166,0.08013950288295746,-0.0966184139251709,-0.021871645271261286,0.10237805545330048,-0.15176838636398315,-0.02716801156051929,0.13334684073925018,-0.17159128189086914,-0.032558907091100764,0.06441180408000946,-0.17537939548492432,-0.01358261265554006,0.08572913706302643,-0.24371075630187988,-0.026232537149866175,0.09816817939281464,-0.2877832055091858,-0.03652257499047096,0.10811923444271088,-0.32581397891044617,-0.04461982500501449,0.032459720969200134,-0.19031882286071777,-0.016139572753985476,0.04269637167453766,-0.27071085572242737,-0.026297612383444857,0.04885445535182953,-0.32227206230163574,-0.034799039631565165,0.05287827551364899,-0.3659347891807556,-0.04116548624583061,0.0015242695808410645,-0.1866452693939209,-0.021097537397821498,0.002612560987472534,-0.26282376050949097,-0.031860366731365275,0.0038792192935943604,-0.3113151490688324,-0.040993988781650614,0.00543639063835144,-0.3515445590019226,-0.04771299314447219,-0.028972700238227844,-0.1666860580444336,-0.027972599759181094,-0.046290695667266846,-0.2192729115486145,-0.039541010081251216,-0.056674525141716,-0.25553715229034424,-0.04603538316436584,-0.06475837528705597,-0.288735568523407,-0.0502326081389981,0.16426245217716937,0.09255360229597497,0.037162812108056824,0.0,0.23201498242198615,0.17501255730243853,0.15673716258874795,0.22025758921570873,0.21051998009677755,0.2213005004787271,2
0.049590274691581726,-0.031225144863128662,-0.016300419613202166,0.08013950288295746,-0.0966184139251709,-0.021871645271261286,0.10237805545330048,-0.15176838636398315,-0.02716801156051929,0.13334684073925018,-0.17159128189086914,-0.032558907091100764,0.06441180408000946,-0.17537939548492432,-0.01358261265554006,0.08572913706302643,-0.24371075630187988,-0.026232537149866175,0.09816817939281464,-0.2877832055091858,-0.03652257499047096,0.10811923444271088,-0.32581397891044617,-0.04461982500501449,0.032459720969200134,-0.19031882286071777,-0.016139572753985476,0.04269637167453766,-0.27071085572242737,-0.026297612383444857,0.04885445535182953,-0.32227206230163574,-0.034799039631565165,0.05287827551364899,-0.3659347891807556,-0.04116548624583061,0.0015242695808410645,-0.1866452693939209,-0.021097537397821498,0.002612560987472534,-0.26282376050949097,-0.031860366731365275,0.0038792192935943604,-0.3113151490688324,-0.040993988781650614,0.00543639063835144,-0.3515445590019226,-0.04771299314447219,-0.028972700238227844,-0.1666860580444336,-0.027972599759181094,-0.046290695667266846,-0.2192729115486145,-0.039541010081251216,-0.056674525141716,-0.25553715229034424,-0.04603538316436584,-0.06475837528705597,-0.288735568523407,-0.0502326081389981,0.16426245217716937,0.09255360229597497,0.037162812108056824,0.0,0.23201498242198615,0.17501255730243853,0.15673716258874795,0.22025758921570873,0.21051998009677755,0.2213005004787271,2
0.049590274691581726,-0.031225144863128662,-0.016300419613202166,0.08013950288295746,-0.0966184139251709,-0.021871645271261286,0.10237805545330048,-0.15176838636398315,-0.02716801156051929,0.13334684073925018,-0.17159128189086914,-0.032558907091100764,0.06441180408000946,-0.17537939548492432,-0.01358261265554006,0.08572913706302643,-0.24371075630187988,-0.026232537149866175,0.09816817939281464,-0.2877832055091858,-0.03652257499047096,0.10811923444271088,-0.32581397891044617,-0.04461982500501449,0.032459720969200134,-0.19031882286071777,-0.016139572753985476,0.04269637167453766,-0.27071085572242737,-0.026297612383444857,0.04885445535182953,-0.32227206230163574,-0.034799039631565165,0.05287827551364899,-0.3659347891807556,-0.04116548624583061,0.0015242695808410645,-0.1866452693939209,-0.021097537397821498,0.002612560987472534,-0.26282376050949097,-0.031860366731365275,0.0038792192935943604,-0.3113151490688324,-0.040993988781650614,0.00543639063835144,-0.3515445590019226,-0.04771299314447219,-0.028972700238227844,-0.1666860580444336,-0.027972599759181094,-0.046290695667266846,-0.2192729115486145,-0.039541010081251216,-0.056674525141716,-0.25553715229034424,-0.04603538316436584,-0.06475837528705597,-0.288735568523407,-0.0502326081389981,0.16426245217716937,0.09255360229597497,0.037162812108056824,0.0,0.23201498242198615,0.17501255730243853,0.15673716258874795,0.22025758921570873,0.21051998009677755,0.2213005004787271,2
0.049590274691581726,-0.031225144863128662,-0.016300419613202166,0.08013950288295746,-0.0966184139251709,-0.021871645271261286,0.10237805545330048,-0.15176838636398315,-0.02716801156051929,0.13334684073925018,-0.17159128189086914,-0.032558907091100764,0.06441180408000946,-0.17537939548492432,-0.01358261265554006,0.08572913706302643,-0.24371075630187988,-0.026232537149866175,0.09816817939281464,-0.2877832055091858,-0.03652257499047096,0.10811923444271088,-0.32581397891044617,-0.04461982500501449,0.032459720969200134,-0.19031882286071777,-0.016139572753985476,0.04269637167453766,-0.27071085572242737,-0.026297612383444857,0.04885445535182953,-0.32227206230163574,-0.034799039631565165,0.05287827551364899,-0.3659347891807556,-0.04116548624583061,0.0015242695808410645,-0.1866452693939209,-0.021097537397821498,0.002612560987472534,-0.26282376050949097,-0.031860366731365275,0.0038792192935943604,-0.3113151490688324,-0.040993988781650614,0.00543639063835144,-0.3515445590019226,-0.04771299314447219,-0.028972700238227844,-0.1666860580444336,-0.027972599759181094,-0.046290695667266846,-0.2192729115486145,-0.039541010081251216,-0.056674525141716,-0.25553715229034424,-0.04603538316436584,-0.06475837528705597,-0.288735568523407,-0.0502326081389981,0.16426245217716937,0.09255360229597497,0.037162812108056824,0.0,0.23201498242198615,0.17501255730243853,0.15673716258874795,0.22025758921570873,0.21051998009677755,0.2213005004787271,2
0.049590274691581726,-0.031225144863128662,-0.016300419613202166,0.08013950288295746,-0.0966184139251709,-0.021871645271261286,0.10237805545330048,-0.15176838636398315,-0.02716801156051929,0.13334684073925018,-0.17159128189086914,-0.032558907091100764,0.06441180408000946,-0.17537939548492432,-0.01358261265554006,0.08572913706302643,-0.24371075630187988,-0.026232537149866175,0.09816817939281464,-0.2877832055091858,-0.03652257499047096,0.10811923444271088,-0.32581397891044617,-0.04461982500501449,0.032459720969200134,-0.19031882286071777,-0.016139572753985476,0.04269637167453766,-0.27071085572242737,-0.026297612383444857,0.04885445535182953,-0.32227206230163574,-0.034799039631565165,0.05287827551364899,-0.3659347891807556,-0.04116548624583061,0.0015242695808410645,-0.1866452693939209,-0.021097537397821498,0.002612560987472534,-0.26282376050949097,-0.031860366731365275,0.0038792192935943604,-0.3113151490688324,-0.040993988781650614,0.00543639063835144,-0.3515445590019226,-0.04771299314447219,-0.028972700238227844,-0.1666860580444336,-0.027972599759181094,-0.046290695667266846,-0.2192729115486145,-0.039541010081251216,-0.056674525141716,-0.25553715229034424,-0.04603538316436584,-0.06475837528705597,-0.288735568523407,-0.0502326081389981,0.16426245217716937,0.09255360229597497,0.037162812108056824,0.0,0.23201498242198615,0.17501255730243853,0.15673716258874795,0.22025758921570873,0.21051998009677755,0.2213005004787271,2
0.049590274691581726,-0.031225144863128662,-0.016300419613202166,0.08013950288295746,-0.0966184139251709,-0.021871645271261286,0.10237805545330048,-0.15176838636398315,-0.02716801156051929,0.13334684073925018,-0.17159128189086914,-0.032558907091100764,0.06441180408000946,-0.17537939548492432,-0.01358261265554006,0.08572913706302643,-0.24371075630187988,-0.026232537149866175,0.09816817939281464,-0.2877832055091858,-0.03652257499047096,0.10811923444271088,-0.32581397891044617,-0.04461982500501449,0.032459720969200134,-0.19031882286071777,-0.016139572753985476,0.04269637167453766,-0.27071085572242737,-0.026297612383444857,0.04885445535182953,-0.32227206230163574,-0.034799039631565165,0.05287827551364899,-0.3659347891807556,-0.04116548624583061,0.0015242695808410645,-0.1866452693939209,-0.021097537397821498,0.002612560987472534,-0.26282376050949097,-0.031860366731365275,0.0038792192935943604,-0.3113151490688324,-0.040993988781650614,0.00543639063835144,-0.3515445590019226,-0.04771299314447219,-0.028972700238227844,-0.1666860580444336,-0.027972599759181094,-0.046290695667266846,-0.2192729115486145,-0.039541010081251216,-0.056674525141716,-0.25553715229034424,-0.04603538316436584,-0.06475837528705597,-0.288735568523407,-0.0502326081389981,0.16426245217716937,0.09255360229597497,0.037162812108056824,0.0,0.23201498242198615,0.17501255730243853,0.15673716258874795,0.22025758921570873,0.21051998009677755,0.2213005004787271,2
0.049590274691581726,-0.031225144863128662,-0.016300419613202166,0.08013950288295746,-0.0966184139251709,-0.021871645271261286,0.10237805545330048,-0.15176838636398315,-0.02716801156051929,0.13334684073925018,-0.17159128189086914,-0.032558907091100764,0.06441180408000946,-0.17537939548492432,-0.01358261265554006,0.08572913706302643,-0.24371075630187988,-0.026232537149866175,0.09816817939281464,-0.2877832055091858,-0.03652257499047096,0.10811923444271088,-0.32581397891044617,-0.04461982500501449,0.032459720969200134,-0.19031882286071777,-0.016139572753985476,0.04269637167453766,-0.27071085572242737,-0.026297612383444857,0.04885445535182953,-0.32227206230163574,-0.034799039631565165,0.05287827551364899,-0.3659347891807556,-0.04116548624583061,0.0015242695808410645,-0.1866452693939209,-0.021097537397821498,0.002612560987472534,-0.26282376050949097,-0.031860366731365275,0.0038792192935943604,-0.3113151490688324,-0.040993988781650614,0.00543639063835144,-0.3515445590019226,-0.04771299314447219,-0.028972700238227844,-0.1666860580444336,-0.027972599759181094,-0.046290695667266846,-0.2192729115486145,-0.039541010081251216,-0.056674525141716,-0.25553715229034424,-0.04603538316436584,-0.06475837528705597,-0.288735568523407,-0.0502326081389981,0.16426245217716937,0.09255360229597497,0.037162812108056824,0.0,0.23201498242198615,0.17501255730243853,0.15673716258874795,0.22025758921570873,0.21051998009677755,0.2213005004787271,2
0.049590274691581726,-0.031225144863128662,-0.016300419613202166,0.08013950288295746,-0.0966184139251709,-0.021871645271261286,0.10237805545330048,-0.15176838636398315,-0.02716801156051929,0.13334684073925018,-0.17159128189086914,-0.032558907091100764,0.06441180408000946,-0.17537939548492432,-0.01358261265554006,0.08572913706302643,-0.24371075630187988,-0.026232537149866175,0.09816817939281464,-0.2877832055091858,-0.03652257499047096,0.10811923444271088,-0.32581397891044617,-0.04461982500501449,0.032459720969200134,-0.19031882286071777,-0.016139572753985476,0.04269637167453766,-0.27071085572242737,-0.026297612383444857,0.04885445535182953,-0.32227206230163574,-0.034799039631565165,0.05287827551364899,-0.3659347891807556,-0.04116548624583061,0.0015242695808410645,-0.1866452693939209,-0.021097537397821498,0.002612560987472534,-0.26282376050949097,-0.031860366731365275,0.0038792192935943604,-0.3113151490688324,-0.040993988781650614,0.00543639063835144,-0.3515445590019226,-0.04771299314447219,-0.028972700238227844,-0.1666860580444336,-0.027972599759181094,-0.046290695667266846,-0.2192729115486145,-0.039541010081251216,-0.056674525141716,-0.25553715229034424,-0.04603538316436584,-0.06475837528705597,-0.288735568523407,-0.0502326081389981,0.16426245217716937,0.09255360229597497,0.037162812108056824,0.0,0.23201498242198615,0.17501255730243853,0.15673716258874795,0.22025758921570873,0.21051998009677755,0.2213005004787271,2
0.049590274691581726,-0.031225144863128662,-0.016300419613202166,0.08013950288295746,-0.0966184139251709,-0.021871645271261286,0.10237805545330048,-0.15176838636398315,-0.02716801156051929,0.13334684073925018,-0.17159128189086914,-0.032558907091100764,0.06441180408000946,-0.17537939548492432,-0.01358261265554006,0.08572913706302643,-0.24371075630187988,-0.026232537149866175,0.09816817939281464,-0.2877832055091858,-0.03652257499047096,0.10811923444271088,-0.32581397891044617,-0.04461982500501449,0.032459720969200134,-0.19031882286071777,-0.016139572753985476,0.04269637167453766,-0.27071085572242737,-0.026297612383444857,0.04885445535182953,-0.32227206230163574,-0.034799039631565165,0.05287827551364899,-0.3659347891807556,-0.04116548624583061,0.0015242695808410645,-0.1866452693939209,-0.021097537397821498,0.002612560987472534,-0.26282376050949097,-0.031860366731365275,0.0038792192935943604,-0.3113151490688324,-0.040993988781650614,0.00543639063835144,-0.3515445590019226,-0.04771299314447219,-0.028972700238227844,-0.1666860580444336,-0.027972599759181094,-0.046290695667266846,-0.2192729115486145,-0.039541010081251216,-0.056674525141716,-0.25553715229034424,-0.04603538316436584,-0.06475837528705597,-0.288735568523407,-0.0502326081389981,0.16426245217716937,0.09255360229597497,0.037162812108056824,0.0,0.23201498242198615,0.17501255730243853,0.15673716258874795,0.22025758921570873,0.21051998009677755,0.2213005004787271,2
0.049590274691581726,-0.031225144863128662,-0.016300419613202166,0.08013950288295746,-0.0966184139251709,-0.021871645271261286,0.10237805545330048,-0.15176838636398315,-0.02716801156051929,0.13334684073925018,-0.17159128189086914,-0.032558907091100764,0.06441180408000946,-0.17537939548492432,-0.01358261265554006,0.08572913706302643,-0.24371075630187988,-0.026232537149866175,0.09816817939281464,-0.2877832055091858,-0.03652257499047096,0.10811923444271088,-0.32581397891044617,-0.04461982500501449,0.032459720969200134,-0.19031882286071777,-0.016139572753985476,0.04269637167453766,-0.27071085572242737,-0.026297612383444857,0.04885445535182953,-0.32227206230163574,-0.034799039631565165,0.05287827551364899,-0.3659347891807556,-0.04116548624583061,0.0015242695808410645,-0.1866452693939209,-0.021097537397821498,0.002612560987472534,-0.26282376050949097,-0.031860366731365275,0.0038792192935943604,-0.3113151490688324,-0.040993988781650614,0.00543639063835144,-0.3515445590019226,-0.04771299314447219,-0.028972700238227844,-0.1666860580444336,-0.027972599759181094,-0.046290695667266846,-0.2192729115486145,-0.039541010081251216,-0.056674525141716,-0.25553715229034424,-0.04603538316436584,-0.06475837528705597,-0.288735568523407,-0.0502326081389981,0.16426245217716937,0.09255360229597497,0.037162812108056824,0.0,0.23201498242198615,0.17501255730243853,0.15673716258874795,0.22025758921570873,0.21051998009677755,0.2213005004787271,2
0.049590274691581726,-0.031225144863128662,-0.016300419613202166,0.08013950288295746,-0.0966184139251709,-0.021871645271261286,0.10237805545330048,-0.15176838636398315,-0.02716801156051929,0.13334684073925018,-0.17159128189086914,-0.032558907091100764,0.06441180408000946,-0.17537939548492432,-0.01358261265554006,0.08572913706302643,-0.24371075630187988,-0.026232537149866175,0.09816817939281464,-0.2877832055091858,-0.03652257499047096,0.10811923444271088,-0.32581397891044617,-0.04461982500501449,0.032459720969200134,-0.19031882286071777,-0.016139572753985476,0.04269637167453766,-0.27071085572242737,-0.026297612383444857,0.04885445535182953,-0.32227206230163574,-0.034799039631565165,0.05287827551364899,-0.3659347891807556,-0.04116548624583061,0.0015242695808410645,-0.1866452693939209,-0.021097537397821498,0.002612560987472534,-0.26282376050949097,-0.031860366731365275,0.0038792192935943604,-0.3113151490688324,-0.040993988781650614,0.00543639063835144,-0.3515445590019226,-0.04771299314447219,-0.028972700238227844,-0.1666860580444336,-0.027972599759181094,-0.046290695667266846,-0.2192729115486145,-0.039541010081251216,-0.056674525141716,-0.25553715229034424,-0.04603538316436584,-0.06475837528705597,-0.288735568523407,-0.0502326081389981,0.16426245217716937,0.09255360229597497,0.037162812108056824,0.0,0.23201498242198615,0.17501255730243853,0.15673716258874795,0.22025758921570873,0.21051998009677755,0.2213005004787271,2
0.049590274691581726,-0.031225144863128662,-0.016300419613202166,0.08013950288295746,-0.0966184139251709,-0.021871645271261286,0.10237805545330048,-0.15176838636398315,-0.02716801156051929,0.13334684073925018,-0.17159128189086914,-0.032558907091100764,0.06441180408000946,-0.17537939548492432,-0.01358261265554006,0.08572913706302643,-0.24371075630187988,-0.026232537149866175,0.09816817939281464,-0.2877832055091858,-0.03652257499047096,0.10811923444271088,-0.32581397891044617,-0.04461982500501449,0.032459720969200134,-0.19031882286071777,-0.016139572753985476,0.04269637167453766,-0.27071085572242737,-0.026297612383444857,0.04885445535182953,-0.32227206230163574,-0.034799039631565165,0.05287827551364899,-0.3659347891807556,-0.04116548624583061,0.0015242695808410645,-0.1866452693939209,-0.021097537397821498,0.002612560987472534,-0.26282376050949097,-0.031860366731365275,0.0038792192935943604,-0.3113151490688324,-0.040993988781650614,0.00543639063835144,-0.3515445590019226,-0.04771299314447219,-0.028972700238227844,-0.1666860580444336,-0.027972599759181094,-0.046290695667266846,-0.2192729115486145,-0.039541010081251216,-0.056674525141716,-0.25553715229034424,-0.04603538316436584,-0.06475837528705597,-0.288735568523407,-0.0502326081389981,0.16426245217716937,0.09255360229597497,0.037162812108056824,0.0,0.23201498242198615,0.17501255730243853,0.15673716258874795,0.22025758921570873,0.21051998009677755,0.2213005004787271,2
0.049590274691581726,-0.031225144863128662,-0.016300419613202166,0.08013950288295746,-0.0966184139251709,-0.021871645271261286,0.10237805545330048,-0.15176838636398315,-0.02716801156051929,0.13334684073925018,-0.17159128189086914,-0.032558907091100764,0.06441180408000946,-0.17537939548492432,-0.01358261265554006,0.08572913706302643,-0.24371075630187988,-0.026232537149866175,0.09816817939281464,-0.2877832055091858,-0.03652257499047096,0.10811923444271088,-0.32581397891044617,-0.04461982500501449,0.032459720969200134,-0.19031882286071777,-0.016139572753985476,0.04269637167453766,-0.27071085572242737,-0.026297612383444857,0.04885445535182953,-0.32227206230163574,-0.034799039631565165,0.05287827551364899,-0.3659347891807556,-0.04116548624583061,0.0015242695808410645,-0.1866452693939209,-0.021097537397821498,0.002612560987472534,-0.26282376050949097,-0.031860366731365275,0.0038792192935943604,-0.3113151490688324,-0.040993988781650614,0.00543639063835144,-0.3515445590019226,-0.04771299314447219,-0.028972700238227844,-0.1666860580444336,-0.027972599759181094,-0.046290695667266846,-0.2192729115486145,-0.039541010081251216,-0.056674525141716,-0.25553715229034424,-0.04603538316436584,-0.06475837528705597,-0.288735568523407,-0.0502326081389981,0.16426245217716937,0.09255360229597497,0.037162812108056824,0.0,0.23201498242198615,0.17501255730243853,0.15673716258874795,0.22025758921570873,0.21051998009677755,0.2213005004787271,2
0.049590274691581726,-0.031225144863128662,-0.016300419613202166,0.08013950288295746,-0.0966184139251709,-0.021871645271261286,0.10237805545330048,-0.15176838636398315,-0.02716801156051929,0.13334684073925018,-0.17159128189086914,-0.032558907091100764,0.06441180408000946,-0.17537939548492432,-0.01358261265554006,0.08572913706302643,-0.24371075630187988,-0.026232537149866175,0.09816817939281464,-0.2877832055091858,-0.03652257499047096,0.10811923444271088,-0.32581397891044617,-0.04461982500501449,0.032459720969200134,-0.19031882286071777,-0.016139572753985476,0.04269637167453766,-0.27071085572242737,-0.026297612383444857,0.04885445535182953,-0.32227206230163574,-0.034799039631565165,0.05287827551364899,-0.3659347891807556,-0.04116548624583061,0.0015242695808410645,-0.1866452693939209,-0.021097537397821498,0.002612560987472534,-0.26282376050949097,-0.031860366731365275,0.0038792192935943604,-0.3113151490688324,-0.040993988781650614,0.00543639063835144,-0.3515445590019226,-0.04771299314447219,-0.028972700238227844,-0.1666860580444336,-0.027972599759181094,-0.046290695667266846,-0.2192729115486145,-0.039541010081251216,-0.056674525141716,-0.25553715229034424,-0.04603538316436584,-0.06475837528705597,-0.288735568523407,-0.0502326081389981,0.16426245217716937,0.09255360229597497,0.037162812108056824,0.0,0.23201498242198615,0.17501255730243853,0.15673716258874795,0.22025758921570873,0.21051998009677755,0.2213005004787271,2
0.049590274691581726,-0.031225144863128662,-0.016300419613202166,0.08013950288295746,-0.0966184139251709,-0.021871645271261286,0.10237805545330048,-0.15176838636398315,-0.02716801156051929,0.13334684073925018,-0.17159128189086914,-0.032558907091100764,0.06441180408000946,-0.17537939548492432,-0.01358261265554006,0.08572913706302643,-0.24371075630187988,-0.026232537149866175,0.09816817939281464,-0.2877832055091858,-0.03652257499047096,0.10811923444271088,-0.32581397891044617,-0.04461982500501449,0.032459720969200134,-0.19031882286071777,-0.016139572753985476,0.04269637167453766,-0.27071085572242737,-0.026297612383444857,0.04885445535182953,-0.32227206230163574,-0.034799039631565165,0.05287827551364899,-0.3659347891807556,-0.04116548624583061,0.0015242695808410645,-0.1866452693939209,-0.021097537397821498,0.002612560987472534,-0.26282376050949097,-0.031860366731365275,0.0038792192935943604,-0.3113151490688324,-0.040993988781650614,0.00543639063835144,-0.3515445590019226,-0.04771299314447219,-0.028972700238227844,-0.1666860580444336,-0.027972599759181094,-0.046290695667266846,-0.2192729115486145,-0.039541010081251216,-0.056674525141716,-0.25553715229034424,-0.04603538316436584,-0.06475837528705597,-0.288735568523407,-0.0502326081389981,0.16426245217716937,0.09255360229597497,0.037162812108056824,0.0,0.23201498242198615,0.17501255730243853,0.15673716258874795,0.22025758921570873,0.21051998009677755,0.2213005004787271,2
0.049590274691581726,-0.031225144863128662,-0.016300419613202166,0.08013950288295746,-0.0966184139251709,-0.021871645271261286,0.10237805545330048,-0.15176838636398315,-0.02716801156051929,0.13334684073925018,-0.17159128189086914,-0.032558907091100764,0.06441180408000946,-0.17537939548492432,-0.01358261265554006,0.08572913706302643,-0.24371075630187988,-0.026232537149866175,0.09816817939281464,-0.2877832055091858,-0.03652257499047096,0.10811923444271088,-0.32581397891044617,-0.04461982500501449,0.032459720969200134,-0.19031882286071777,-0.016139572753985476,0.04269637167453766,-0.27071085572242737,-0.026297612383444857,0.04885445535182953,-0.32227206230163574,-0.034799039631565165,0.05287827551364899,-0.3659347891807556,-0.04116548624583061,0.0015242695808410645,-0.1866452693939209,-0.021097537397821498,0.002612560987472534,-0.26282376050949097,-0.031860366731365275,0.0038792192935943604,-0.3113151490688324,-0.040993988781650614,0.00543639063835144,-0.3515445590019226,-0.04771299314447219,-0.028972700238227844,-0.1666860580444336,-0.027972599759181094,-0.046290695667266846,-0.2192729115486145,-0.039541010081251216,-0.056674525141716,-0.25553715229034424,-0.04603538316436584,-0.06475837528705597,-0.288735568523407,-0.0502326081389981,0.16426245217716937,0.09255360229597497,0.037162812108056824,0.0,0.23201498242198615,0.17501255730243853,0.15673716258874795,0.22025758921570873,0.21051998009677755,0.2213005004787271,2
0.049590274691581726,-0.031225144863128662,-0.016300419613202166,0.08013950288295746,-0.0966184139251709,-0.021871645271261286,0.10237805545330048,-0.15176838636398315,-0.02716801156051929,0.13334684073925018,-0.17159128189086914,-0.032558907091100764,0.06441180408000946,-0.17537939548492432,-0.01358261265554006,0.08572913706302643,-0.24371075630187988,-0.026232537149866175,0.09816817939281464,-0.2877832055091858,-0.03652257499047096,0.10811923444271088,-0.32581397891044617,-0.04461982500501449,0.032459720969200134,-0.19031882286071777,-0.016139572753985476,0.04269637167453766,-0.27071085572242737,-0.026297612383444857,0.04885445535182953,-0.32227206230163574,-0.034799039631565165,0.05287827551364899,-0.3659347891807556,-0.04116548624583061,0.0015242695808410645,-0.1866452693939209,-0.021097537397821498,0.002612560987472534,-0.26282376050949097,-0.031860366731365275,0.0038792192935943604,-0.3113151490688324,-0.040993988781650614,0.00543639063835144,-0.3515445590019226,-0.04771299314447219,-0.028972700238227844,-0.1666860580444336,-0.027972599759181094,-0.046290695667266846,-0.2192729115486145,-0.039541010081251216,-0.056674525141716,-0.25553715229034424,-0.04603538316436584,-0.06475837528705597,-0.288735568523407,-0.0502326081389981,0.16426245217716937,0.09255360229597497,0.037162812108056824,0.0,0.23201498242198615,0.17501255730243853,0.15673716258874795,0.22025758921570873,0.21051998009677755,0.2213005004787271,2
0.049590274691581726,-0.031225144863128662,-0.016300419613202166,0.08013950288295746,-0.0966184139251709,-0.021871645271261286,0.10237805545330048,-0.15176838636398315,-0.02716801156051929,0.13334684073925018,-0.17159128189086914,-0.032558907091100764,0.06441180408000946,-0.17537939548492432,-0.01358261265554006,0.08572913706302643,-0.24371075630187988,-0.026232537149866175,0.09816817939281464,-0.2877832055091858,-0.03652257499047096,0.10811923444271088,-0.32581397891044617,-0.04461982500501449,0.032459720969200134,-0.19031882286071777,-0.016139572753985476,0.04269637167453766,-0.27071085572242737,-0.026297612383444857,0.04885445535182953,-0.32227206230163574,-0.034799039631565165,0.05287827551364899,-0.3659347891807556,-0.04116548624583061,0.0015242695808410645,-0.1866452693939209,-0.021097537397821498,0.002612560987472534,-0.26282376050949097,-0.031860366731365275,0.0038792192935943604,-0.3113151490688324,-0.040993988781650614,0.00543639063835144,-0.3515445590019226,-0.04771299314447219,-0.028972700238227844,-0.1666860580444336,-0.027972599759181094,-0.046290695667266846,-0.2192729115486145,-0.039541010081251216,-0.056674525141716,-0.25553715229034424,-0.04603538316436584,-0.06475837528705597,-0.288735568523407,-0.0502326081389981,0.16426245217716937,0.09255360229597497,0.037162812108056824,0.0,0.23201498242198615,0.17501255730243853,0.15673716258874795,0.22025758921570873,0.21051998009677755,0.2213005004787271,2
0.049590274691581726,-0.031225144863128662,-0.016300419613202166,0.08013950288295746,-0.0966184139251709,-0.021871645271261286,0.10237805545330048,-0.15176838636398315,-0.02716801156051929,0.13334684073925018,-0.17159128189086914,-0.032558907091100764,0.06441180408000946,-0.17537939548492432,-0.01358261265554006,0.08572913706302643,-0.24371075630187988,-0.026232537149866175,0.09816817939281464,-0.2877832055091858,-0.03652257499047096,0.10811923444271088,-0.32581397891044617,-0.04461982500501449,0.032459720969200134,-0.19031882286071777,-0.016139572753985476,0.04269637167453766,-0.27071085572242737,-0.026297612383444857,0.04885445535182953,-0.32227206230163574,-0.034799039631565165,0.05287827551364899,-0.3659347891807556,-0.04116548624583061,0.0015242695808410645,-0.1866452693939209,-0.021097537397821498,0.002612560987472534,-0.26282376050949097,-0.031860366731365275,0.0038792192935943604,-0.3113151490688324,-0.040993988781650614,0.00543639063835144,-0.3515445590019226,-0.04771299314447219,-0.028972700238227844,-0.1666860580444336,-0.027972599759181094,-0.046290695667266846,-0.2192729115486145,-0.039541010081251216,-0.056674525141716,-0.25553715229034424,-0.04603538316436584,-0.06475837528705597,-0.288735568523407,-0.0502326081389981,0.16426245217716937,0.09255360229597497,0.037162812108056824,0.0,0.23201498242198615,0.17501255730243853,0.15673716258874795,0.22025758921570873,0.21051998009677755,0.2213005004787271,2
0.049590274691581726,-0.031225144863128662,-0.016300419613202166,0.08013950288295746,-0.0966184139251709,-0.021871645271261286,0.10237805545330048,-0.15176838636398315,-0.02716801156051929,0.13334684073925018,-0.17159128189086914,-0.032558907091100764,0.06441180408000946,-0.17537939548492432,-0.01358261265554006,0.08572913706302643,-0.24371075630187988,-0.026232537149866175,0.09816817939281464,-0.2877832055091858,-0.03652257499047096,0.10811923444271088,-0.32581397891044617,-0.04461982500501449,0.032459720969200134,-0.19031882286071777,-0.016139572753985476,0.04269637167453766,-0.27071085572242737,-0.026297612383444857,0.04885445535182953,-0.32227206230163574,-0.034799039631565165,0.05287827551364899,-0.3659347891807556,-0.04116548624583061,0.0015242695808410645,-0.1866452693939209,-0.021097537397821498,0.002612560987472534,-0.26282376050949097,-0.031860366731365275,0.0038792192935943604,-0.3113151490688324,-0.040993988781650614,0.00543639063835144,-0.3515445590019226,-0.04771299314447219,-0.028972700238227844,-0.1666860580444336,-0.027972599759181094,-0.046290695667266846,-0.2192729115486145,-0.039541010081251216,-0.056674525141716,-0.25553715229034424,-0.04603538316436584,-0.06475837528705597,-0.288735568523407,-0.0502326081389981,0.16426245217716937,0.09255360229597497,0.037162812108056824,0.0,0.23201498242198615,0.17501255730243853,0.15673716258874795,0.22025758921570873,0.21051998009677755,0.2213005004787271,2
0.049590274691581726,-0.031225144863128662,-0.016300419613202166,0.08013950288295746,-0.0966184139251709,-0.021871645271261286,0.10237805545330048,-0.15176838636398315,-0.02716801156051929,0.13334684073925018,-0.17159128189086914,-0.032558907091100764,0.06441180408000946,-0.17537939548492432,-0.01358261265554006,0.08572913706302643,-0.24371075630187988,-0.026232537149866175,0.09816817939281464,-0.2877832055091858,-0.03652257499047096,0.10811923444271088,-0.32581397891044617,-0.04461982500501449,0.032459720969200134,-0.19031882286071777,-0.016139572753985476,0.04269637167453766,-0.27071085572242737,-0.026297612383444857,0.04885445535182953,-0.32227206230163574,-0.034799039631565165,0.05287827551364899,-0.3659347891807556,-0.04116548624583061,0.0015242695808410645,-0.1866452693939209,-0.021097537397821498,0.002612560987472534,-0.26282376050949097,-0.031860366731365275,0.0038792192935943604,-0.3113151490688324,-0.040993988781650614,0.00543639063835144,-0.3515445590019226,-0.04771299314447219,-0.028972700238227844,-0.1666860580444336,-0.027972599759181094,-0.046290695667266846,-0.2192729115486145,-0.039541010081251216,-0.056674525141716,-0.25553715229034424,-0.04603538316436584,-0.06475837528705597,-0.288735568523407,-0.0502326081389981,0.16426245217716937,0.09255360229597497,0.037162812108056824,0.0,0.23201498242198615,0.17501255730243853,0.15673716258874795,0.22025758921570873,0.21051998009677755,0.2213005004787271,2
0.049590274691581726,-0.031225144863128662,-0.016300419613202166,0.08013950288295746,-0.0966184139251709,-0.021871645271261286,0.10237805545330048,-0.15176838636398315,-0.02716801156051929,0.13334684073925018,-0.17159128189086914,-0.032558907091100764,0.06441180408000946,-0.17537939548492432,-0.01358261265554006,0.08572913706302643,-0.24371075630187988,-0.026232537149866175,0.09816817939281464,-0.2877832055091858,-0.03652257499047096,0.10811923444271088,-0.32581397891044617,-0.04461982500501449,0.032459720969200134,-0.19031882286071777,-0.016139572753985476,0.04269637167453766,-0.27071085572242737,-0.026297612383444857,0.04885445535182953,-0.32227206230163574,-0.034799039631565165,0.05287827551364899,-0.3659347891807556,-0.04116548624583061,0.0015242695808410645,-0.1866452693939209,-0.021097537397821498,0.002612560987472534,-0.26282376050949097,-0.031860366731365275,0.0038792192935943604,-0.3113151490688324,-0.040993988781650614,0.00543639063835144,-0.3515445590019226,-0.04771299314447219,-0.028972700238227844,-0.1666860580444336,-0.027972599759181094,-0.046290695667266846,-0.2192729115486145,-0.039541010081251216,-0.056674525141716,-0.25553715229034424,-0.04603538316436584,-0.06475837528705597,-0.288735568523407,-0.0502326081389981,0.16426245217716937,0.09255360229597497,0.037162812108056824,0.0,0.23201498242198615,0.17501255730243853,0.15673716258874795,0.22025758921570873,0.21051998009677755,0.2213005004787271,2
0.049590274691581726,-0.031225144863128662,-0.016300419613202166,0.08013950288295746,-0.0966184139251709,-0.021871645271261286,0.10237805545330048,-0.15176838636398315,-0.02716801156051929,0.13334684073925018,-0.17159128189086914,-0.032558907091100764,0.06441180408000946,-0.17537939548492432,-0.01358261265554006,0.08572913706302643,-0.24371075630187988,-0.026232537149866175,0.09816817939281464,-0.2877832055091858,-0.03652257499047096,0.10811923444271088,-0.32581397891044617,-0.04461982500501449,0.032459720969200134,-0.19031882286071777,-0.016139572753985476,0.04269637167453766,-0.27071085572242737,-0.026297612383444857,0.04885445535182953,-0.32227206230163574,-0.034799039631565165,0.05287827551364899,-0.3659347891807556,-0.04116548624583061,0.0015242695808410645,-0.1866452693939209,-0.021097537397821498,0.002612560987472534,-0.26282376050949097,-0.031860366731365275,0.0038792192935943604,-0.3113151490688324,-0.040993988781650614,0.00543639063835144,-0.3515445590019226,-0.04771299314447219,-0.028972700238227844,-0.1666860580444336,-0.027972599759181094,-0.046290695667266846,-0.2192729115486145,-0.039541010081251216,-0.056674525141716,-0.25553715229034424,-0.04603538316436584,-0.06475837528705597,-0.288735568523407,-0.0502326081389981,0.16426245217716937,0.09255360229597497,0.037162812108056824,0.0,0.23201498242198615,0.17501255730243853,0.15673716258874795,0.22025758921570873,0.21051998009677755,0.2213005004787271,2
0.049590274691581726,-0.031225144863128662,-0.016300419613202166,0.08013950288295746,-0.0966184139251709,-0.021871645271261286,0.10237805545330048,-0.15176838636398315,-0.02716801156051929,0.13334684073925018,-0.17159128189086914,-0.032558907091100764,0.06441180408000946,-0.17537939548492432,-0.01358261265554006,0.08572913706302643,-0.24371075630187988,-0.026232537149866175,0.09816817939281464,-0.2877832055091858,-0.03652257499047096,0.10811923444271088,-0.32581397891044617,-0.04461982500501449,0.032459720969200134,-0.19031882286071777,-0.016139572753985476,0.04269637167453766,-0.27071085572242737,-0.026297612383444857,0.04885445535182953,-0.32227206230163574,-0.034799039631565165,0.05287827551364899,-0.3659347891807556,-0.04116548624583061,0.0015242695808410645,-0.1866452693939209,-0.021097537397821498,0.002612560987472534,-0.26282376050949097,-0.031860366731365275,0.0038792192935943604,-0.3113151490688324,-0.040993988781650614,0.00543639063835144,-0.3515445590019226,-0.04771299314447219,-0.028972700238227844,-0.1666860580444336,-0.027972599759181094,-0.046290695667266846,-0.2192729115486145,-0.039541010081251216,-0.056674525141716,-0.25553715229034424,-0.04603538316436584,-0.06475837528705597,-0.288735568523407,-0.0502326081389981,0.16426245217716937,0.09255360229597497,0.037162812108056824,0.0,0.23201498242198615,0.17501255730243853,0.15673716258874795,0.22025758921570873,0.21051998009677755,0.2213005004787271,2
0.049590274691581726,-0.031225144863128662,-0.016300419613202166,0.08013950288295746,-0.0966184139251709,-0.021871645271261286,0.10237805545330048,-0.15176838636398315,-0.02716801156051929,0.13334684073925018,-0.17159128189086914,-0.032558907091100764,0.06441180408000946,-0.17537939548492432,-0.01358261265554006,0.08572913706302643,-0.24371075630187988,-0.026232537149866175,0.09816817939281464,-0.2877832055091858,-0.03652257499047096,0.10811923444271088,-0.32581397891044617,-0.04461982500501449,0.032459720969200134,-0.19031882286071777,-0.016139572753985476,0.04269637167453766,-0.27071085572242737,-0.026297612383444857,0.04885445535182953,-0.32227206230163574,-0.034799039631565165,0.05287827551364899,-0.3659347891807556,-0.04116548624583061,0.0015242695808410645,-0.1866452693939209,-0.021097537397821498,0.002612560987472534,-0.26282376050949097,-0.031860366731365275,0.0038792192935943604,-0.3113151490688324,-0.040993988781650614,0.00543639063835144,-0.3515445590019226,-0.04771299314447219,-0.028972700238227844,-0.1666860580444336,-0.027972599759181094,-0.046290695667266846,-0.2192729115486145,-0.039541010081251216,-0.056674525141716,-0.25553715229034424,-0.04603538316436584,-0.06475837528705597,-0.288735568523407,-0.0502326081389981,0.16426245217716937,0.09255360229597497,0.037162812108056824,0.0,0.23201498242198615,0.17501255730243853,0.15673716258874795,0.22025758921570873,0.21051998009677755,0.2213005004787271,2
0.049590274691581726,-0.031225144863128662,-0.016300419613202166,0.08013950288295746,-0.0966184139251709,-0.021871645271261286,0.10237805545330048,-0.15176838636398315,-0.02716801156051929,0.13334684073925018,-0.17159128189086914,-0.032558907091100764,0.06441180408000946,-0.17537939548492432,-0.01358261265554006,0.08572913706302643,-0.24371075630187988,-0.026232537149866175,0.09816817939281464,-0.2877832055091858,-0.03652257499047096,0.10811923444271088,-0.32581397891044617,-0.04461982500501449,0.032459720969200134,-0.19031882286071777,-0.016139572753985476,0.04269637167453766,-0.27071085572242737,-0.026297612383444857,0.04885445535182953,-0.32227206230163574,-0.034799039631565165,0.05287827551364899,-0.3659347891807556,-0.04116548624583061,0.0015242695808410645,-0.1866452693939209,-0.021097537397821498,0.002612560987472534,-0.26282376050949097,-0.031860366731365275,0.0038792192935943604,-0.3113151490688324,-0.040993988781650614,0.00543639063835144,-0.3515445590019226,-0.04771299314447219,-0.028972700238227844,-0.1666860580444336,-0.027972599759181094,-0.046290695667266846,-0.2192729115486145,-0.039541010081251216,-0.056674525141716,-0.25553715229034424,-0.04603538316436584,-0.06475837528705597,-0.288735568523407,-0.0502326081389981,0.16426245217716937,0.09255360229597497,0.037162812108056824,0.0,0.23201498242198615,0.17501255730243853,0.15673716258874795,0.22025758921570873,0.21051998009677755,0.2213005004787271,2
0.049590274691581726,-0.031225144863128662,-0.016300419613202166,0.08013950288295746,-0.0966184139251709,-0.021871645271261286,0.10237805545330048,-0.15176838636398315,-0.02716801156051929,0.13334684073925018,-0.17159128189086914,-0.032558907091100764,0.06441180408000946,-0.17537939548492432,-0.01358261265554006,0.08572913706302643,-0.24371075630187988,-0.026232537149866175,0.09816817939281464,-0.2877832055091858,-0.03652257499047096,0.10811923444271088,-0.32581397891044617,-0.04461982500501449,0.032459720969200134,-0.19031882286071777,-0.016139572753985476,0.04269637167453766,-0.27071085572242737,-0.026297612383444857,0.04885445535182953,-0.32227206230163574,-0.034799039631565165,0.05287827551364899,-0.3659347891807556,-0.04116548624583061,0.0015242695808410645,-0.1866452693939209,-0.021097537397821498,0.002612560987472534,-0.26282376050949097,-0.031860366731365275,0.0038792192935943604,-0.3113151490688324,-0.040993988781650614,0.00543639063835144,-0.3515445590019226,-0.04771299314447219,-0.028972700238227844,-0.1666860580444336,-0.027972599759181094,-0.046290695667266846,-0.2192729115486145,-0.039541010081251216,-0.056674525141716,-0.25553715229034424,-0.04603538316436584,-0.06475837528705597,-0.288735568523407,-0.0502326081389981,0.16426245217716937,0.09255360229597497,0.037162812108056824,0.0,0.23201498242198615,0.17501255730243853,0.15673716258874795,0.22025758921570873,0.21051998009677755,0.2213005004787271,2
0.049590274691581726,-0.031225144863128662,-0.016300419613202166,0.08013950288295746,-0.0966184139251709,-0.021871645271261286,0.10237805545330048,-0.15176838636398315,-0.02716801156051929,0.13334684073925018,-0.17159128189086914,-0.032558907091100764,0.06441180408000946,-0.17537939548492432,-0.01358261265554006,0.08572913706302643,-0.24371075630187988,-0.026232537149866175,0.09816817939281464,-0.2877832055091858,-0.03652257499047096,0.10811923444271088,-0.32581397891044617,-0.04461982500501449,0.032459720969200134,-0.19031882286071777,-0.016139572753985476,0.04269637167453766,-0.27071085572242737,-0.026297612383444857,0.04885445535182953,-0.32227206230163574,-0.034799039631565165,0.05287827551364899,-0.3659347891807556,-0.04116548624583061,0.0015242695808410645,-0.1866452693939209,-0.021097537397821498,0.002612560987472534,-0.26282376050949097,-0.031860366731365275,0.0038792192935943604,-0.3113151490688324,-0.040993988781650614,0.00543639063835144,-0.3515445590019226,-0.04771299314447219,-0.028972700238227844,-0.1666860580444336,-0.027972599759181094,-0.046290695667266846,-0.2192729115486145,-0.039541010081251216,-0.056674525141716,-0.25553715229034424,-0.04603538316436584,-0.06475837528705597,-0.288735568523407,-0.0502326081389981,0.16426245217716937,0.09255360229597497,0.037162812108056824,0.0,0.23201498242198615,0.17501255730243853,0.15673716258874795,0.22025758921570873,0.21051998009677755,0.2213005004787271,2
0.049590274691581726,-0.031225144863128662,-0.016300419613202166,0.08013950288295746,-0.0966184139251709,-0.021871645271261286,0.10237805545330048,-0.15176838636398315,-0.02716801156051929,0.13334684073925018,-0.17159128189086914,-0.032558907091100764,0.06441180408000946,-0.17537939548492432,-0.01358261265554006,0.08572913706302643,-0.24371075630187988,-0.026232537149866175,0.09816817939281464,-0.2877832055091858,-0.03652257499047096,0.10811923444271088,-0.32581397891044617,-0.04461982500501449,0.032459720969200134,-0.19031882286071777,-0.016139572753985476,0.04269637167453766,-0.27071085572242737,-0.026297612383444857,0.04885445535182953,-0.32227206230163574,-0.034799039631565165,0.05287827551364899,-0.3659347891807556,-0.04116548624583061,0.0015242695808410645,-0.1866452693939209,-0.021097537397821498,0.002612560987472534,-0.26282376050949097,-0.031860366731365275,0.0038792192935943604,-0.3113151490688324,-0.040993988781650614,0.00543639063835144,-0.3515445590019226,-0.04771299314447219,-0.028972700238227844,-0.1666860580444336,-0.027972599759181094,-0.046290695667266846,-0.2192729115486145,-0.039541010081251216,-0.056674525141716,-0.25553715229034424,-0.04603538316436584,-0.06475837528705597,-0.288735568523407,-0.0502326081389981,0.16426245217716937,0.09255360229597497,0.037162812108056824,0.0,0.23201498242198615,0.17501255730243853,0.15673716258874795,0.22025758921570873,0.21051998009677755,0.2213005004787271,2
0.049590274691581726,-0.031225144863128662,-0.016300419613202166,0.08013950288295746,-0.0966184139251709,-0.021871645271261286,0.10237805545330048,-0.15176838636398315,-0.02716801156051929,0.13334684073925018,-0.17159128189086914,-0.032558907091100764,0.06441180408000946,-0.17537939548492432,-0.01358261265554006,0.08572913706302643,-0.24371075630187988,-0.026232537149866175,0.09816817939281464,-0.2877832055091858,-0.03652257499047096,0.10811923444271088,-0.32581397891044617,-0.04461982500501449,0.032459720969200134,-0.19031882286071777,-0.016139572753985476,0.04269637167453766,-0.27071085572242737,-0.026297612383444857,0.04885445535182953,-0.32227206230163574,-0.034799039631565165,0.05287827551364899,-0.3659347891807556,-0.04116548624583061,0.0015242695808410645,-0.1866452693939209,-0.021097537397821498,0.002612560987472534,-0.26282376050949097,-0.031860366731365275,0.0038792192935943604,-0.3113151490688324,-0.040993988781650614,0.00543639063835144,-0.3515445590019226,-0.04771299314447219,-0.028972700238227844,-0.1666860580444336,-0.027972599759181094,-0.046290695667266846,-0.2192729115486145,-0.039541010081251216,-0.056674525141716,-0.25553715229034424,-0.04603538316436584,-0.06475837528705597,-0.288735568523407,-0.0502326081389981,0.16426245217716937,0.09255360229597497,0.037162812108056824,0.0,0.23201498242198615,0.17501255730243853,0.15673716258874795,0.22025758921570873,0.21051998009677755,0.2213005004787271,2
0.049590274691581726,-0.031225144863128662,-0.016300419613202166,0.08013950288295746,-0.0966184139251709,-0.021871645271261286,0.10237805545330048,-0.15176838636398315,-0.02716801156051929,0.13334684073925018,-0.17159128189086914,-0.032558907091100764,0.06441180408000946,-0.17537939548492432,-0.01358261265554006,0.08572913706302643,-0.24371075630187988,-0.026232537149866175,0.09816817939281464,-0.2877832055091858,-0.03652257499047096,0.10811923444271088,-0.32581397891044617,-0.04461982500501449,0.032459720969200134,-0.19031882286071777,-0.016139572753985476,0.04269637167453766,-0.27071085572242737,-0.026297612383444857,0.04885445535182953,-0.32227206230163574,-0.034799039631565165,0.05287827551364899,-0.3659347891807556,-0.04116548624583061,0.0015242695808410645,-0.1866452693939209,-0.021097537397821498,0.002612560987472534,-0.26282376050949097,-0.031860366731365275,0.0038792192935943604,-0.3113151490688324,-0.040993988781650614,0.00543639063835144,-0.3515445590019226,-0.04771299314447219,-0.028972700238227844,-0.1666860580444336,-0.027972599759181094,-0.046290695667266846,-0.2192729115486145,-0.039541010081251216,-0.056674525141716,-0.25553715229034424,-0.04603538316436584,-0.06475837528705597,-0.288735568523407,-0.0502326081389981,0.16426245217716937,0.09255360229597497,0.037162812108056824,0.0,0.23201498242198615,0.17501255730243853,0.15673716258874795,0.22025758921570873,0.21051998009677755,0.2213005004787271,2
0.049590274691581726,-0.031225144863128662,-0.016300419613202166,0.08013950288295746,-0.0966184139251709,-0.021871645271261286,0.10237805545330048,-0.15176838636398315,-0.02716801156051929,0.13334684073925018,-0.17159128189086914,-0.032558907091100764,0.06441180408000946,-0.17537939548492432,-0.01358261265554006,0.08572913706302643,-0.24371075630187988,-0.026232537149866175,0.09816817939281464,-0.2877832055091858,-0.03652257499047096,0.10811923444271088,-0.32581397891044617,-0.04461982500501449,0.032459720969200134,-0.19031882286071777,-0.016139572753985476,0.04269637167453766,-0.27071085572242737,-0.026297612383444857,0.04885445535182953,-0.32227206230163574,-0.034799039631565165,0.05287827551364899,-0.3659347891807556,-0.04116548624583061,0.0015242695808410645,-0.1866452693939209,-0.021097537397821498,0.002612560987472534,-0.26282376050949097,-0.031860366731365275,0.0038792192935943604,-0.3113151490688324,-0.040993988781650614,0.00543639063835144,-0.3515445590019226,-0.04771299314447219,-0.028972700238227844,-0.1666860580444336,-0.027972599759181094,-0.046290695667266846,-0.2192729115486145,-0.039541010081251216,-0.056674525141716,-0.25553715229034424,-0.04603538316436584,-0.06475837528705597,-0.288735568523407,-0.0502326081389981,0.16426245217716937,0.09255360229597497,0.037162812108056824,0.0,0.23201498242198615,0.17501255730243853,0.15673716258874795,0.22025758921570873,0.21051998009677755,0.2213005004787271,2
0.049590274691581726,-0.031225144863128662,-0.016300419613202166,0.08013950288295746,-0.0966184139251709,-0.021871645271261286,0.10237805545330048,-0.15176838636398315,-0.02716801156051929,0.13334684073925018,-0.17159128189086914,-0.032558907091100764,0.06441180408000946,-0.17537939548492432,-0.01358261265554006,0.08572913706302643,-0.24371075630187988,-0.026232537149866175,0.09816817939281464,-0.2877832055091858,-0.03652257499047096,0.10811923444271088,-0.32581397891044617,-0.04461982500501449,0.032459720969200134,-0.19031882286071777,-0.016139572753985476,0.04269637167453766,-0.27071085572242737,-0.026297612383444857,0.04885445535182953,-0.32227206230163574,-0.034799039631565165,0.05287827551364899,-0.3659347891807556,-0.04116548624583061,0.0015242695808410645,-0.1866452693939209,-0.021097537397821498,0.002612560987472534,-0.26282376050949097,-0.031860366731365275,0.0038792192935943604,-0.3113151490688324,-0.040993988781650614,0.00543639063835144,-0.3515445590019226,-0.04771299314447219,-0.028972700238227844,-0.1666860580444336,-0.027972599759181094,-0.046290695667266846,-0.2192729115486145,-0.039541010081251216,-0.056674525141716,-0.25553715229034424,-0.04603538316436584,-0.06475837528705597,-0.288735568523407,-0.0502326081389981,0.16426245217716937,0.09255360229597497,0.037162812108056824,0.0,0.23201498242198615,0.17501255730243853,0.15673716258874795,0.22025758921570873,0.21051998009677755,0.2213005004787271,2
0.049590274691581726,-0.031225144863128662,-0.016300419613202166,0.08013950288295746,-0.0966184139251709,-0.021871645271261286,0.10237805545330048,-0.15176838636398315,-0.02716801156051929,0.13334684073925018,-0.17159128189086914,-0.032558907091100764,0.06441180408000946,-0.17537939548492432,-0.01358261265554006,0.08572913706302643,-0.24371075630187988,-0.026232537149866175,0.09816817939281464,-0.2877832055091858,-0.03652257499047096,0.10811923444271088,-0.32581397891044617,-0.04461982500501449,0.032459720969200134,-0.19031882286071777,-0.016139572753985476,0.04269637167453766,-0.27071085572242737,-0.026297612383444857,0.04885445535182953,-0.32227206230163574,-0.034799039631565165,0.05287827551364899,-0.3659347891807556,-0.04116548624583061,0.0015242695808410645,-0.1866452693939209,-0.021097537397821498,0.002612560987472534,-0.26282376050949097,-0.031860366731365275,0.0038792192935943604,-0.3113151490688324,-0.040993988781650614,0.00543639063835144,-0.3515445590019226,-0.04771299314447219,-0.028972700238227844,-0.1666860580444336,-0.027972599759181094,-0.046290695667266846,-0.2192729115486145,-0.039541010081251216,-0.056674525141716,-0.25553715229034424,-0.04603538316436584,-0.06475837528705597,-0.288735568523407,-0.0502326081389981,0.16426245217716937,0.09255360229597497,0.037162812108056824,0.0,0.23201498242198615,0.17501255730243853,0.15673716258874795,0.22025758921570873,0.21051998009677755,0.2213005004787271,2
0.049590274691581726,-0.031225144863128662,-0.016300419613202166,0.08013950288295746,-0.0966184139251709,-0.021871645271261286,0.10237805545330048,-0.15176838636398315,-0.02716801156051929,0.13334684073925018,-0.17159128189086914,-0.032558907091100764,0.06441180408000946,-0.17537939548492432,-0.01358261265554006,0.08572913706302643,-0.24371075630187988,-0.026232537149866175,0.09816817939281464,-0.2877832055091858,-0.03652257499047096,0.10811923444271088,-0.32581397891044617,-0.04461982500501449,0.032459720969200134,-0.19031882286071777,-0.016139572753985476,0.04269637167453766,-0.27071085572242737,-0.026297612383444857,0.04885445535182953,-0.32227206230163574,-0.034799039631565165,0.05287827551364899,-0.3659347891807556,-0.04116548624583061,0.0015242695808410645,-0.1866452693939209,-0.021097537397821498,0.002612560987472534,-0.26282376050949097,-0.031860366731365275,0.0038792192935943604,-0.3113151490688324,-0.040993988781650614,0.00543639063835144,-0.3515445590019226,-0.04771299314447219,-0.028972700238227844,-0.1666860580444336,-0.027972599759181094,-0.046290695667266846,-0.2192729115486145,-0.039541010081251216,-0.056674525141716,-0.25553715229034424,-0.04603538316436584,-0.06475837528705597,-0.288735568523407,-0.0502326081389981,0.16426245217716937,0.09255360229597497,0.037162812108056824,0.0,0.23201498242198615,0.17501255730243853,0.15673716258874795,0.22025758921570873,0.21051998009677755,0.2213005004787271,2
0.049590274691581726,-0.031225144863128662,-0.016300419613202166,0.08013950288295746,-0.0966184139251709,-0.021871645271261286,0.10237805545330048,-0.15176838636398315,-0.02716801156051929,0.13334684073925018,-0.17159128189086914,-0.032558907091100764,0.06441180408000946,-0.17537939548492432,-0.01358261265554006,0.08572913706302643,-0.24371075630187988,-0.026232537149866175,0.09816817939281464,-0.2877832055091858,-0.03652257499047096,0.10811923444271088,-0.32581397891044617,-0.04461982500501449,0.032459720969200134,-0.19031882286071777,-0.016139572753985476,0.04269637167453766,-0.27071085572242737,-0.026297612383444857,0.04885445535182953,-0.32227206230163574,-0.034799039631565165,0.05287827551364899,-0.3659347891807556,-0.04116548624583061,0.0015242695808410645,-0.1866452693939209,-0.021097537397821498,0.002612560987472534,-0.26282376050949097,-0.031860366731365275,0.0038792192935943604,-0.3113151490688324,-0.040993988781650614,0.00543639063835144,-0.3515445590019226,-0.04771299314447219,-0.028972700238227844,-0.1666860580444336,-0.027972599759181094,-0.046290695667266846,-0.2192729115486145,-0.039541010081251216,-0.056674525141716,-0.25553715229034424,-0.04603538316436584,-0.06475837528705597,-0.288735568523407,-0.0502326081389981,0.16426245217716937,0.09255360229597497,0.037162812108056824,0.0,0.23201498242198615,0.17501255730243853,0.15673716258874795,0.22025758921570873,0.21051998009677755,0.2213005004787271,2
0.049590274691581726,-0.031225144863128662,-0.016300419613202166,0.08013950288295746,-0.0966184139251709,-0.021871645271261286,0.10237805545330048,-0.15176838636398315,-0.02716801156051929,0.13334684073925018,-0.17159128189086914,-0.032558907091100764,0.06441180408000946,-0.17537939548492432,-0.01358261265554006,0.08572913706302643,-0.24371075630187988,-0.026232537149866175,0.09816817939281464,-0.2877832055091858,-0.03652257499047096,0.10811923444271088,-0.32581397891044617,-0.04461982500501449,0.032459720969200134,-0.19031882286071777,-0.016139572753985476,0.04269637167453766,-0.27071085572242737,-0.026297612383444857,0.04885445535182953,-0.32227206230163574,-0.034799039631565165,0.05287827551364899,-0.3659347891807556,-0.04116548624583061,0.0015242695808410645,-0.1866452693939209,-0.021097537397821498,0.002612560987472534,-0.26282376050949097,-0.031860366731365275,0.0038792192935943604,-0.3113151490688324,-0.040993988781650614,0.00543639063835144,-0.3515445590019226,-0.04771299314447219,-0.028972700238227844,-0.1666860580444336,-0.027972599759181094,-0.046290695667266846,-0.2192729115486145,-0.039541010081251216,-0.056674525141716,-0.25553715229034424,-0.04603538316436584,-0.06475837528705597,-0.288735568523407,-0.0502326081389981,0.16426245217716937,0.09255360229597497,0.037162812108056824,0.0,0.23201498242198615,0.17501255730243853,0.15673716258874795,0.22025758921570873,0.21051998009677755,0.2213005004787271,2
0.049590274691581726,-0.031225144863128662,-0.016300419613202166,0.08013950288295746,-0.0966184139251709,-0.021871645271261286,0.10237805545330048,-0.15176838636398315,-0.02716801156051929,0.13334684073925018,-0.17159128189086914,-0.032558907091100764,0.06441180408000946,-0.17537939548492432,-0.01358261265554006,0.08572913706302643,-0.24371075630187988,-0.026232537149866175,0.09816817939281464,-0.2877832055091858,-0.03652257499047096,0.10811923444271088,-0.32581397891044617,-0.04461982500501449,0.032459720969200134,-0.19031882286071777,-0.016139572753985476,0.04269637167453766,-0.27071085572242737,-0.026297612383444857,0.04885445535182953,-0.32227206230163574,-0.034799039631565165,0.05287827551364899,-0.3659347891807556,-0.04116548624583061,0.0015242695808410645,-0.1866452693939209,-0.021097537397821498,0.002612560987472534,-0.26282376050949097,-0.031860366731365275,0.0038792192935943604,-0.3113151490688324,-0.040993988781650614,0.00543639063835144,-0.3515445590019226,-0.04771299314447219,-0.028972700238227844,-0.1666860580444336,-0.027972599759181094,-0.046290695667266846,-0.2192729115486145,-0.039541010081251216,-0.056674525141716,-0.25553715229034424,-0.04603538316436584,-0.06475837528705597,-0.288735568523407,-0.0502326081389981,0.16426245217716937,0.09255360229597497,0.037162812108056824,0.0,0.23201498242198615,0.17501255730243853,0.15673716258874795,0.22025758921570873,0.21051998009677755,0.2213005004787271,2
0.049590274691581726,-0.031225144863128662,-0.016300419613202166,0.08013950288295746,-0.0966184139251709,-0.021871645271261286,0.10237805545330048,-0.15176838636398315,-0.02716801156051929,0.13334684073925018,-0.17159128189086914,-0.032558907091100764,0.06441180408000946,-0.17537939548492432,-0.01358261265554006,0.08572913706302643,-0.24371075630187988,-0.026232537149866175,0.09816817939281464,-0.2877832055091858,-0.03652257499047096,0.10811923444271088,-0.32581397891044617,-0.04461982500501449,0.032459720969200134,-0.19031882286071777,-0.016139572753985476,0.04269637167453766,-0.27071085572242737,-0.026297612383444857,0.04885445535182953,-0.32227206230163574,-0.034799039631565165,0.05287827551364899,-0.3659347891807556,-0.04116548624583061,0.0015242695808410645,-0.1866452693939209,-0.021097537397821498,0.002612560987472534,-0.26282376050949097,-0.031860366731365275,0.0038792192935943604,-0.3113151490688324,-0.040993988781650614,0.00543639063835144,-0.3515445590019226,-0.04771299314447219,-0.028972700238227844,-0.1666860580444336,-0.027972599759181094,-0.046290695667266846,-0.2192729115486145,-0.039541010081251216,-0.056674525141716,-0.25553715229034424,-0.04603538316436584,-0.06475837528705597,-0.288735568523407,-0.0502326081389981,0.16426245217716937,0.09255360229597497,0.037162812108056824,0.0,0.23201498242198615,0.17501255730243853,0.15673716258874795,0.22025758921570873,0.21051998009677755,0.2213005004787271,2
0.049590274691581726,-0.031225144863128662,-0.016300419613202166,0.08013950288295746,-0.0966184139251709,-0.021871645271261286,0.10237805545330048,-0.15176838636398315,-0.02716801156051929,0.13334684073925018,-0.17159128189086914,-0.032558907091100764,0.06441180408000946,-0.17537939548492432,-0.01358261265554006,0.08572913706302643,-0.24371075630187988,-0.026232537149866175,0.09816817939281464,-0.2877832055091858,-0.03652257499047096,0.10811923444271088,-0.32581397891044617,-0.04461982500501449,0.032459720969200134,-0.19031882286071777,-0.016139572753985476,0.04269637167453766,-0.27071085572242737,-0.026297612383444857,0.04885445535182953,-0.32227206230163574,-0.034799039631565165,0.05287827551364899,-0.3659347891807556,-0.04116548624583061,0.0015242695808410645,-0.1866452693939209,-0.021097537397821498,0.002612560987472534,-0.26282376050949097,-0.031860366731365275,0.0038792192935943604,-0.3113151490688324,-0.040993988781650614,0.00543639063835144,-0.3515445590019226,-0.04771299314447219,-0.028972700238227844,-0.1666860580444336,-0.027972599759181094,-0.046290695667266846,-0.2192729115486145,-0.039541010081251216,-0.056674525141716,-0.25553715229034424,-0.04603538316436584,-0.06475837528705597,-0.288735568523407,-0.0502326081389981,0.16426245217716937,0.09255360229597497,0.037162812108056824,0.0,0.23201498242198615,0.17501255730243853,0.15673716258874795,0.22025758921570873,0.21051998009677755,0.2213005004787271,2
0.049590274691581726,-0.031225144863128662,-0.016300419613202166,0.08013950288295746,-0.0966184139251709,-0.021871645271261286,0.10237805545330048,-0.15176838636398315,-0.02716801156051929,0.13334684073925018,-0.17159128189086914,-0.032558907091100764,0.06441180408000946,-0.17537939548492432,-0.01358261265554006,0.08572913706302643,-0.24371075630187988,-0.026232537149866175,0.09816817939281464,-0.2877832055091858,-0.03652257499047096,0.10811923444271088,-0.32581397891044617,-0.04461982500501449,0.032459720969200134,-0.19031882286071777,-0.016139572753985476,0.04269637167453766,-0.27071085572242737,-0.026297612383444857,0.04885445535182953,-0.32227206230163574,-0.034799039631565165,0.05287827551364899,-0.3659347891807556,-0.04116548624583061,0.0015242695808410645,-0.1866452693939209,-0.021097537397821498,0.002612560987472534,-0.26282376050949097,-0.031860366731365275,0.0038792192935943604,-0.3113151490688324,-0.040993988781650614,0.00543639063835144,-0.3515445590019226,-0.04771299314447219,-0.028972700238227844,-0.1666860580444336,-0.027972599759181094,-0.046290695667266846,-0.2192729115486145,-0.039541010081251216,-0.056674525141716,-0.25553715229034424,-0.04603538316436584,-0.06475837528705597,-0.288735568523407,-0.0502326081389981,0.16426245217716937,0.09255360229597497,0.037162812108056824,0.0,0.23201498242198615,0.17501255730243853,0.15673716258874795,0.22025758921570873,0.21051998009677755,0.2213005004787271,2
0.049590274691581726,-0.031225144863128662,-0.016300419613202166,0.08013950288295746,-0.0966184139251709,-0.021871645271261286,0.10237805545330048,-0.15176838636398315,-0.02716801156051929,0.13334684073925018,-0.17159128189086914,-0.032558907091100764,0.06441180408000946,-0.17537939548492432,-0.01358261265554006,0.08572913706302643,-0.24371075630187988,-0.026232537149866175,0.09816817939281464,-0.2877832055091858,-0.03652257499047096,0.10811923444271088,-0.32581397891044617,-0.04461982500501449,0.032459720969200134,-0.19031882286071777,-0.016139572753985476,0.04269637167453766,-0.27071085572242737,-0.026297612383444857,0.04885445535182953,-0.32227206230163574,-0.034799039631565165,0.05287827551364899,-0.3659347891807556,-0.04116548624583061,0.0015242695808410645,-0.1866452693939209,-0.021097537397821498,0.002612560987472534,-0.26282376050949097,-0.031860366731365275,0.0038792192935943604,-0.3113151490688324,-0.040993988781650614,0.00543639063835144,-0.3515445590019226,-0.04771299314447219,-0.028972700238227844,-0.1666860580444336,-0.027972599759181094,-0.046290695667266846,-0.2192729115486145,-0.039541010081251216,-0.056674525141716,-0.25553715229034424,-0.04603538316436584,-0.06475837528705597,-0.288735568523407,-0.0502326081389981,0.16426245217716937,0.09255360229597497,0.037162812108056824,0.0,0.23201498242198615,0.17501255730243853,0.15673716258874795,0.22025758921570873,0.21051998009677755,0.2213005004787271,2
0.049590274691581726,-0.031225144863128662,-0.016300419613202166,0.08013950288295746,-0.0966184139251709,-0.021871645271261286,0.10237805545330048,-0.15176838636398315,-0.02716801156051929,0.13334684073925018,-0.17159128189086914,-0.032558907091100764,0.06441180408000946,-0.17537939548492432,-0.01358261265554006,0.08572913706302643,-0.24371075630187988,-0.026232537149866175,0.09816817939281464,-0.2877832055091858,-0.03652257499047096,0.10811923444271088,-0.32581397891044617,-0.04461982500501449,0.032459720969200134,-0.19031882286071777,-0.016139572753985476,0.04269637167453766,-0.27071085572242737,-0.026297612383444857,0.04885445535182953,-0.32227206230163574,-0.034799039631565165,0.05287827551364899,-0.3659347891807556,-0.04116548624583061,0.0015242695808410645,-0.1866452693939209,-0.021097537397821498,0.002612560987472534,-0.26282376050949097,-0.031860366731365275,0.0038792192935943604,-0.3113151490688324,-0.040993988781650614,0.00543639063835144,-0.3515445590019226,-0.04771299314447219,-0.028972700238227844,-0.1666860580444336,-0.027972599759181094,-0.046290695667266846,-0.2192729115486145,-0.039541010081251216,-0.056674525141716,-0.25553715229034424,-0.04603538316436584,-0.06475837528705597,-0.288735568523407,-0.0502326081389981,0.16426245217716937,0.09255360229597497,0.037162812108056824,0.0,0.23201498242198615,0.17501255730243853,0.15673716258874795,0.22025758921570873,0.21051998009677755,0.2213005004787271,2
0.049590274691581726,-0.031225144863128662,-0.016300419613202166,0.08013950288295746,-0.0966184139251709,-0.021871645271261286,0.10237805545330048,-0.15176838636398315,-0.02716801156051929,0.13334684073925018,-0.17159128189086914,-0.032558907091100764,0.06441180408000946,-0.17537939548492432,-0.01358261265554006,0.08572913706302643,-0.24371075630187988,-0.026232537149866175,0.09816817939281464,-0.2877832055091858,-0.03652257499047096,0.10811923444271088,-0.32581397891044617,-0.04461982500501449,0.032459720969200134,-0.19031882286071777,-0.016139572753985476,0.04269637167453766,-0.27071085572242737,-0.026297612383444857,0.04885445535182953,-0.32227206230163574,-0.034799039631565165,0.05287827551364899,-0.3659347891807556,-0.04116548624583061,0.0015242695808410645,-0.1866452693939209,-0.021097537397821498,0.002612560987472534,-0.26282376050949097,-0.031860366731365275,0.0038792192935943604,-0.3113151490688324,-0.040993988781650614,0.00543639063835144,-0.3515445590019226,-0.04771299314447219,-0.028972700238227844,-0.1666860580444336,-0.027972599759181094,-0.046290695667266846,-0.2192729115486145,-0.039541010081251216,-0.056674525141716,-0.25553715229034424,-0.04603538316436584,-0.06475837528705597,-0.288735568523407,-0.0502326081389981,0.16426245217716937,0.09255360229597497,0.037162812108056824,0.0,0.23201498242198615,0.17501255730243853,0.15673716258874795,0.22025758921570873,0.21051998009677755,0.2213005004787271,2
0.049590274691581726,-0.031225144863128662,-0.016300419613202166,0.08013950288295746,-0.0966184139251709,-0.021871645271261286,0.10237805545330048,-0.15176838636398315,-0.02716801156051929,0.13334684073925018,-0.17159128189086914,-0.032558907091100764,0.06441180408000946,-0.17537939548492432,-0.01358261265554006,0.08572913706302643,-0.24371075630187988,-0.026232537149866175,0.09816817939281464,-0.2877832055091858,-0.03652257499047096,0.10811923444271088,-0.32581397891044617,-0.04461982500501449,0.032459720969200134,-0.19031882286071777,-0.016139572753985476,0.04269637167453766,-0.27071085572242737,-0.026297612383444857,0.04885445535182953,-0.32227206230163574,-0.034799039631565165,0.05287827551364899,-0.3659347891807556,-0.04116548624583061,0.0015242695808410645,-0.1866452693939209,-0.021097537397821498,0.002612560987472534,-0.26282376050949097,-0.031860366731365275,0.0038792192935943604,-0.3113151490688324,-0.040993988781650614,0.00543639063835144,-0.3515445590019226,-0.04771299314447219,-0.028972700238227844,-0.1666860580444336,-0.027972599759181094,-0.046290695667266846,-0.2192729115486145,-0.039541010081251216,-0.056674525141716,-0.25553715229034424,-0.04603538316436584,-0.06475837528705597,-0.288735568523407,-0.0502326081389981,0.16426245217716937,0.09255360229597497,0.037162812108056824,0.0,0.23201498242198615,0.17501255730243853,0.15673716258874795,0.22025758921570873,0.21051998009677755,0.2213005004787271,2
0.049590274691581726,-0.031225144863128662,-0.016300419613202166,0.08013950288295746,-0.0966184139251709,-0.021871645271261286,0.10237805545330048,-0.15176838636398315,-0.02716801156051929,0.13334684073925018,-0.17159128189086914,-0.032558907091100764,0.06441180408000946,-0.17537939548492432,-0.01358261265554006,0.08572913706302643,-0.24371075630187988,-0.026232537149866175,0.09816817939281464,-0.2877832055091858,-0.03652257499047096,0.10811923444271088,-0.32581397891044617,-0.04461982500501449,0.032459720969200134,-0.19031882286071777,-0.016139572753985476,0.04269637167453766,-0.27071085572242737,-0.026297612383444857,0.04885445535182953,-0.32227206230163574,-0.034799039631565165,0.05287827551364899,-0.3659347891807556,-0.04116548624583061,0.0015242695808410645,-0.1866452693939209,-0.021097537397821498,0.002612560987472534,-0.26282376050949097,-0.031860366731365275,0.0038792192935943604,-0.3113151490688324,-0.040993988781650614,0.00543639063835144,-0.3515445590019226,-0.04771299314447219,-0.028972700238227844,-0.1666860580444336,-0.027972599759181094,-0.046290695667266846,-0.2192729115486145,-0.039541010081251216,-0.056674525141716,-0.25553715229034424,-0.04603538316436584,-0.06475837528705597,-0.288735568523407,-0.0502326081389981,0.16426245217716937,0.09255360229597497,0.037162812108056824,0.0,0.23201498242198615,0.17501255730243853,0.15673716258874795,0.22025758921570873,0.21051998009677755,0.2213005004787271,2
0.049590274691581726,-0.031225144863128662,-0.016300419613202166,0.08013950288295746,-0.0966184139251709,-0.021871645271261286,0.10237805545330048,-0.15176838636398315,-0.02716801156051929,0.13334684073925018,-0.17159128189086914,-0.032558907091100764,0.06441180408000946,-0.17537939548492432,-0.01358261265554006,0.08572913706302643,-0.24371075630187988,-0.026232537149866175,0.09816817939281464,-0.2877832055091858,-0.03652257499047096,0.10811923444271088,-0.32581397891044617,-0.04461982500501449,0.032459720969200134,-0.19031882286071777,-0.016139572753985476,0.04269637167453766,-0.27071085572242737,-0.026297612383444857,0.04885445535182953,-0.32227206230163574,-0.034799039631565165,0.05287827551364899,-0.3659347891807556,-0.04116548624583061,0.0015242695808410645,-0.1866452693939209,-0.021097537397821498,0.002612560987472534,-0.26282376050949097,-0.031860366731365275,0.0038792192935943604,-0.3113151490688324,-0.040993988781650614,0.00543639063835144,-0.3515445590019226,-0.04771299314447219,-0.028972700238227844,-0.1666860580444336,-0.027972599759181094,-0.046290695667266846,-0.2192729115486145,-0.039541010081251216,-0.056674525141716,-0.25553715229034424,-0.04603538316436584,-0.06475837528705597,-0.288735568523407,-0.0502326081389981,0.16426245217716937,0.09255360229597497,0.037162812108056824,0.0,0.23201498242198615,0.17501255730243853,0.15673716258874795,0.22025758921570873,0.21051998009677755,0.2213005004787271,2
0.049590274691581726,-0.031225144863128662,-0.016300419613202166,0.08013950288295746,-0.0966184139251709,-0.021871645271261286,0.10237805545330048,-0.15176838636398315,-0.02716801156051929,0.13334684073925018,-0.17159128189086914,-0.032558907091100764,0.06441180408000946,-0.17537939548492432,-0.01358261265554006,0.08572913706302643,-0.24371075630187988,-0.026232537149866175,0.09816817939281464,-0.2877832055091858,-0.03652257499047096,0.10811923444271088,-0.32581397891044617,-0.04461982500501449,0.032459720969200134,-0.19031882286071777,-0.016139572753985476,0.04269637167453766,-0.27071085572242737,-0.026297612383444857,0.04885445535182953,-0.32227206230163574,-0.034799039631565165,0.05287827551364899,-0.3659347891807556,-0.04116548624583061,0.0015242695808410645,-0.1866452693939209,-0.021097537397821498,0.002612560987472534,-0.26282376050949097,-0.031860366731365275,0.0038792192935943604,-0.3113151490688324,-0.040993988781650614,0.00543639063835144,-0.3515445590019226,-0.04771299314447219,-0.028972700238227844,-0.1666860580444336,-0.027972599759181094,-0.046290695667266846,-0.2192729115486145,-0.039541010081251216,-0.056674525141716,-0.25553715229034424,-0.04603538316436584,-0.06475837528705597,-0.288735568523407,-0.0502326081389981,0.16426245217716937,0.09255360229597497,0.037162812108056824,0.0,0.23201498242198615,0.17501255730243853,0.15673716258874795,0.22025758921570873,0.21051998009677755,0.2213005004787271,2
0.049590274691581726,-0.031225144863128662,-0.016300419613202166,0.08013950288295746,-0.0966184139251709,-0.021871645271261286,0.10237805545330048,-0.15176838636398315,-0.02716801156051929,0.13334684073925018,-0.17159128189086914,-0.032558907091100764,0.06441180408000946,-0.17537939548492432,-0.01358261265554006,0.08572913706302643,-0.24371075630187988,-0.026232537149866175,0.09816817939281464,-0.2877832055091858,-0.03652257499047096,0.10811923444271088,-0.32581397891044617,-0.04461982500501449,0.032459720969200134,-0.19031882286071777,-0.016139572753985476,0.04269637167453766,-0.27071085572242737,-0.026297612383444857,0.04885445535182953,-0.32227206230163574,-0.034799039631565165,0.05287827551364899,-0.3659347891807556,-0.04116548624583061,0.0015242695808410645,-0.1866452693939209,-0.021097537397821498,0.002612560987472534,-0.26282376050949097,-0.031860366731365275,0.0038792192935943604,-0.3113151490688324,-0.040993988781650614,0.00543639063835144,-0.3515445590019226,-0.04771299314447219,-0.028972700238227844,-0.1666860580444336,-0.027972599759181094,-0.046290695667266846,-0.2192729115486145,-0.039541010081251216,-0.056674525141716,-0.25553715229034424,-0.04603538316436584,-0.06475837528705597,-0.288735568523407,-0.0502326081389981,0.16426245217716937,0.09255360229597497,0.037162812108056824,0.0,0.23201498242198615,0.17501255730243853,0.15673716258874795,0.22025758921570873,0.21051998009677755,0.2213005004787271,2
0.049590274691581726,-0.031225144863128662,-0.016300419613202166,0.08013950288295746,-0.0966184139251709,-0.021871645271261286,0.10237805545330048,-0.15176838636398315,-0.02716801156051929,0.13334684073925018,-0.17159128189086914,-0.032558907091100764,0.06441180408000946,-0.17537939548492432,-0.01358261265554006,0.08572913706302643,-0.24371075630187988,-0.026232537149866175,0.09816817939281464,-0.2877832055091858,-0.03652257499047096,0.10811923444271088,-0.32581397891044617,-0.04461982500501449,0.032459720969200134,-0.19031882286071777,-0.016139572753985476,0.04269637167453766,-0.27071085572242737,-0.026297612383444857,0.04885445535182953,-0.32227206230163574,-0.034799039631565165,0.05287827551364899,-0.3659347891807556,-0.04116548624583061,0.0015242695808410645,-0.1866452693939209,-0.021097537397821498,0.002612560987472534,-0.26282376050949097,-0.031860366731365275,0.0038792192935943604,-0.3113151490688324,-0.040993988781650614,0.00543639063835144,-0.3515445590019226,-0.04771299314447219,-0.028972700238227844,-0.1666860580444336,-0.027972599759181094,-0.046290695667266846,-0.2192729115486145,-0.039541010081251216,-0.056674525141716,-0.25553715229034424,-0.04603538316436584,-0.06475837528705597,-0.288735568523407,-0.0502326081389981,0.16426245217716937,0.09255360229597497,0.037162812108056824,0.0,0.23201498242198615,0.17501255730243853,0.15673716258874795,0.22025758921570873,0.21051998009677755,0.2213005004787271,2
0.049590274691581726,-0.031225144863128662,-0.016300419613202166,0.08013950288295746,-0.0966184139251709,-0.021871645271261286,0.10237805545330048,-0.15176838636398315,-0.02716801156051929,0.13334684073925018,-0.17159128189086914,-0.032558907091100764,0.06441180408000946,-0.17537939548492432,-0.01358261265554006,0.08572913706302643,-0.24371075630187988,-0.026232537149866175,0.09816817939281464,-0.2877832055091858,-0.03652257499047096,0.10811923444271088,-0.32581397891044617,-0.04461982500501449,0.032459720969200134,-0.19031882286071777,-0.016139572753985476,0.04269637167453766,-0.27071085572242737,-0.026297612383444857,0.04885445535182953,-0.32227206230163574,-0.034799039631565165,0.05287827551364899,-0.3659347891807556,-0.04116548624583061,0.0015242695808410645,-0.1866452693939209,-0.021097537397821498,0.002612560987472534,-0.26282376050949097,-0.031860366731365275,0.0038792192935943604,-0.3113151490688324,-0.040993988781650614,0.00543639063835144,-0.3515445590019226,-0.04771299314447219,-0.028972700238227844,-0.1666860580444336,-0.027972599759181094,-0.046290695667266846,-0.2192729115486145,-0.039541010081251216,-0.056674525141716,-0.25553715229034424,-0.04603538316436584,-0.06475837528705597,-0.288735568523407,-0.0502326081389981,0.16426245217716937,0.09255360229597497,0.037162812108056824,0.0,0.23201498242198615,0.17501255730243853,0.15673716258874795,0.22025758921570873,0.21051998009677755,0.2213005004787271,2
0.049590274691581726,-0.031225144863128662,-0.016300419613202166,0.08013950288295746,-0.0966184139251709,-0.021871645271261286,0.10237805545330048,-0.15176838636398315,-0.02716801156051929,0.13334684073925018,-0.17159128189086914,-0.032558907091100764,0.06441180408000946,-0.17537939548492432,-0.01358261265554006,0.08572913706302643,-0.24371075630187988,-0.026232537149866175,0.09816817939281464,-0.2877832055091858,-0.03652257499047096,0.10811923444271088,-0.32581397891044617,-0.04461982500501449,0.032459720969200134,-0.19031882286071777,-0.016139572753985476,0.04269637167453766,-0.27071085572242737,-0.026297612383444857,0.04885445535182953,-0.32227206230163574,-0.034799039631565165,0.05287827551364899,-0.3659347891807556,-0.04116548624583061,0.0015242695808410645,-0.1866452693939209,-0.021097537397821498,0.002612560987472534,-0.26282376050949097,-0.031860366731365275,0.0038792192935943604,-0.3113151490688324,-0.040993988781650614,0.00543639063835144,-0.3515445590019226,-0.04771299314447219,-0.028972700238227844,-0.1666860580444336,-0.027972599759181094,-0.046290695667266846,-0.2192729115486145,-0.039541010081251216,-0.056674525141716,-0.25553715229034424,-0.04603538316436584,-0.06475837528705597,-0.288735568523407,-0.0502326081389981,0.16426245217716937,0.09255360229597497,0.037162812108056824,0.0,0.23201498242198615,0.17501255730243853,0.15673716258874795,0.22025758921570873,0.21051998009677755,0.2213005004787271,2
0.031600356101989746,-0.0012804865837097168,-0.010854317359585863,0.058369070291519165,6.4849853515625e-05,-0.02175779502834807,0.0732221007347107,0.011056005954742432,-0.03295771453525553,0.06842443346977234,0.021342992782592773,-0.04319479737426768,0.06969225406646729,-0.07341235876083374,-0.01604146186258326,0.08062997460365295,-0.00973445177078247,-0.033280879743356806,0.07063129544258118,-0.010304093360900879,-0.046148933954496485,0.064715176820755,-0.027317941188812256,-0.05602190691973696,0.04727482795715332,-0.07208865880966187,-0.020864097885747057,0.0576932430267334,0.0066872239112854,-0.03607475060965548,0.045843929052352905,-0.0033969879150390625,-0.042001791782636744,0.041337013244628906,-0.02454197406768799,-0.04755894888188372,0.022587984800338745,-0.05932736396789551,-0.02749158862974177,0.03305104374885559,0.01584690809249878,-0.03941644776608477,0.0219251811504364,0.003539741039276123,-0.038799692429561716,0.019017934799194336,-0.01712590456008911,-0.03877534020688067,-0.0008869469165802002,-0.040814220905303955,-0.03634246487166415,0.009655892848968506,0.016962707042694092,-0.04554956082250605,0.002547532320022583,0.006309449672698975,-0.04745874974872599,-0.0026591122150421143,-0.013035416603088379,-0.048591044284362894,0.05397908057947992,0.031834176049267686,0.015285207693525937,0.0,0.04431838982920994,0.0455728487611048,0.050459685087693405,0.049970701719834594,0.053462176683018635,0.06277252404756394,1
0.031600356101989746,-0.0012804865837097168,-0.010854317359585863,0.058369070291519165,6.4849853515625e-05,-0.02175779502834807,0.0732221007347107,0.011056005954742432,-0.03295771453525553,0.06842443346977234,0.021342992782592773,-0.04319479737426768,0.06969225406646729,-0.07341235876083374,-0.01604146186258326,0.08062997460365295,-0.00973445177078247,-0.033280879743356806,0.07063129544258118,-0.010304093360900879,-0.046148933954496485,0.064715176820755,-0.027317941188812256,-0.05602190691973696,0.04727482795715332,-0.07208865880966187,-0.020864097885747057,0.0576932430267334,0.0066872239112854,-0.03607475060965548,0.045843929052352905,-0.0033969879150390625,-0.042001791782636744,0.041337013244628906,-0.02454197406768799,-0.04755894888188372,0.022587984800338745,-0.05932736396789551,-0.02749158862974177,0.03305104374885559,0.01584690809249878,-0.03941644776608477,0.0219251811504364,0.003539741039276123,-0.038799692429561716,0.019017934799194336,-0.01712590456008911,-0.03877534020688067,-0.0008869469165802002,-0.040814220905303955,-0.03634246487166415,0.009655892848968506,0.016962707042694092,-0.04554956082250605,0.002547532320022583,0.006309449672698975,-0.04745874974872599,-0.0026591122150421143,-0.013035416603088379,-0.048591044284362894,0.05397908057947992,0.031834176049267686,0.015285207693525937,0.0,0.04431838982920994,0.0455728487611048,0.050459685087693405,0.049970701719834594,0.053462176683018635,0.06277252404756394,1
0.031600356101989746,-0.0012804865837097168,-0.010854317359585863,0.058369070291519165,6.4849853515625e-05,-0.02175779502834807,0.0732221007347107,0.011056005954742432,-0.03295771453525553,0.06842443346977234,0.021342992782592773,-0.04319479737426768,0.06969225406646729,-0.07341235876083374,-0.01604146186258326,0.08062997460365295,-0.00973445177078247,-0.033280879743356806,0.07063129544258118,-0.010304093360900879,-0.046148933954496485,0.064715176820755,-0.027317941188812256,-0.05602190691973696,0.04727482795715332,-0.07208865880966187,-0.020864097885747057,0.0576932430267334,0.0066872239112854,-0.03607475060965548,0.045843929052352905,-0.0033969879150390625,-0.042001791782636744,0.041337013244628906,-0.02454197406768799,-0.04755894888188372,0.022587984800338745,-0.05932736396789551,-0.02749158862974177,0.03305104374885559,0.01584690809249878,-0.03941644776608477,0.0219251811504364,0.003539741039276123,-0.038799692429561716,0.019017934799194336,-0.01712590456008911,-0.03877534020688067,-0.0008869469165802002,-0.040814220905303955,-0.03634246487166415,0.009655892848968506,0.016962707042694092,-0.04554956082250605,0.002547532320022583,0.006309449672698975,-0.04745874974872599,-0.0026591122150421143,-0.013035416603088379,-0.048591044284362894,0.05397908057947992,0.031834176049267686,0.015285207693525937,0.0,0.04431838982920994,0.0455728487611048,0.050459685087693405,0.049970701719834594,0.053462176683018635,0.06277252404756394,1
0.031600356101989746,-0.0012804865837097168,-0.010854317359585863,0.058369070291519165,6.4849853515625e-05,-0.02175779502834807,0.0732221007347107,0.011056005954742432,-0.03295771453525553,0.06842443346977234,0.021342992782592773,-0.04319479737426768,0.06969225406646729,-0.07341235876083374,-0.01604146186258326,0.08062997460365295,-0.00973445177078247,-0.033280879743356806,0.07063129544258118,-0.010304093360900879,-0.046148933954496485,0.064715176820755,-0.027317941188812256,-0.05602190691973696,0.04727482795715332,-0.07208865880966187,-0.020864097885747057,0.0576932430267334,0.0066872239112854,-0.03607475060965548,0.045843929052352905,-0.0033969879150390625,-0.042001791782636744,0.041337013244628906,-0.02454197406768799,-0.04755894888188372,0.022587984800338745,-0.05932736396789551,-0.02749158862974177,0.03305104374885559,0.01584690809249878,-0.03941644776608477,0.0219251811504364,0.003539741039276123,-0.038799692429561716,0.019017934799194336,-0.01712590456008911,-0.03877534020688067,-0.0008869469165802002,-0.040814220905303955,-0.03634246487166415,0.009655892848968506,0.016962707042694092,-0.04554956082250605,0.002547532320022583,0.006309449672698975,-0.04745874974872599,-0.0026591122150421143,-0.013035416603088379,-0.048591044284362894,0.05397908057947992,0.031834176049267686,0.015285207693525937,0.0,0.04431838982920994,0.0455728487611048,0.050459685087693405,0.049970701719834594,0.053462176683018635,0.06277252404756394,1
0.031600356101989746,-0.0012804865837097168,-0.010854317359585863,0.058369070291519165,6.4849853515625e-05,-0.02175779502834807,0.0732221007347107,0.011056005954742432,-0.03295771453525553,0.06842443346977234,0.021342992782592773,-0.04319479737426768,0.06969225406646729,-0.07341235876083374,-0.01604146186258326,0.08062997460365295,-0.00973445177078247,-0.033280879743356806,0.07063129544258118,-0.010304093360900879,-0.046148933954496485,0.064715176820755,-0.027317941188812256,-0.05602190691973696,0.04727482795715332,-0.07208865880966187,-0.020864097885747057,0.0576932430267334,0.0066872239112854,-0.03607475060965548,0.045843929052352905,-0.0033969879150390625,-0.042001791782636744,0.041337013244628906,-0.02454197406768799,-0.04755894888188372,0.022587984800338745,-0.05932736396789551,-0.02749158862974177,0.03305104374885559,0.01584690809249878,-0.03941644776608477,0.0219251811504364,0.003539741039276123,-0.038799692429561716,0.019017934799194336,-0.01712590456008911,-0.03877534020688067,-0.0008869469165802002,-0.040814220905303955,-0.03634246487166415,0.009655892848968506,0.016962707042694092,-0.04554956082250605,0.002547532320022583,0.006309449672698975,-0.04745874974872599,-0.0026591122150421143,-0.013035416603088379,-0.048591044284362894,0.05397908057947992,0.031834176049267686,0.015285207693525937,0.0,0.04431838982920994,0.0455728487611048,0.050459685087693405,0.049970701719834594,0.053462176683018635,0.06277252404756394,1
0.031600356101989746,-0.0012804865837097168,-0.010854317359585863,0.058369070291519165,6.4849853515625e-05,-0.02175779502834807,0.0732221007347107,0.011056005954742432,-0.03295771453525553,0.06842443346977234,0.021342992782592773,-0.04319479737426768,0.06969225406646729,-0.07341235876083374,-0.01604146186258326,0.08062997460365295,-0.00973445177078247,-0.033280879743356806,0.07063129544258118,-0.010304093360900879,-0.046148933954496485,0.064715176820755,-0.027317941188812256,-0.05602190691973696,0.04727482795715332,-0.07208865880966187,-0.020864097885747057,0.0576932430267334,0.0066872239112854,-0.03607475060965548,0.045843929052352905,-0.0033969879150390625,-0.042001791782636744,0.041337013244628906,-0.02454197406768799,-0.04755894888188372,0.022587984800338745,-0.05932736396789551,-0.02749158862974177,0.03305104374885559,0.01584690809249878,-0.03941644776608477,0.0219251811504364,0.003539741039276123,-0.038799692429561716,0.019017934799194336,-0.01712590456008911,-0.03877534020688067,-0.0008869469165802002,-0.040814220905303955,-0.03634246487166415,0.009655892848968506,0.016962707042694092,-0.04554956082250605,0.002547532320022583,0.006309449672698975,-0.04745874974872599,-0.0026591122150421143,-0.013035416603088379,-0.048591044284362894,0.05397908057947992,0.031834176049267686,0.015285207693525937,0.0,0.04431838982920994,0.0455728487611048,0.050459685087693405,0.049970701719834594,0.053462176683018635,0.06277252404756394,1
0.031600356101989746,-0.0012804865837097168,-0.010854317359585863,0.058369070291519165,6.4849853515625e-05,-0.02175779502834807,0.0732221007347107,0.011056005954742432,-0.03295771453525553,0.06842443346977234,0.021342992782592773,-0.04319479737426768,0.06969225406646729,-0.07341235876083374,-0.01604146186258326,0.08062997460365295,-0.00973445177078247,-0.033280879743356806,0.07063129544258118,-0.010304093360900879,-0.046148933954496485,0.064715176820755,-0.027317941188812256,-0.05602190691973696,0.04727482795715332,-0.07208865880966187,-0.020864097885747057,0.0576932430267334,0.0066872239112854,-0.03607475060965548,0.045843929052352905,-0.0033969879150390625,-0.042001791782636744,0.041337013244628906,-0.02454197406768799,-0.04755894888188372,0.022587984800338745,-0.05932736396789551,-0.02749158862974177,0.03305104374885559,0.01584690809249878,-0.03941644776608477,0.0219251811504364,0.003539741039276123,-0.038799692429561716,0.019017934799194336,-0.01712590456008911,-0.03877534020688067,-0.0008869469165802002,-0.040814220905303955,-0.03634246487166415,0.009655892848968506,0.016962707042694092,-0.04554956082250605,0.002547532320022583,0.006309449672698975,-0.04745874974872599,-0.0026591122150421143,-0.013035416603088379,-0.048591044284362894,0.05397908057947992,0.031834176049267686,0.015285207693525937,0.0,0.04431838982920994,0.0455728487611048,0.050459685087693405,0.049970701719834594,0.053462176683018635,0.06277252404756394,1
0.031600356101989746,-0.0012804865837097168,-0.010854317359585863,0.058369070291519165,6.4849853515625e-05,-0.02175779502834807,0.0732221007347107,0.011056005954742432,-0.03295771453525553,0.06842443346977234,0.021342992782592773,-0.04319479737426768,0.06969225406646729,-0.07341235876083374,-0.01604146186258326,0.08062997460365295,-0.00973445177078247,-0.033280879743356806,0.07063129544258118,-0.010304093360900879,-0.046148933954496485,0.064715176820755,-0.027317941188812256,-0.05602190691973696,0.04727482795715332,-0.07208865880966187,-0.020864097885747057,0.0576932430267334,0.0066872239112854,-0.03607475060965548,0.045843929052352905,-0.0033969879150390625,-0.042001791782636744,0.041337013244628906,-0.02454197406768799,-0.04755894888188372,0.022587984800338745,-0.05932736396789551,-0.02749158862974177,0.03305104374885559,0.01584690809249878,-0.03941644776608477,0.0219251811504364,0.003539741039276123,-0.038799692429561716,0.019017934799194336,-0.01712590456008911,-0.03877534020688067,-0.0008869469165802002,-0.040814220905303955,-0.03634246487166415,0.009655892848968506,0.016962707042694092,-0.04554956082250605,0.002547532320022583,0.006309449672698975,-0.04745874974872599,-0.0026591122150421143,-0.013035416603088379,-0.048591044284362894,0.05397908057947992,0.031834176049267686,0.015285207693525937,0.0,0.04431838982920994,0.0455728487611048,0.050459685087693405,0.049970701719834594,0.053462176683018635,0.06277252404756394,1
0.031600356101989746,-0.0012804865837097168,-0.010854317359585863,0.058369070291519165,6.4849853515625e-05,-0.02175779502834807,0.0732221007347107,0.011056005954742432,-0.03295771453525553,0.06842443346977234,0.021342992782592773,-0.04319479737426768,0.06969225406646729,-0.07341235876083374,-0.01604146186258326,0.08062997460365295,-0.00973445177078247,-0.033280879743356806,0.07063129544258118,-0.010304093360900879,-0.046148933954496485,0.064715176820755,-0.027317941188812256,-0.05602190691973696,0.04727482795715332,-0.07208865880966187,-0.020864097885747057,0.0576932430267334,0.0066872239112854,-0.03607475060965548,0.045843929052352905,-0.0033969879150390625,-0.042001791782636744,0.041337013244628906,-0.02454197406768799,-0.04755894888188372,0.022587984800338745,-0.05932736396789551,-0.02749158862974177,0.03305104374885559,0.01584690809249878,-0.03941644776608477,0.0219251811504364,0.003539741039276123,-0.038799692429561716,0.019017934799194336,-0.01712590456008911,-0.03877534020688067,-0.0008869469165802002,-0.040814220905303955,-0.03634246487166415,0.009655892848968506,0.016962707042694092,-0.04554956082250605,0.002547532320022583,0.006309449672698975,-0.04745874974872599,-0.0026591122150421143,-0.013035416603088379,-0.048591044284362894,0.05397908057947992,0.031834176049267686,0.015285207693525937,0.0,0.04431838982920994,0.0455728487611048,0.050459685087693405,0.049970701719834594,0.053462176683018635,0.06277252404756394,1
0.031600356101989746,-0.0012804865837097168,-0.010854317359585863,0.058369070291519165,6.4849853515625e-05,-0.02175779502834807,0.0732221007347107,0.011056005954742432,-0.03295771453525553,0.06842443346977234,0.021342992782592773,-0.04319479737426768,0.06969225406646729,-0.07341235876083374,-0.01604146186258326,0.08062997460365295,-0.00973445177078247,-0.033280879743356806,0.07063129544258118,-0.010304093360900879,-0.046148933954496485,0.064715176820755,-0.027317941188812256,-0.05602190691973696,0.04727482795715332,-0.07208865880966187,-0.020864097885747057,0.0576932430267334,0.0066872239112854,-0.03607475060965548,0.045843929052352905,-0.0033969879150390625,-0.042001791782636744,0.041337013244628906,-0.02454197406768799,-0.04755894888188372,0.022587984800338745,-0.05932736396789551,-0.02749158862974177,0.03305104374885559,0.01584690809249878,-0.03941644776608477,0.0219251811504364,0.003539741039276123,-0.038799692429561716,0.019017934799194336,-0.01712590456008911,-0.03877534020688067,-0.0008869469165802002,-0.040814220905303955,-0.03634246487166415,0.009655892848968506,0.016962707042694092,-0.04554956082250605,0.002547532320022583,0.006309449672698975,-0.04745874974872599,-0.0026591122150421143,-0.013035416603088379,-0.048591044284362894,0.05397908057947992,0.031834176049267686,0.015285207693525937,0.0,0.04431838982920994,0.0455728487611048,0.050459685087693405,0.049970701719834594,0.053462176683018635,0.06277252404756394,1
0.031600356101989746,-0.0012804865837097168,-0.010854317359585863,0.058369070291519165,6.4849853515625e-05,-0.02175779502834807,0.0732221007347107,0.011056005954742432,-0.03295771453525553,0.06842443346977234,0.021342992782592773,-0.04319479737426768,0.06969225406646729,-0.07341235876083374,-0.01604146186258326,0.08062997460365295,-0.00973445177078247,-0.033280879743356806,0.07063129544258118,-0.010304093360900879,-0.046148933954496485,0.064715176820755,-0.027317941188812256,-0.05602190691973696,0.04727482795715332,-0.07208865880966187,-0.020864097885747057,0.0576932430267334,0.0066872239112854,-0.03607475060965548,0.045843929052352905,-0.0033969879150390625,-0.042001791782636744,0.041337013244628906,-0.02454197406768799,-0.04755894888188372,0.022587984800338745,-0.05932736396789551,-0.02749158862974177,0.03305104374885559,0.01584690809249878,-0.03941644776608477,0.0219251811504364,0.003539741039276123,-0.038799692429561716,0.019017934799194336,-0.01712590456008911,-0.03877534020688067,-0.0008869469165802002,-0.040814220905303955,-0.03634246487166415,0.009655892848968506,0.016962707042694092,-0.04554956082250605,0.002547532320022583,0.006309449672698975,-0.04745874974872599,-0.0026591122150421143,-0.013035416603088379,-0.048591044284362894,0.05397908057947992,0.031834176049267686,0.015285207693525937,0.0,0.04431838982920994,0.0455728487611048,0.050459685087693405,0.049970701719834594,0.053462176683018635,0.06277252404756394,1
0.031600356101989746,-0.0012804865837097168,-0.010854317359585863,0.058369070291519165,6.4849853515625e-05,-0.02175779502834807,0.0732221007347107,0.011056005954742432,-0.03295771453525553,0.06842443346977234,0.021342992782592773,-0.04319479737426768,0.06969225406646729,-0.07341235876083374,-0.01604146186258326,0.08062997460365295,-0.00973445177078247,-0.033280879743356806,0.07063129544258118,-0.010304093360900879,-0.046148933954496485,0.064715176820755,-0.027317941188812256,-0.05602190691973696,0.04727482795715332,-0.07208865880966187,-0.020864097885747057,0.0576932430267334,0.0066872239112854,-0.03607475060965548,0.045843929052352905,-0.0033969879150390625,-0.042001791782636744,0.041337013244628906,-0.02454197406768799,-0.04755894888188372,0.022587984800338745,-0.05932736396789551,-0.02749158862974177,0.03305104374885559,0.01584690809249878,-0.03941644776608477,0.0219251811504364,0.003539741039276123,-0.038799692429561716,0.019017934799194336,-0.01712590456008911,-0.03877534020688067,-0.0008869469165802002,-0.040814220905303955,-0.03634246487166415,0.009655892848968506,0.016962707042694092,-0.04554956082250605,0.002547532320022583,0.006309449672698975,-0.04745874974872599,-0.0026591122150421143,-0.013035416603088379,-0.048591044284362894,0.05397908057947992,0.031834176049267686,0.015285207693525937,0.0,0.04431838982920994,0.0455728487611048,0.050459685087693405,0.049970701719834594,0.053462176683018635,0.06277252404756394,1
0.031600356101989746,-0.0012804865837097168,-0.010854317359585863,0.058369070291519165,6.4849853515625e-05,-0.02175779502834807,0.0732221007347107,0.011056005954742432,-0.03295771453525553,0.06842443346977234,0.021342992782592773,-0.04319479737426768,0.06969225406646729,-0.07341235876083374,-0.01604146186258326,0.08062997460365295,-0.00973445177078247,-0.033280879743356806,0.07063129544258118,-0.010304093360900879,-0.046148933954496485,0.064715176820755,-0.027317941188812256,-0.05602190691973696,0.04727482795715332,-0.07208865880966187,-0.020864097885747057,0.0576932430267334,0.0066872239112854,-0.03607475060965548,0.045843929052352905,-0.0033969879150390625,-0.042001791782636744,0.041337013244628906,-0.02454197406768799,-0.04755894888188372,0.022587984800338745,-0.05932736396789551,-0.02749158862974177,0.03305104374885559,0.01584690809249878,-0.03941644776608477,0.0219251811504364,0.003539741039276123,-0.038799692429561716,0.019017934799194336,-0.01712590456008911,-0.03877534020688067,-0.0008869469165802002,-0.040814220905303955,-0.03634246487166415,0.009655892848968506,0.016962707042694092,-0.04554956082250605,0.002547532320022583,0.006309449672698975,-0.04745874974872599,-0.0026591122150421143,-0.013035416603088379,-0.048591044284362894,0.05397908057947992,0.031834176049267686,0.015285207693525937,0.0,0.04431838982920994,0.0455728487611048,0.050459685087693405,0.049970701719834594,0.053462176683018635,0.06277252404756394,1
0.031600356101989746,-0.0012804865837097168,-0.010854317359585863,0.058369070291519165,6.4849853515625e-05,-0.02175779502834807,0.0732221007347107,0.011056005954742432,-0.03295771453525553,0.06842443346977234,0.021342992782592773,-0.04319479737426768,0.06969225406646729,-0.07341235876083374,-0.01604146186258326,0.08062997460365295,-0.00973445177078247,-0.033280879743356806,0.07063129544258118,-0.010304093360900879,-0.046148933954496485,0.064715176820755,-0.027317941188812256,-0.05602190691973696,0.04727482795715332,-0.07208865880966187,-0.020864097885747057,0.0576932430267334,0.0066872239112854,-0.03607475060965548,0.045843929052352905,-0.0033969879150390625,-0.042001791782636744,0.041337013244628906,-0.02454197406768799,-0.04755894888188372,0.022587984800338745,-0.05932736396789551,-0.02749158862974177,0.03305104374885559,0.01584690809249878,-0.03941644776608477,0.0219251811504364,0.003539741039276123,-0.038799692429561716,0.019017934799194336,-0.01712590456008911,-0.03877534020688067,-0.0008869469165802002,-0.040814220905303955,-0.03634246487166415,0.009655892848968506,0.016962707042694092,-0.04554956082250605,0.002547532320022583,0.006309449672698975,-0.04745874974872599,-0.0026591122150421143,-0.013035416603088379,-0.048591044284362894,0.05397908057947992,0.031834176049267686,0.015285207693525937,0.0,0.04431838982920994,0.0455728487611048,0.050459685087693405,0.049970701719834594,0.053462176683018635,0.06277252404756394,1
0.031600356101989746,-0.0012804865837097168,-0.010854317359585863,0.058369070291519165,6.4849853515625e-05,-0.02175779502834807,0.0732221007347107,0.011056005954742432,-0.03295771453525553,0.06842443346977234,0.021342992782592773,-0.04319479737426768,0.06969225406646729,-0.07341235876083374,-0.01604146186258326,0.08062997460365295,-0.00973445177078247,-0.033280879743356806,0.07063129544258118,-0.010304093360900879,-0.046148933954496485,0.064715176820755,-0.027317941188812256,-0.05602190691973696,0.04727482795715332,-0.07208865880966187,-0.020864097885747057,0.0576932430267334,0.0066872239112854,-0.03607475060965548,0.045843929052352905,-0.0033969879150390625,-0.042001791782636744,0.041337013244628906,-0.02454197406768799,-0.04755894888188372,0.022587984800338745,-0.05932736396789551,-0.02749158862974177,0.03305104374885559,0.01584690809249878,-0.03941644776608477,0.0219251811504364,0.003539741039276123,-0.038799692429561716,0.019017934799194336,-0.01712590456008911,-0.03877534020688067,-0.0008869469165802002,-0.040814220905303955,-0.03634246487166415,0.009655892848968506,0.016962707042694092,-0.04554956082250605,0.002547532320022583,0.006309449672698975,-0.04745874974872599,-0.0026591122150421143,-0.013035416603088379,-0.048591044284362894,0.05397908057947992,0.031834176049267686,0.015285207693525937,0.0,0.04431838982920994,0.0455728487611048,0.050459685087693405,0.049970701719834594,0.053462176683018635,0.06277252404756394,1
0.031600356101989746,-0.0012804865837097168,-0.010854317359585863,0.058369070291519165,6.4849853515625e-05,-0.02175779502834807,0.0732221007347107,0.011056005954742432,-0.03295771453525553,0.06842443346977234,0.021342992782592773,-0.04319479737426768,0.06969225406646729,-0.07341235876083374,-0.01604146186258326,0.08062997460365295,-0.00973445177078247,-0.033280879743356806,0.07063129544258118,-0.010304093360900879,-0.046148933954496485,0.064715176820755,-0.027317941188812256,-0.05602190691973696,0.04727482795715332,-0.07208865880966187,-0.020864097885747057,0.0576932430267334,0.0066872239112854,-0.03607475060965548,0.045843929052352905,-0.0033969879150390625,-0.042001791782636744,0.041337013244628906,-0.02454197406768799,-0.04755894888188372,0.022587984800338745,-0.05932736396789551,-0.02749158862974177,0.03305104374885559,0.01584690809249878,-0.03941644776608477,0.0219251811504364,0.003539741039276123,-0.038799692429561716,0.019017934799194336,-0.01712590456008911,-0.03877534020688067,-0.0008869469165802002,-0.040814220905303955,-0.03634246487166415,0.009655892848968506,0.016962707042694092,-0.04554956082250605,0.002547532320022583,0.006309449672698975,-0.04745874974872599,-0.0026591122150421143,-0.013035416603088379,-0.048591044284362894,0.05397908057947992,0.031834176049267686,0.015285207693525937,0.0,0.04431838982920994,0.0455728487611048,0.050459685087693405,0.049970701719834594,0.053462176683018635,0.06277252404756394,1
0.031600356101989746,-0.0012804865837097168,-0.010854317359585863,0.058369070291519165,6.4849853515625e-05,-0.02175779502834807,0.0732221007347107,0.011056005954742432,-0.03295771453525553,0.06842443346977234,0.021342992782592773,-0.04319479737426768,0.06969225406646729,-0.07341235876083374,-0.01604146186258326,0.08062997460365295,-0.00973445177078247,-0.033280879743356806,0.07063129544258118,-0.010304093360900879,-0.046148933954496485,0.064715176820755,-0.027317941188812256,-0.05602190691973696,0.04727482795715332,-0.07208865880966187,-0.020864097885747057,0.0576932430267334,0.0066872239112854,-0.03607475060965548,0.045843929052352905,-0.0033969879150390625,-0.042001791782636744,0.041337013244628906,-0.02454197406768799,-0.04755894888188372,0.022587984800338745,-0.05932736396789551,-0.02749158862974177,0.03305104374885559,0.01584690809249878,-0.03941644776608477,0.0219251811504364,0.003539741039276123,-0.038799692429561716,0.019017934799194336,-0.01712590456008911,-0.03877534020688067,-0.0008869469165802002,-0.040814220905303955,-0.03634246487166415,0.009655892848968506,0.016962707042694092,-0.04554956082250605,0.002547532320022583,0.006309449672698975,-0.04745874974872599,-0.0026591122150421143,-0.013035416603088379,-0.048591044284362894,0.05397908057947992,0.031834176049267686,0.015285207693525937,0.0,0.04431838982920994,0.0455728487611048,0.050459685087693405,0.049970701719834594,0.053462176683018635,0.06277252404756394,1
0.031600356101989746,-0.0012804865837097168,-0.010854317359585863,0.058369070291519165,6.4849853515625e-05,-0.02175779502834807,0.0732221007347107,0.011056005954742432,-0.03295771453525553,0.06842443346977234,0.021342992782592773,-0.04319479737426768,0.06969225406646729,-0.07341235876083374,-0.01604146186258326,0.08062997460365295,-0.00973445177078247,-0.033280879743356806,0.07063129544258118,-0.010304093360900879,-0.046148933954496485,0.064715176820755,-0.027317941188812256,-0.05602190691973696,0.04727482795715332,-0.07208865880966187,-0.020864097885747057,0.0576932430267334,0.0066872239112854,-0.03607475060965548,0.045843929052352905,-0.0033969879150390625,-0.042001791782636744,0.041337013244628906,-0.02454197406768799,-0.04755894888188372,0.022587984800338745,-0.05932736396789551,-0.02749158862974177,0.03305104374885559,0.01584690809249878,-0.03941644776608477,0.0219251811504364,0.003539741039276123,-0.038799692429561716,0.019017934799194336,-0.01712590456008911,-0.03877534020688067,-0.0008869469165802002,-0.040814220905303955,-0.03634246487166415,0.009655892848968506,0.016962707042694092,-0.04554956082250605,0.002547532320022583,0.006309449672698975,-0.04745874974872599,-0.0026591122150421143,-0.013035416603088379,-0.048591044284362894,0.05397908057947992,0.031834176049267686,0.015285207693525937,0.0,0.04431838982920994,0.0455728487611048,0.050459685087693405,0.049970701719834594,0.053462176683018635,0.06277252404756394,1
0.031600356101989746,-0.0012804865837097168,-0.010854317359585863,0.058369070291519165,6.4849853515625e-05,-0.02175779502834807,0.0732221007347107,0.011056005954742432,-0.03295771453525553,0.06842443346977234,0.021342992782592773,-0.04319479737426768,0.06969225406646729,-0.07341235876083374,-0.01604146186258326,0.08062997460365295,-0.00973445177078247,-0.033280879743356806,0.07063129544258118,-0.010304093360900879,-0.046148933954496485,0.064715176820755,-0.027317941188812256,-0.05602190691973696,0.04727482795715332,-0.07208865880966187,-0.020864097885747057,0.0576932430267334,0.0066872239112854,-0.03607475060965548,0.045843929052352905,-0.0033969879150390625,-0.042001791782636744,0.041337013244628906,-0.02454197406768799,-0.04755894888188372,0.022587984800338745,-0.05932736396789551,-0.02749158862974177,0.03305104374885559,0.01584690809249878,-0.03941644776608477,0.0219251811504364,0.003539741039276123,-0.038799692429561716,0.019017934799194336,-0.01712590456008911,-0.03877534020688067,-0.0008869469165802002,-0.040814220905303955,-0.03634246487166415,0.009655892848968506,0.016962707042694092,-0.04554956082250605,0.002547532320022583,0.006309449672698975,-0.04745874974872599,-0.0026591122150421143,-0.013035416603088379,-0.048591044284362894,0.05397908057947992,0.031834176049267686,0.015285207693525937,0.0,0.04431838982920994,0.0455728487611048,0.050459685087693405,0.049970701719834594,0.053462176683018635,0.06277252404756394,1
0.031600356101989746,-0.0012804865837097168,-0.010854317359585863,0.058369070291519165,6.4849853515625e-05,-0.02175779502834807,0.0732221007347107,0.011056005954742432,-0.03295771453525553,0.06842443346977234,0.021342992782592773,-0.04319479737426768,0.06969225406646729,-0.07341235876083374,-0.01604146186258326,0.08062997460365295,-0.00973445177078247,-0.033280879743356806,0.07063129544258118,-0.010304093360900879,-0.046148933954496485,0.064715176820755,-0.027317941188812256,-0.05602190691973696,0.04727482795715332,-0.07208865880966187,-0.020864097885747057,0.0576932430267334,0.0066872239112854,-0.03607475060965548,0.045843929052352905,-0.0033969879150390625,-0.042001791782636744,0.041337013244628906,-0.02454197406768799,-0.04755894888188372,0.022587984800338745,-0.05932736396789551,-0.02749158862974177,0.03305104374885559,0.01584690809249878,-0.03941644776608477,0.0219251811504364,0.003539741039276123,-0.038799692429561716,0.019017934799194336,-0.01712590456008911,-0.03877534020688067,-0.0008869469165802002,-0.040814220905303955,-0.03634246487166415,0.009655892848968506,0.016962707042694092,-0.04554956082250605,0.002547532320022583,0.006309449672698975,-0.04745874974872599,-0.0026591122150421143,-0.013035416603088379,-0.048591044284362894,0.05397908057947992,0.031834176049267686,0.015285207693525937,0.0,0.04431838982920994,0.0455728487611048,0.050459685087693405,0.049970701719834594,0.053462176683018635,0.06277252404756394,1
0.031600356101989746,-0.0012804865837097168,-0.010854317359585863,0.058369070291519165,6.4849853515625e-05,-0.02175779502834807,0.0732221007347107,0.011056005954742432,-0.03295771453525553,0.06842443346977234,0.021342992782592773,-0.04319479737426768,0.06969225406646729,-0.07341235876083374,-0.01604146186258326,0.08062997460365295,-0.00973445177078247,-0.033280879743356806,0.07063129544258118,-0.010304093360900879,-0.046148933954496485,0.064715176820755,-0.027317941188812256,-0.05602190691973696,0.04727482795715332,-0.07208865880966187,-0.020864097885747057,0.0576932430267334,0.0066872239112854,-0.03607475060965548,0.045843929052352905,-0.0033969879150390625,-0.042001791782636744,0.041337013244628906,-0.02454197406768799,-0.04755894888188372,0.022587984800338745,-0.05932736396789551,-0.02749158862974177,0.03305104374885559,0.01584690809249878,-0.03941644776608477,0.0219251811504364,0.003539741039276123,-0.038799692429561716,0.019017934799194336,-0.01712590456008911,-0.03877534020688067,-0.0008869469165802002,-0.040814220905303955,-0.03634246487166415,0.009655892848968506,0.016962707042694092,-0.04554956082250605,0.002547532320022583,0.006309449672698975,-0.04745874974872599,-0.0026591122150421143,-0.013035416603088379,-0.048591044284362894,0.05397908057947992,0.031834176049267686,0.015285207693525937,0.0,0.04431838982920994,0.0455728487611048,0.050459685087693405,0.049970701719834594,0.053462176683018635,0.06277252404756394,1
0.031600356101989746,-0.0012804865837097168,-0.010854317359585863,0.058369070291519165,6.4849853515625e-05,-0.02175779502834807,0.0732221007347107,0.011056005954742432,-0.03295771453525553,0.06842443346977234,0.021342992782592773,-0.04319479737426768,0.06969225406646729,-0.07341235876083374,-0.01604146186258326,0.08062997460365295,-0.00973445177078247,-0.033280879743356806,0.07063129544258118,-0.010304093360900879,-0.046148933954496485,0.064715176820755,-0.027317941188812256,-0.05602190691973696,0.04727482795715332,-0.07208865880966187,-0.020864097885747057,0.0576932430267334,0.0066872239112854,-0.03607475060965548,0.045843929052352905,-0.0033969879150390625,-0.042001791782636744,0.041337013244628906,-0.02454197406768799,-0.04755894888188372,0.022587984800338745,-0.05932736396789551,-0.02749158862974177,0.03305104374885559,0.01584690809249878,-0.03941644776608477,0.0219251811504364,0.003539741039276123,-0.038799692429561716,0.019017934799194336,-0.01712590456008911,-0.03877534020688067,-0.0008869469165802002,-0.040814220905303955,-0.03634246487166415,0.009655892848968506,0.016962707042694092,-0.04554956082250605,0.002547532320022583,0.006309449672698975,-0.04745874974872599,-0.0026591122150421143,-0.013035416603088379,-0.048591044284362894,0.05397908057947992,0.031834176049267686,0.015285207693525937,0.0,0.04431838982920994,0.0455728487611048,0.050459685087693405,0.049970701719834594,0.053462176683018635,0.06277252404756394,1
0.031600356101989746,-0.0012804865837097168,-0.010854317359585863,0.058369070291519165,6.4849853515625e-05,-0.02175779502834807,0.0732221007347107,0.011056005954742432,-0.03295771453525553,0.06842443346977234,0.021342992782592773,-0.04319479737426768,0.06969225406646729,-0.07341235876083374,-0.01604146186258326,0.08062997460365295,-0.00973445177078247,-0.033280879743356806,0.07063129544258118,-0.010304093360900879,-0.046148933954496485,0.064715176820755,-0.027317941188812256,-0.05602190691973696,0.04727482795715332,-0.07208865880966187,-0.020864097885747057,0.0576932430267334,0.0066872239112854,-0.03607475060965548,0.045843929052352905,-0.0033969879150390625,-0.042001791782636744,0.041337013244628906,-0.02454197406768799,-0.04755894888188372,0.022587984800338745,-0.05932736396789551,-0.02749158862974177,0.03305104374885559,0.01584690809249878,-0.03941644776608477,0.0219251811504364,0.003539741039276123,-0.038799692429561716,0.019017934799194336,-0.01712590456008911,-0.03877534020688067,-0.0008869469165802002,-0.040814220905303955,-0.03634246487166415,0.009655892848968506,0.016962707042694092,-0.04554956082250605,0.002547532320022583,0.006309449672698975,-0.04745874974872599,-0.0026591122150421143,-0.013035416603088379,-0.048591044284362894,0.05397908057947992,0.031834176049267686,0.015285207693525937,0.0,0.04431838982920994,0.0455728487611048,0.050459685087693405,0.049970701719834594,0.053462176683018635,0.06277252404756394,1
0.031600356101989746,-0.0012804865837097168,-0.010854317359585863,0.058369070291519165,6.4849853515625e-05,-0.02175779502834807,0.0732221007347107,0.011056005954742432,-0.03295771453525553,0.06842443346977234,0.021342992782592773,-0.04319479737426768,0.06969225406646729,-0.07341235876083374,-0.01604146186258326,0.08062997460365295,-0.00973445177078247,-0.033280879743356806,0.07063129544258118,-0.010304093360900879,-0.046148933954496485,0.064715176820755,-0.027317941188812256,-0.05602190691973696,0.04727482795715332,-0.07208865880966187,-0.020864097885747057,0.0576932430267334,0.0066872239112854,-0.03607475060965548,0.045843929052352905,-0.0033969879150390625,-0.042001791782636744,0.041337013244628906,-0.02454197406768799,-0.04755894888188372,0.022587984800338745,-0.05932736396789551,-0.02749158862974177,0.03305104374885559,0.01584690809249878,-0.03941644776608477,0.0219251811504364,0.003539741039276123,-0.038799692429561716,0.019017934799194336,-0.01712590456008911,-0.03877534020688067,-0.0008869469165802002,-0.040814220905303955,-0.03634246487166415,0.009655892848968506,0.016962707042694092,-0.04554956082250605,0.002547532320022583,0.006309449672698975,-0.04745874974872599,-0.0026591122150421143,-0.013035416603088379,-0.048591044284362894,0.05397908057947992,0.031834176049267686,0.015285207693525937,0.0,0.04431838982920994,0.0455728487611048,0.050459685087693405,0.049970701719834594,0.053462176683018635,0.06277252404756394,1
0.031600356101989746,-0.0012804865837097168,-0.010854317359585863,0.058369070291519165,6.4849853515625e-05,-0.02175779502834807,0.0732221007347107,0.011056005954742432,-0.03295771453525553,0.06842443346977234,0.021342992782592773,-0.04319479737426768,0.06969225406646729,-0.07341235876083374,-0.01604146186258326,0.08062997460365295,-0.00973445177078247,-0.033280879743356806,0.07063129544258118,-0.010304093360900879,-0.046148933954496485,0.064715176820755,-0.027317941188812256,-0.05602190691973696,0.04727482795715332,-0.07208865880966187,-0.020864097885747057,0.0576932430267334,0.0066872239112854,-0.03607475060965548,0.045843929052352905,-0.0033969879150390625,-0.042001791782636744,0.041337013244628906,-0.02454197406768799,-0.04755894888188372,0.022587984800338745,-0.05932736396789551,-0.02749158862974177,0.03305104374885559,0.01584690809249878,-0.03941644776608477,0.0219251811504364,0.003539741039276123,-0.038799692429561716,0.019017934799194336,-0.01712590456008911,-0.03877534020688067,-0.0008869469165802002,-0.040814220905303955,-0.03634246487166415,0.009655892848968506,0.016962707042694092,-0.04554956082250605,0.002547532320022583,0.006309449672698975,-0.04745874974872599,-0.0026591122150421143,-0.013035416603088379,-0.048591044284362894,0.05397908057947992,0.031834176049267686,0.015285207693525937,0.0,0.04431838982920994,0.0455728487611048,0.050459685087693405,0.049970701719834594,0.053462176683018635,0.06277252404756394,1
0.031600356101989746,-0.0012804865837097168,-0.010854317359585863,0.058369070291519165,6.4849853515625e-05,-0.02175779502834807,0.0732221007347107,0.011056005954742432,-0.03295771453525553,0.06842443346977234,0.021342992782592773,-0.04319479737426768,0.06969225406646729,-0.07341235876083374,-0.01604146186258326,0.08062997460365295,-0.00973445177078247,-0.033280879743356806,0.07063129544258118,-0.010304093360900879,-0.046148933954496485,0.064715176820755,-0.027317941188812256,-0.05602190691973696,0.04727482795715332,-0.07208865880966187,-0.020864097885747057,0.0576932430267334,0.0066872239112854,-0.03607475060965548,0.045843929052352905,-0.0033969879150390625,-0.042001791782636744,0.041337013244628906,-0.02454197406768799,-0.04755894888188372,0.022587984800338745,-0.05932736396789551,-0.02749158862974177,0.03305104374885559,0.01584690809249878,-0.03941644776608477,0.0219251811504364,0.003539741039276123,-0.038799692429561716,0.019017934799194336,-0.01712590456008911,-0.03877534020688067,-0.0008869469165802002,-0.040814220905303955,-0.03634246487166415,0.009655892848968506,0.016962707042694092,-0.04554956082250605,0.002547532320022583,0.006309449672698975,-0.04745874974872599,-0.0026591122150421143,-0.013035416603088379,-0.048591044284362894,0.05397908057947992,0.031834176049267686,0.015285207693525937,0.0,0.04431838982920994,0.0455728487611048,0.050459685087693405,0.049970701719834594,0.053462176683018635,0.06277252404756394,1
0.031600356101989746,-0.0012804865837097168,-0.010854317359585863,0.058369070291519165,6.4849853515625e-05,-0.02175779502834807,0.0732221007347107,0.011056005954742432,-0.03295771453525553,0.06842443346977234,0.021342992782592773,-0.04319479737426768,0.06969225406646729,-0.07341235876083374,-0.01604146186258326,0.08062997460365295,-0.00973445177078247,-0.033280879743356806,0.07063129544258118,-0.010304093360900879,-0.046148933954496485,0.064715176820755,-0.027317941188812256,-0.05602190691973696,0.04727482795715332,-0.07208865880966187,-0.020864097885747057,0.0576932430267334,0.0066872239112854,-0.03607475060965548,0.045843929052352905,-0.0033969879150390625,-0.042001791782636744,0.041337013244628906,-0.02454197406768799,-0.04755894888188372,0.022587984800338745,-0.05932736396789551,-0.02749158862974177,0.03305104374885559,0.01584690809249878,-0.03941644776608477,0.0219251811504364,0.003539741039276123,-0.038799692429561716,0.019017934799194336,-0.01712590456008911,-0.03877534020688067,-0.0008869469165802002,-0.040814220905303955,-0.03634246487166415,0.009655892848968506,0.016962707042694092,-0.04554956082250605,0.002547532320022583,0.006309449672698975,-0.04745874974872599,-0.0026591122150421143,-0.013035416603088379,-0.048591044284362894,0.05397908057947992,0.031834176049267686,0.015285207693525937,0.0,0.04431838982920994,0.0455728487611048,0.050459685087693405,0.049970701719834594,0.053462176683018635,0.06277252404756394,1
0.031600356101989746,-0.0012804865837097168,-0.010854317359585863,0.058369070291519165,6.4849853515625e-05,-0.02175779502834807,0.0732221007347107,0.011056005954742432,-0.03295771453525553,0.06842443346977234,0.021342992782592773,-0.04319479737426768,0.06969225406646729,-0.07341235876083374,-0.01604146186258326,0.08062997460365295,-0.00973445177078247,-0.033280879743356806,0.07063129544258118,-0.010304093360900879,-0.046148933954496485,0.064715176820755,-0.027317941188812256,-0.05602190691973696,0.04727482795715332,-0.07208865880966187,-0.020864097885747057,0.0576932430267334,0.0066872239112854,-0.03607475060965548,0.045843929052352905,-0.0033969879150390625,-0.042001791782636744,0.041337013244628906,-0.02454197406768799,-0.04755894888188372,0.022587984800338745,-0.05932736396789551,-0.02749158862974177,0.03305104374885559,0.01584690809249878,-0.03941644776608477,0.0219251811504364,0.003539741039276123,-0.038799692429561716,0.019017934799194336,-0.01712590456008911,-0.03877534020688067,-0.0008869469165802002,-0.040814220905303955,-0.03634246487166415,0.009655892848968506,0.016962707042694092,-0.04554956082250605,0.002547532320022583,0.006309449672698975,-0.04745874974872599,-0.0026591122150421143,-0.013035416603088379,-0.048591044284362894,0.05397908057947992,0.031834176049267686,0.015285207693525937,0.0,0.04431838982920994,0.0455728487611048,0.050459685087693405,0.049970701719834594,0.053462176683018635,0.06277252404756394,1
0.031600356101989746,-0.0012804865837097168,-0.010854317359585863,0.058369070291519165,6.4849853515625e-05,-0.02175779502834807,0.0732221007347107,0.011056005954742432,-0.03295771453525553,0.06842443346977234,0.021342992782592773,-0.04319479737426768,0.06969225406646729,-0.07341235876083374,-0.01604146186258326,0.08062997460365295,-0.00973445177078247,-0.033280879743356806,0.07063129544258118,-0.010304093360900879,-0.046148933954496485,0.064715176820755,-0.027317941188812256,-0.05602190691973696,0.04727482795715332,-0.07208865880966187,-0.020864097885747057,0.0576932430267334,0.0066872239112854,-0.03607475060965548,0.045843929052352905,-0.0033969879150390625,-0.042001791782636744,0.041337013244628906,-0.02454197406768799,-0.04755894888188372,0.022587984800338745,-0.05932736396789551,-0.02749158862974177,0.03305104374885559,0.01584690809249878,-0.03941644776608477,0.0219251811504364,0.003539741039276123,-0.038799692429561716,0.019017934799194336,-0.01712590456008911,-0.03877534020688067,-0.0008869469165802002,-0.040814220905303955,-0.03634246487166415,0.009655892848968506,0.016962707042694092,-0.04554956082250605,0.002547532320022583,0.006309449672698975,-0.04745874974872599,-0.0026591122150421143,-0.013035416603088379,-0.048591044284362894,0.05397908057947992,0.031834176049267686,0.015285207693525937,0.0,0.04431838982920994,0.0455728487611048,0.050459685087693405,0.049970701719834594,0.053462176683018635,0.06277252404756394,1
0.031600356101989746,-0.0012804865837097168,-0.010854317359585863,0.058369070291519165,6.4849853515625e-05,-0.02175779502834807,0.0732221007347107,0.011056005954742432,-0.03295771453525553,0.06842443346977234,0.021342992782592773,-0.04319479737426768,0.06969225406646729,-0.07341235876083374,-0.01604146186258326,0.08062997460365295,-0.00973445177078247,-0.033280879743356806,0.07063129544258118,-0.010304093360900879,-0.046148933954496485,0.064715176820755,-0.027317941188812256,-0.05602190691973696,0.04727482795715332,-0.07208865880966187,-0.020864097885747057,0.0576932430267334,0.0066872239112854,-0.03607475060965548,0.045843929052352905,-0.0033969879150390625,-0.042001791782636744,0.041337013244628906,-0.02454197406768799,-0.04755894888188372,0.022587984800338745,-0.05932736396789551,-0.02749158862974177,0.03305104374885559,0.01584690809249878,-0.03941644776608477,0.0219251811504364,0.003539741039276123,-0.038799692429561716,0.019017934799194336,-0.01712590456008911,-0.03877534020688067,-0.0008869469165802002,-0.040814220905303955,-0.03634246487166415,0.009655892848968506,0.016962707042694092,-0.04554956082250605,0.002547532320022583,0.006309449672698975,-0.04745874974872599,-0.0026591122150421143,-0.013035416603088379,-0.048591044284362894,0.05397908057947992,0.031834176049267686,0.015285207693525937,0.0,0.04431838982920994,0.0455728487611048,0.050459685087693405,0.049970701719834594,0.053462176683018635,0.06277252404756394,1
0.031600356101989746,-0.0012804865837097168,-0.010854317359585863,0.058369070291519165,6.4849853515625e-05,-0.02175779502834807,0.0732221007347107,0.011056005954742432,-0.03295771453525553,0.06842443346977234,0.021342992782592773,-0.04319479737426768,0.06969225406646729,-0.07341235876083374,-0.01604146186258326,0.08062997460365295,-0.00973445177078247,-0.033280879743356806,0.07063129544258118,-0.010304093360900879,-0.046148933954496485,0.064715176820755,-0.027317941188812256,-0.05602190691973696,0.04727482795715332,-0.07208865880966187,-0.020864097885747057,0.0576932430267334,0.0066872239112854,-0.03607475060965548,0.045843929052352905,-0.0033969879150390625,-0.042001791782636744,0.041337013244628906,-0.02454197406768799,-0.04755894888188372,0.022587984800338745,-0.05932736396789551,-0.02749158862974177,0.03305104374885559,0.01584690809249878,-0.03941644776608477,0.0219251811504364,0.003539741039276123,-0.038799692429561716,0.019017934799194336,-0.01712590456008911,-0.03877534020688067,-0.0008869469165802002,-0.040814220905303955,-0.03634246487166415,0.009655892848968506,0.016962707042694092,-0.04554956082250605,0.002547532320022583,0.006309449672698975,-0.04745874974872599,-0.0026591122150421143,-0.013035416603088379,-0.048591044284362894,0.05397908057947992,0.031834176049267686,0.015285207693525937,0.0,0.04431838982920994,0.0455728487611048,0.050459685087693405,0.049970701719834594,0.053462176683018635,0.06277252404756394,1
0.031600356101989746,-0.0012804865837097168,-0.010854317359585863,0.058369070291519165,6.4849853515625e-05,-0.02175779502834807,0.0732221007347107,0.011056005954742432,-0.03295771453525553,0.06842443346977234,0.021342992782592773,-0.04319479737426768,0.06969225406646729,-0.07341235876083374,-0.01604146186258326,0.08062997460365295,-0.00973445177078247,-0.033280879743356806,0.07063129544258118,-0.010304093360900879,-0.046148933954496485,0.064715176820755,-0.027317941188812256,-0.05602190691973696,0.04727482795715332,-0.07208865880966187,-0.020864097885747057,0.0576932430267334,0.0066872239112854,-0.03607475060965548,0.045843929052352905,-0.0033969879150390625,-0.042001791782636744,0.041337013244628906,-0.02454197406768799,-0.04755894888188372,0.022587984800338745,-0.05932736396789551,-0.02749158862974177,0.03305104374885559,0.01584690809249878,-0.03941644776608477,0.0219251811504364,0.003539741039276123,-0.038799692429561716,0.019017934799194336,-0.01712590456008911,-0.03877534020688067,-0.0008869469165802002,-0.040814220905303955,-0.03634246487166415,0.009655892848968506,0.016962707042694092,-0.04554956082250605,0.002547532320022583,0.006309449672698975,-0.04745874974872599,-0.0026591122150421143,-0.013035416603088379,-0.048591044284362894,0.05397908057947992,0.031834176049267686,0.015285207693525937,0.0,0.04431838982920994,0.0455728487611048,0.050459685087693405,0.049970701719834594,0.053462176683018635,0.06277252404756394,1
0.031600356101989746,-0.0012804865837097168,-0.010854317359585863,0.058369070291519165,6.4849853515625e-05,-0.02175779502834807,0.0732221007347107,0.011056005954742432,-0.03295771453525553,0.06842443346977234,0.021342992782592773,-0.04319479737426768,0.06969225406646729,-0.07341235876083374,-0.01604146186258326,0.08062997460365295,-0.00973445177078247,-0.033280879743356806,0.07063129544258118,-0.010304093360900879,-0.046148933954496485,0.064715176820755,-0.027317941188812256,-0.05602190691973696,0.04727482795715332,-0.07208865880966187,-0.020864097885747057,0.0576932430267334,0.0066872239112854,-0.03607475060965548,0.045843929052352905,-0.0033969879150390625,-0.042001791782636744,0.041337013244628906,-0.02454197406768799,-0.04755894888188372,0.022587984800338745,-0.05932736396789551,-0.02749158862974177,0.03305104374885559,0.01584690809249878,-0.03941644776608477,0.0219251811504364,0.003539741039276123,-0.038799692429561716,0.019017934799194336,-0.01712590456008911,-0.03877534020688067,-0.0008869469165802002,-0.040814220905303955,-0.03634246487166415,0.009655892848968506,0.016962707042694092,-0.04554956082250605,0.002547532320022583,0.006309449672698975,-0.04745874974872599,-0.0026591122150421143,-0.013035416603088379,-0.048591044284362894,0.05397908057947992,0.031834176049267686,0.015285207693525937,0.0,0.04431838982920994,0.0455728487611048,0.050459685087693405,0.049970701719834594,0.053462176683018635,0.06277252404756394,1
0.031600356101989746,-0.0012804865837097168,-0.010854317359585863,0.058369070291519165,6.4849853515625e-05,-0.02175779502834807,0.0732221007347107,0.011056005954742432,-0.03295771453525553,0.06842443346977234,0.021342992782592773,-0.04319479737426768,0.06969225406646729,-0.07341235876083374,-0.01604146186258326,0.08062997460365295,-0.00973445177078247,-0.033280879743356806,0.07063129544258118,-0.010304093360900879,-0.046148933954496485,0.064715176820755,-0.027317941188812256,-0.05602190691973696,0.04727482795715332,-0.07208865880966187,-0.020864097885747057,0.0576932430267334,0.0066872239112854,-0.03607475060965548,0.045843929052352905,-0.0033969879150390625,-0.042001791782636744,0.041337013244628906,-0.02454197406768799,-0.04755894888188372,0.022587984800338745,-0.05932736396789551,-0.02749158862974177,0.03305104374885559,0.01584690809249878,-0.03941644776608477,0.0219251811504364,0.003539741039276123,-0.038799692429561716,0.019017934799194336,-0.01712590456008911,-0.03877534020688067,-0.0008869469165802002,-0.040814220905303955,-0.03634246487166415,0.009655892848968506,0.016962707042694092,-0.04554956082250605,0.002547532320022583,0.006309449672698975,-0.04745874974872599,-0.0026591122150421143,-0.013035416603088379,-0.048591044284362894,0.05397908057947992,0.031834176049267686,0.015285207693525937,0.0,0.04431838982920994,0.0455728487611048,0.050459685087693405,0.049970701719834594,0.053462176683018635,0.06277252404756394,1
0.031600356101989746,-0.0012804865837097168,-0.010854317359585863,0.058369070291519165,6.4849853515625e-05,-0.02175779502834807,0.0732221007347107,0.011056005954742432,-0.03295771453525553,0.06842443346977234,0.021342992782592773,-0.04319479737426768,0.06969225406646729,-0.07341235876083374,-0.01604146186258326,0.08062997460365295,-0.00973445177078247,-0.033280879743356806,0.07063129544258118,-0.010304093360900879,-0.046148933954496485,0.064715176820755,-0.027317941188812256,-0.05602190691973696,0.04727482795715332,-0.07208865880966187,-0.020864097885747057,0.0576932430267334,0.0066872239112854,-0.03607475060965548,0.045843929052352905,-0.0033969879150390625,-0.042001791782636744,0.041337013244628906,-0.02454197406768799,-0.04755894888188372,0.022587984800338745,-0.05932736396789551,-0.02749158862974177,0.03305104374885559,0.01584690809249878,-0.03941644776608477,0.0219251811504364,0.003539741039276123,-0.038799692429561716,0.019017934799194336,-0.01712590456008911,-0.03877534020688067,-0.0008869469165802002,-0.040814220905303955,-0.03634246487166415,0.009655892848968506,0.016962707042694092,-0.04554956082250605,0.002547532320022583,0.006309449672698975,-0.04745874974872599,-0.0026591122150421143,-0.013035416603088379,-0.048591044284362894,0.05397908057947992,0.031834176049267686,0.015285207693525937,0.0,0.04431838982920994,0.0455728487611048,0.050459685087693405,0.049970701719834594,0.053462176683018635,0.06277252404756394,1
0.031600356101989746,-0.0012804865837097168,-0.010854317359585863,0.058369070291519165,6.4849853515625e-05,-0.02175779502834807,0.0732221007347107,0.011056005954742432,-0.03295771453525553,0.06842443346977234,0.021342992782592773,-0.04319479737426768,0.06969225406646729,-0.07341235876083374,-0.01604146186258326,0.08062997460365295,-0.00973445177078247,-0.033280879743356806,0.07063129544258118,-0.010304093360900879,-0.046148933954496485,0.064715176820755,-0.027317941188812256,-0.05602190691973696,0.04727482795715332,-0.07208865880966187,-0.020864097885747057,0.0576932430267334,0.0066872239112854,-0.03607475060965548,0.045843929052352905,-0.0033969879150390625,-0.042001791782636744,0.041337013244628906,-0.02454197406768799,-0.04755894888188372,0.022587984800338745,-0.05932736396789551,-0.02749158862974177,0.03305104374885559,0.01584690809249878,-0.03941644776608477,0.0219251811504364,0.003539741039276123,-0.038799692429561716,0.019017934799194336,-0.01712590456008911,-0.03877534020688067,-0.0008869469165802002,-0.040814220905303955,-0.03634246487166415,0.009655892848968506,0.016962707042694092,-0.04554956082250605,0.002547532320022583,0.006309449672698975,-0.04745874974872599,-0.0026591122150421143,-0.013035416603088379,-0.048591044284362894,0.05397908057947992,0.031834176049267686,0.015285207693525937,0.0,0.04431838982920994,0.0455728487611048,0.050459685087693405,0.049970701719834594,0.053462176683018635,0.06277252404756394,1
0.031600356101989746,-0.0012804865837097168,-0.010854317359585863,0.058369070291519165,6.4849853515625e-05,-0.02175779502834807,0.0732221007347107,0.011056005954742432,-0.03295771453525553,0.06842443346977234,0.021342992782592773,-0.04319479737426768,0.06969225406646729,-0.07341235876083374,-0.01604146186258326,0.08062997460365295,-0.00973445177078247,-0.033280879743356806,0.07063129544258118,-0.010304093360900879,-0.046148933954496485,0.064715176820755,-0.027317941188812256,-0.05602190691973696,0.04727482795715332,-0.07208865880966187,-0.020864097885747057,0.0576932430267334,0.0066872239112854,-0.03607475060965548,0.045843929052352905,-0.0033969879150390625,-0.042001791782636744,0.041337013244628906,-0.02454197406768799,-0.04755894888188372,0.022587984800338745,-0.05932736396789551,-0.02749158862974177,0.03305104374885559,0.01584690809249878,-0.03941644776608477,0.0219251811504364,0.003539741039276123,-0.038799692429561716,0.019017934799194336,-0.01712590456008911,-0.03877534020688067,-0.0008869469165802002,-0.040814220905303955,-0.03634246487166415,0.009655892848968506,0.016962707042694092,-0.04554956082250605,0.002547532320022583,0.006309449672698975,-0.04745874974872599,-0.0026591122150421143,-0.013035416603088379,-0.048591044284362894,0.05397908057947992,0.031834176049267686,0.015285207693525937,0.0,0.04431838982920994,0.0455728487611048,0.050459685087693405,0.049970701719834594,0.053462176683018635,0.06277252404756394,1
0.031600356101989746,-0.0012804865837097168,-0.010854317359585863,0.058369070291519165,6.4849853515625e-05,-0.02175779502834807,0.0732221007347107,0.011056005954742432,-0.03295771453525553,0.06842443346977234,0.021342992782592773,-0.04319479737426768,0.06969225406646729,-0.07341235876083374,-0.01604146186258326,0.08062997460365295,-0.00973445177078247,-0.033280879743356806,0.07063129544258118,-0.010304093360900879,-0.046148933954496485,0.064715176820755,-0.027317941188812256,-0.05602190691973696,0.04727482795715332,-0.07208865880966187,-0.020864097885747057,0.0576932430267334,0.0066872239112854,-0.03607475060965548,0.045843929052352905,-0.0033969879150390625,-0.042001791782636744,0.041337013244628906,-0.02454197406768799,-0.04755894888188372,0.022587984800338745,-0.05932736396789551,-0.02749158862974177,0.03305104374885559,0.01584690809249878,-0.03941644776608477,0.0219251811504364,0.003539741039276123,-0.038799692429561716,0.019017934799194336,-0.01712590456008911,-0.03877534020688067,-0.0008869469165802002,-0.040814220905303955,-0.03634246487166415,0.009655892848968506,0.016962707042694092,-0.04554956082250605,0.002547532320022583,0.006309449672698975,-0.04745874974872599,-0.0026591122150421143,-0.013035416603088379,-0.048591044284362894,0.05397908057947992,0.031834176049267686,0.015285207693525937,0.0,0.04431838982920994,0.0455728487611048,0.050459685087693405,0.049970701719834594,0.053462176683018635,0.06277252404756394,1
0.031600356101989746,-0.0012804865837097168,-0.010854317359585863,0.058369070291519165,6.4849853515625e-05,-0.02175779502834807,0.0732221007347107,0.011056005954742432,-0.03295771453525553,0.06842443346977234,0.021342992782592773,-0.04319479737426768,0.06969225406646729,-0.07341235876083374,-0.01604146186258326,0.08062997460365295,-0.00973445177078247,-0.033280879743356806,0.07063129544258118,-0.010304093360900879,-0.046148933954496485,0.064715176820755,-0.027317941188812256,-0.05602190691973696,0.04727482795715332,-0.07208865880966187,-0.020864097885747057,0.0576932430267334,0.0066872239112854,-0.03607475060965548,0.045843929052352905,-0.0033969879150390625,-0.042001791782636744,0.041337013244628906,-0.02454197406768799,-0.04755894888188372,0.022587984800338745,-0.05932736396789551,-0.02749158862974177,0.03305104374885559,0.01584690809249878,-0.03941644776608477,0.0219251811504364,0.003539741039276123,-0.038799692429561716,0.019017934799194336,-0.01712590456008911,-0.03877534020688067,-0.0008869469165802002,-0.040814220905303955,-0.03634246487166415,0.009655892848968506,0.016962707042694092,-0.04554956082250605,0.002547532320022583,0.006309449672698975,-0.04745874974872599,-0.0026591122150421143,-0.013035416603088379,-0.048591044284362894,0.05397908057947992,0.031834176049267686,0.015285207693525937,0.0,0.04431838982920994,0.0455728487611048,0.050459685087693405,0.049970701719834594,0.053462176683018635,0.06277252404756394,1
0.031600356101989746,-0.0012804865837097168,-0.010854317359585863,0.058369070291519165,6.4849853515625e-05,-0.02175779502834807,0.0732221007347107,0.011056005954742432,-0.03295771453525553,0.06842443346977234,0.021342992782592773,-0.04319479737426768,0.06969225406646729,-0.07341235876083374,-0.01604146186258326,0.08062997460365295,-0.00973445177078247,-0.033280879743356806,0.07063129544258118,-0.010304093360900879,-0.046148933954496485,0.064715176820755,-0.027317941188812256,-0.05602190691973696,0.04727482795715332,-0.07208865880966187,-0.020864097885747057,0.0576932430267334,0.0066872239112854,-0.03607475060965548,0.045843929052352905,-0.0033969879150390625,-0.042001791782636744,0.041337013244628906,-0.02454197406768799,-0.04755894888188372,0.022587984800338745,-0.05932736396789551,-0.02749158862974177,0.03305104374885559,0.01584690809249878,-0.03941644776608477,0.0219251811504364,0.003539741039276123,-0.038799692429561716,0.019017934799194336,-0.01712590456008911,-0.03877534020688067,-0.0008869469165802002,-0.040814220905303955,-0.03634246487166415,0.009655892848968506,0.016962707042694092,-0.04554956082250605,0.002547532320022583,0.006309449672698975,-0.04745874974872599,-0.0026591122150421143,-0.013035416603088379,-0.048591044284362894,0.05397908057947992,0.031834176049267686,0.015285207693525937,0.0,0.04431838982920994,0.0455728487611048,0.050459685087693405,0.049970701719834594,0.053462176683018635,0.06277252404756394,1
0.031600356101989746,-0.0012804865837097168,-0.010854317359585863,0.058369070291519165,6.4849853515625e-05,-0.02175779502834807,0.0732221007347107,0.011056005954742432,-0.03295771453525553,0.06842443346977234,0.021342992782592773,-0.04319479737426768,0.06969225406646729,-0.07341235876083374,-0.01604146186258326,0.08062997460365295,-0.00973445177078247,-0.033280879743356806,0.07063129544258118,-0.010304093360900879,-0.046148933954496485,0.064715176820755,-0.027317941188812256,-0.05602190691973696,0.04727482795715332,-0.07208865880966187,-0.020864097885747057,0.0576932430267334,0.0066872239112854,-0.03607475060965548,0.045843929052352905,-0.0033969879150390625,-0.042001791782636744,0.041337013244628906,-0.02454197406768799,-0.04755894888188372,0.022587984800338745,-0.05932736396789551,-0.02749158862974177,0.03305104374885559,0.01584690809249878,-0.03941644776608477,0.0219251811504364,0.003539741039276123,-0.038799692429561716,0.019017934799194336,-0.01712590456008911,-0.03877534020688067,-0.0008869469165802002,-0.040814220905303955,-0.03634246487166415,0.009655892848968506,0.016962707042694092,-0.04554956082250605,0.002547532320022583,0.006309449672698975,-0.04745874974872599,-0.0026591122150421143,-0.013035416603088379,-0.048591044284362894,0.05397908057947992,0.031834176049267686,0.015285207693525937,0.0,0.04431838982920994,0.0455728487611048,0.050459685087693405,0.049970701719834594,0.053462176683018635,0.06277252404756394,1
0.031600356101989746,-0.0012804865837097168,-0.010854317359585863,0.058369070291519165,6.4849853515625e-05,-0.02175779502834807,0.0732221007347107,0.011056005954742432,-0.03295771453525553,0.06842443346977234,0.021342992782592773,-0.04319479737426768,0.06969225406646729,-0.07341235876083374,-0.01604146186258326,0.08062997460365295,-0.00973445177078247,-0.033280879743356806,0.07063129544258118,-0.010304093360900879,-0.046148933954496485,0.064715176820755,-0.027317941188812256,-0.05602190691973696,0.04727482795715332,-0.07208865880966187,-0.020864097885747057,0.0576932430267334,0.0066872239112854,-0.03607475060965548,0.045843929052352905,-0.0033969879150390625,-0.042001791782636744,0.041337013244628906,-0.02454197406768799,-0.04755894888188372,0.022587984800338745,-0.05932736396789551,-0.02749158862974177,0.03305104374885559,0.01584690809249878,-0.03941644776608477,0.0219251811504364,0.003539741039276123,-0.038799692429561716,0.019017934799194336,-0.01712590456008911,-0.03877534020688067,-0.0008869469165802002,-0.040814220905303955,-0.03634246487166415,0.009655892848968506,0.016962707042694092,-0.04554956082250605,0.002547532320022583,0.006309449672698975,-0.04745874974872599,-0.0026591122150421143,-0.013035416603088379,-0.048591044284362894,0.05397908057947992,0.031834176049267686,0.015285207693525937,0.0,0.04431838982920994,0.0455728487611048,0.050459685087693405,0.049970701719834594,0.053462176683018635,0.06277252404756394,1
0.031600356101989746,-0.0012804865837097168,-0.010854317359585863,0.058369070291519165,6.4849853515625e-05,-0.02175779502834807,0.0732221007347107,0.011056005954742432,-0.03295771453525553,0.06842443346977234,0.021342992782592773,-0.04319479737426768,0.06969225406646729,-0.07341235876083374,-0.01604146186258326,0.08062997460365295,-0.00973445177078247,-0.033280879743356806,0.07063129544258118,-0.010304093360900879,-0.046148933954496485,0.064715176820755,-0.027317941188812256,-0.05602190691973696,0.04727482795715332,-0.07208865880966187,-0.020864097885747057,0.0576932430267334,0.0066872239112854,-0.03607475060965548,0.045843929052352905,-0.0033969879150390625,-0.042001791782636744,0.041337013244628906,-0.02454197406768799,-0.04755894888188372,0.022587984800338745,-0.05932736396789551,-0.02749158862974177,0.03305104374885559,0.01584690809249878,-0.03941644776608477,0.0219251811504364,0.003539741039276123,-0.038799692429561716,0.019017934799194336,-0.01712590456008911,-0.03877534020688067,-0.0008869469165802002,-0.040814220905303955,-0.03634246487166415,0.009655892848968506,0.016962707042694092,-0.04554956082250605,0.002547532320022583,0.006309449672698975,-0.04745874974872599,-0.0026591122150421143,-0.013035416603088379,-0.048591044284362894,0.05397908057947992,0.031834176049267686,0.015285207693525937,0.0,0.04431838982920994,0.0455728487611048,0.050459685087693405,0.049970701719834594,0.053462176683018635,0.06277252404756394,1
0.031600356101989746,-0.0012804865837097168,-0.010854317359585863,0.058369070291519165,6.4849853515625e-05,-0.02175779502834807,0.0732221007347107,0.011056005954742432,-0.03295771453525553,0.06842443346977234,0.021342992782592773,-0.04319479737426768,0.06969225406646729,-0.07341235876083374,-0.01604146186258326,0.08062997460365295,-0.00973445177078247,-0.033280879743356806,0.07063129544258118,-0.010304093360900879,-0.046148933954496485,0.064715176820755,-0.027317941188812256,-0.05602190691973696,0.04727482795715332,-0.07208865880966187,-0.020864097885747057,0.0576932430267334,0.0066872239112854,-0.03607475060965548,0.045843929052352905,-0.0033969879150390625,-0.042001791782636744,0.041337013244628906,-0.02454197406768799,-0.04755894888188372,0.022587984800338745,-0.05932736396789551,-0.02749158862974177,0.03305104374885559,0.01584690809249878,-0.03941644776608477,0.0219251811504364,0.003539741039276123,-0.038799692429561716,0.019017934799194336,-0.01712590456008911,-0.03877534020688067,-0.0008869469165802002,-0.040814220905303955,-0.03634246487166415,0.009655892848968506,0.016962707042694092,-0.04554956082250605,0.002547532320022583,0.006309449672698975,-0.04745874974872599,-0.0026591122150421143,-0.013035416603088379,-0.048591044284362894,0.05397908057947992,0.031834176049267686,0.015285207693525937,0.0,0.04431838982920994,0.0455728487611048,0.050459685087693405,0.049970701719834594,0.053462176683018635,0.06277252404756394,1
0.031600356101989746,-0.0012804865837097168,-0.010854317359585863,0.058369070291519165,6.4849853515625e-05,-0.02175779502834807,0.0732221007347107,0.011056005954742432,-0.03295771453525553,0.06842443346977234,0.021342992782592773,-0.04319479737426768,0.06969225406646729,-0.07341235876083374,-0.01604146186258326,0.08062997460365295,-0.00973445177078247,-0.033280879743356806,0.07063129544258118,-0.010304093360900879,-0.046148933954496485,0.064715176820755,-0.027317941188812256,-0.05602190691973696,0.04727482795715332,-0.07208865880966187,-0.020864097885747057,0.0576932430267334,0.0066872239112854,-0.03607475060965548,0.045843929052352905,-0.0033969879150390625,-0.042001791782636744,0.041337013244628906,-0.02454197406768799,-0.04755894888188372,0.022587984800338745,-0.05932736396789551,-0.02749158862974177,0.03305104374885559,0.01584690809249878,-0.03941644776608477,0.0219251811504364,0.003539741039276123,-0.038799692429561716,0.019017934799194336,-0.01712590456008911,-0.03877534020688067,-0.0008869469165802002,-0.040814220905303955,-0.03634246487166415,0.009655892848968506,0.016962707042694092,-0.04554956082250605,0.002547532320022583,0.006309449672698975,-0.04745874974872599,-0.0026591122150421143,-0.013035416603088379,-0.048591044284362894,0.05397908057947992,0.031834176049267686,0.015285207693525937,0.0,0.04431838982920994,0.0455728487611048,0.050459685087693405,0.049970701719834594,0.053462176683018635,0.06277252404756394,1
0.031600356101989746,-0.0012804865837097168,-0.010854317359585863,0.058369070291519165,6.4849853515625e-05,-0.02175779502834807,0.0732221007347107,0.011056005954742432,-0.03295771453525553,0.06842443346977234,0.021342992782592773,-0.04319479737426768,0.06969225406646729,-0.07341235876083374,-0.01604146186258326,0.08062997460365295,-0.00973445177078247,-0.033280879743356806,0.07063129544258118,-0.010304093360900879,-0.046148933954496485,0.064715176820755,-0.027317941188812256,-0.05602190691973696,0.04727482795715332,-0.07208865880966187,-0.020864097885747057,0.0576932430267334,0.0066872239112854,-0.03607475060965548,0.045843929052352905,-0.0033969879150390625,-0.042001791782636744,0.041337013244628906,-0.02454197406768799,-0.04755894888188372,0.022587984800338745,-0.05932736396789551,-0.02749158862974177,0.03305104374885559,0.01584690809249878,-0.03941644776608477,0.0219251811504364,0.003539741039276123,-0.038799692429561716,0.019017934799194336,-0.01712590456008911,-0.03877534020688067,-0.0008869469165802002,-0.040814220905303955,-0.03634246487166415,0.009655892848968506,0.016962707042694092,-0.04554956082250605,0.002547532320022583,0.006309449672698975,-0.04745874974872599,-0.0026591122150421143,-0.013035416603088379,-0.048591044284362894,0.05397908057947992,0.031834176049267686,0.015285207693525937,0.0,0.04431838982920994,0.0455728487611048,0.050459685087693405,0.049970701719834594,0.053462176683018635,0.06277252404756394,1
0.031600356101989746,-0.0012804865837097168,-0.010854317359585863,0.058369070291519165,6.4849853515625e-05,-0.02175779502834807,0.0732221007347107,0.011056005954742432,-0.03295771453525553,0.06842443346977234,0.021342992782592773,-0.04319479737426768,0.06969225406646729,-0.07341235876083374,-0.01604146186258326,0.08062997460365295,-0.00973445177078247,-0.033280879743356806,0.07063129544258118,-0.010304093360900879,-0.046148933954496485,0.064715176820755,-0.027317941188812256,-0.05602190691973696,0.04727482795715332,-0.07208865880966187,-0.020864097885747057,0.0576932430267334,0.0066872239112854,-0.03607475060965548,0.045843929052352905,-0.0033969879150390625,-0.042001791782636744,0.041337013244628906,-0.02454197406768799,-0.04755894888188372,0.022587984800338745,-0.05932736396789551,-0.02749158862974177,0.03305104374885559,0.01584690809249878,-0.03941644776608477,0.0219251811504364,0.003539741039276123,-0.038799692429561716,0.019017934799194336,-0.01712590456008911,-0.03877534020688067,-0.0008869469165802002,-0.040814220905303955,-0.03634246487166415,0.009655892848968506,0.016962707042694092,-0.04554956082250605,0.002547532320022583,0.006309449672698975,-0.04745874974872599,-0.0026591122150421143,-0.013035416603088379,-0.048591044284362894,0.05397908057947992,0.031834176049267686,0.015285207693525937,0.0,0.04431838982920994,0.0455728487611048,0.050459685087693405,0.049970701719834594,0.053462176683018635,0.06277252404756394,1
0.031600356101989746,-0.0012804865837097168,-0.010854317359585863,0.058369070291519165,6.4849853515625e-05,-0.02175779502834807,0.0732221007347107,0.011056005954742432,-0.03295771453525553,0.06842443346977234,0.021342992782592773,-0.04319479737426768,0.06969225406646729,-0.07341235876083374,-0.01604146186258326,0.08062997460365295,-0.00973445177078247,-0.033280879743356806,0.07063129544258118,-0.010304093360900879,-0.046148933954496485,0.064715176820755,-0.027317941188812256,-0.05602190691973696,0.04727482795715332,-0.07208865880966187,-0.020864097885747057,0.0576932430267334,0.0066872239112854,-0.03607475060965548,0.045843929052352905,-0.0033969879150390625,-0.042001791782636744,0.041337013244628906,-0.02454197406768799,-0.04755894888188372,0.022587984800338745,-0.05932736396789551,-0.02749158862974177,0.03305104374885559,0.01584690809249878,-0.03941644776608477,0.0219251811504364,0.003539741039276123,-0.038799692429561716,0.019017934799194336,-0.01712590456008911,-0.03877534020688067,-0.0008869469165802002,-0.040814220905303955,-0.03634246487166415,0.009655892848968506,0.016962707042694092,-0.04554956082250605,0.002547532320022583,0.006309449672698975,-0.04745874974872599,-0.0026591122150421143,-0.013035416603088379,-0.048591044284362894,0.05397908057947992,0.031834176049267686,0.015285207693525937,0.0,0.04431838982920994,0.0455728487611048,0.050459685087693405,0.049970701719834594,0.053462176683018635,0.06277252404756394,1
0.031600356101989746,-0.0012804865837097168,-0.010854317359585863,0.058369070291519165,6.4849853515625e-05,-0.02175779502834807,0.0732221007347107,0.011056005954742432,-0.03295771453525553,0.06842443346977234,0.021342992782592773,-0.04319479737426768,0.06969225406646729,-0.07341235876083374,-0.01604146186258326,0.08062997460365295,-0.00973445177078247,-0.033280879743356806,0.07063129544258118,-0.010304093360900879,-0.046148933954496485,0.064715176820755,-0.027317941188812256,-0.05602190691973696,0.04727482795715332,-0.07208865880966187,-0.020864097885747057,0.0576932430267334,0.0066872239112854,-0.03607475060965548,0.045843929052352905,-0.0033969879150390625,-0.042001791782636744,0.041337013244628906,-0.02454197406768799,-0.04755894888188372,0.022587984800338745,-0.05932736396789551,-0.02749158862974177,0.03305104374885559,0.01584690809249878,-0.03941644776608477,0.0219251811504364,0.003539741039276123,-0.038799692429561716,0.019017934799194336,-0.01712590456008911,-0.03877534020688067,-0.0008869469165802002,-0.040814220905303955,-0.03634246487166415,0.009655892848968506,0.016962707042694092,-0.04554956082250605,0.002547532320022583,0.006309449672698975,-0.04745874974872599,-0.0026591122150421143,-0.013035416603088379,-0.048591044284362894,0.05397908057947992,0.031834176049267686,0.015285207693525937,0.0,0.04431838982920994,0.0455728487611048,0.050459685087693405,0.049970701719834594,0.053462176683018635,0.06277252404756394,1
0.031600356101989746,-0.0012804865837097168,-0.010854317359585863,0.058369070291519165,6.4849853515625e-05,-0.02175779502834807,0.0732221007347107,0.011056005954742432,-0.03295771453525553,0.06842443346977234,0.021342992782592773,-0.04319479737426768,0.06969225406646729,-0.07341235876083374,-0.01604146186258326,0.08062997460365295,-0.00973445177078247,-0.033280879743356806,0.07063129544258118,-0.010304093360900879,-0.046148933954496485,0.064715176820755,-0.027317941188812256,-0.05602190691973696,0.04727482795715332,-0.07208865880966187,-0.020864097885747057,0.0576932430267334,0.0066872239112854,-0.03607475060965548,0.045843929052352905,-0.0033969879150390625,-0.042001791782636744,0.041337013244628906,-0.02454197406768799,-0.04755894888188372,0.022587984800338745,-0.05932736396789551,-0.02749158862974177,0.03305104374885559,0.01584690809249878,-0.03941644776608477,0.0219251811504364,0.003539741039276123,-0.038799692429561716,0.019017934799194336,-0.01712590456008911,-0.03877534020688067,-0.0008869469165802002,-0.040814220905303955,-0.03634246487166415,0.009655892848968506,0.016962707042694092,-0.04554956082250605,0.002547532320022583,0.006309449672698975,-0.04745874974872599,-0.0026591122150421143,-0.013035416603088379,-0.048591044284362894,0.05397908057947992,0.031834176049267686,0.015285207693525937,0.0,0.04431838982920994,0.0455728487611048,0.050459685087693405,0.049970701719834594,0.053462176683018635,0.06277252404756394,1
0.031600356101989746,-0.0012804865837097168,-0.010854317359585863,0.058369070291519165,6.4849853515625e-05,-0.02175779502834807,0.0732221007347107,0.011056005954742432,-0.03295771453525553,0.06842443346977234,0.021342992782592773,-0.04319479737426768,0.06969225406646729,-0.07341235876083374,-0.01604146186258326,0.08062997460365295,-0.00973445177078247,-0.033280879743356806,0.07063129544258118,-0.010304093360900879,-0.046148933954496485,0.064715176820755,-0.027317941188812256,-0.05602190691973696,0.04727482795715332,-0.07208865880966187,-0.020864097885747057,0.0576932430267334,0.0066872239112854,-0.03607475060965548,0.045843929052352905,-0.0033969879150390625,-0.042001791782636744,0.041337013244628906,-0.02454197406768799,-0.04755894888188372,0.022587984800338745,-0.05932736396789551,-0.02749158862974177,0.03305104374885559,0.01584690809249878,-0.03941644776608477,0.0219251811504364,0.003539741039276123,-0.038799692429561716,0.019017934799194336,-0.01712590456008911,-0.03877534020688067,-0.0008869469165802002,-0.040814220905303955,-0.03634246487166415,0.009655892848968506,0.016962707042694092,-0.04554956082250605,0.002547532320022583,0.006309449672698975,-0.04745874974872599,-0.0026591122150421143,-0.013035416603088379,-0.048591044284362894,0.05397908057947992,0.031834176049267686,0.015285207693525937,0.0,0.04431838982920994,0.0455728487611048,0.050459685087693405,0.049970701719834594,0.053462176683018635,0.06277252404756394,1
0.031600356101989746,-0.0012804865837097168,-0.010854317359585863,0.058369070291519165,6.4849853515625e-05,-0.02175779502834807,0.0732221007347107,0.011056005954742432,-0.03295771453525553,0.06842443346977234,0.021342992782592773,-0.04319479737426768,0.06969225406646729,-0.07341235876083374,-0.01604146186258326,0.08062997460365295,-0.00973445177078247,-0.033280879743356806,0.07063129544258118,-0.010304093360900879,-0.046148933954496485,0.064715176820755,-0.027317941188812256,-0.05602190691973696,0.04727482795715332,-0.07208865880966187,-0.020864097885747057,0.0576932430267334,0.0066872239112854,-0.03607475060965548,0.045843929052352905,-0.0033969879150390625,-0.042001791782636744,0.041337013244628906,-0.02454197406768799,-0.04755894888188372,0.022587984800338745,-0.05932736396789551,-0.02749158862974177,0.03305104374885559,0.01584690809249878,-0.03941644776608477,0.0219251811504364,0.003539741039276123,-0.038799692429561716,0.019017934799194336,-0.01712590456008911,-0.03877534020688067,-0.0008869469165802002,-0.040814220905303955,-0.03634246487166415,0.009655892848968506,0.016962707042694092,-0.04554956082250605,0.002547532320022583,0.006309449672698975,-0.04745874974872599,-0.0026591122150421143,-0.013035416603088379,-0.048591044284362894,0.05397908057947992,0.031834176049267686,0.015285207693525937,0.0,0.04431838982920994,0.0455728487611048,0.050459685087693405,0.049970701719834594,0.053462176683018635,0.06277252404756394,1
0.031600356101989746,-0.0012804865837097168,-0.010854317359585863,0.058369070291519165,6.4849853515625e-05,-0.02175779502834807,0.0732221007347107,0.011056005954742432,-0.03295771453525553,0.06842443346977234,0.021342992782592773,-0.04319479737426768,0.06969225406646729,-0.07341235876083374,-0.01604146186258326,0.08062997460365295,-0.00973445177078247,-0.033280879743356806,0.07063129544258118,-0.010304093360900879,-0.046148933954496485,0.064715176820755,-0.027317941188812256,-0.05602190691973696,0.04727482795715332,-0.07208865880966187,-0.020864097885747057,0.0576932430267334,0.0066872239112854,-0.03607475060965548,0.045843929052352905,-0.0033969879150390625,-0.042001791782636744,0.041337013244628906,-0.02454197406768799,-0.04755894888188372,0.022587984800338745,-0.05932736396789551,-0.02749158862974177,0.03305104374885559,0.01584690809249878,-0.03941644776608477,0.0219251811504364,0.003539741039276123,-0.038799692429561716,0.019017934799194336,-0.01712590456008911,-0.03877534020688067,-0.0008869469165802002,-0.040814220905303955,-0.03634246487166415,0.009655892848968506,0.016962707042694092,-0.04554956082250605,0.002547532320022583,0.006309449672698975,-0.04745874974872599,-0.0026591122150421143,-0.013035416603088379,-0.048591044284362894,0.05397908057947992,0.031834176049267686,0.015285207693525937,0.0,0.04431838982920994,0.0455728487611048,0.050459685087693405,0.049970701719834594,0.053462176683018635,0.06277252404756394,1
0.031600356101989746,-0.0012804865837097168,-0.010854317359585863,0.058369070291519165,6.4849853515625e-05,-0.02175779502834807,0.0732221007347107,0.011056005954742432,-0.03295771453525553,0.06842443346977234,0.021342992782592773,-0.04319479737426768,0.06969225406646729,-0.07341235876083374,-0.01604146186258326,0.08062997460365295,-0.00973445177078247,-0.033280879743356806,0.07063129544258118,-0.010304093360900879,-0.046148933954496485,0.064715176820755,-0.027317941188812256,-0.05602190691973696,0.04727482795715332,-0.07208865880966187,-0.020864097885747057,0.0576932430267334,0.0066872239112854,-0.03607475060965548,0.045843929052352905,-0.0033969879150390625,-0.042001791782636744,0.041337013244628906,-0.02454197406768799,-0.04755894888188372,0.022587984800338745,-0.05932736396789551,-0.02749158862974177,0.03305104374885559,0.01584690809249878,-0.03941644776608477,0.0219251811504364,0.003539741039276123,-0.038799692429561716,0.019017934799194336,-0.01712590456008911,-0.03877534020688067,-0.0008869469165802002,-0.040814220905303955,-0.03634246487166415,0.009655892848968506,0.016962707042694092,-0.04554956082250605,0.002547532320022583,0.006309449672698975,-0.04745874974872599,-0.0026591122150421143,-0.013035416603088379,-0.048591044284362894,0.05397908057947992,0.031834176049267686,0.015285207693525937,0.0,0.04431838982920994,0.0455728487611048,0.050459685087693405,0.049970701719834594,0.053462176683018635,0.06277252404756394,1
0.031600356101989746,-0.0012804865837097168,-0.010854317359585863,0.058369070291519165,6.4849853515625e-05,-0.02175779502834807,0.0732221007347107,0.011056005954742432,-0.03295771453525553,0.06842443346977234,0.021342992782592773,-0.04319479737426768,0.06969225406646729,-0.07341235876083374,-0.01604146186258326,0.08062997460365295,-0.00973445177078247,-0.033280879743356806,0.07063129544258118,-0.010304093360900879,-0.046148933954496485,0.064715176820755,-0.027317941188812256,-0.05602190691973696,0.04727482795715332,-0.07208865880966187,-0.020864097885747057,0.0576932430267334,0.0066872239112854,-0.03607475060965548,0.045843929052352905,-0.0033969879150390625,-0.042001791782636744,0.041337013244628906,-0.02454197406768799,-0.04755894888188372,0.022587984800338745,-0.05932736396789551,-0.02749158862974177,0.03305104374885559,0.01584690809249878,-0.03941644776608477,0.0219251811504364,0.003539741039276123,-0.038799692429561716,0.019017934799194336,-0.01712590456008911,-0.03877534020688067,-0.0008869469165802002,-0.040814220905303955,-0.03634246487166415,0.009655892848968506,0.016962707042694092,-0.04554956082250605,0.002547532320022583,0.006309449672698975,-0.04745874974872599,-0.0026591122150421143,-0.013035416603088379,-0.048591044284362894,0.05397908057947992,0.031834176049267686,0.015285207693525937,0.0,0.04431838982920994,0.0455728487611048,0.050459685087693405,0.049970701719834594,0.053462176683018635,0.06277252404756394,1
0.031600356101989746,-0.0012804865837097168,-0.010854317359585863,0.058369070291519165,6.4849853515625e-05,-0.02175779502834807,0.0732221007347107,0.011056005954742432,-0.03295771453525553,0.06842443346977234,0.021342992782592773,-0.04319479737426768,0.06969225406646729,-0.07341235876083374,-0.01604146186258326,0.08062997460365295,-0.00973445177078247,-0.033280879743356806,0.07063129544258118,-0.010304093360900879,-0.046148933954496485,0.064715176820755,-0.027317941188812256,-0.05602190691973696,0.04727482795715332,-0.07208865880966187,-0.020864097885747057,0.0576932430267334,0.0066872239112854,-0.03607475060965548,0.045843929052352905,-0.0033969879150390625,-0.042001791782636744,0.041337013244628906,-0.02454197406768799,-0.04755894888188372,0.022587984800338745,-0.05932736396789551,-0.02749158862974177,0.03305104374885559,0.01584690809249878,-0.03941644776608477,0.0219251811504364,0.003539741039276123,-0.038799692429561716,0.019017934799194336,-0.01712590456008911,-0.03877534020688067,-0.0008869469165802002,-0.040814220905303955,-0.03634246487166415,0.009655892848968506,0.016962707042694092,-0.04554956082250605,0.002547532320022583,0.006309449672698975,-0.04745874974872599,-0.0026591122150421143,-0.013035416603088379,-0.048591044284362894,0.05397908057947992,0.031834176049267686,0.015285207693525937,0.0,0.04431838982920994,0.0455728487611048,0.050459685087693405,0.049970701719834594,0.053462176683018635,0.06277252404756394,1
0.031600356101989746,-0.0012804865837097168,-0.010854317359585863,0.058369070291519165,6.4849853515625e-05,-0.02175779502834807,0.0732221007347107,0.011056005954742432,-0.03295771453525553,0.06842443346977234,0.021342992782592773,-0.04319479737426768,0.06969225406646729,-0.07341235876083374,-0.01604146186258326,0.08062997460365295,-0.00973445177078247,-0.033280879743356806,0.07063129544258118,-0.010304093360900879,-0.046148933954496485,0.064715176820755,-0.027317941188812256,-0.05602190691973696,0.04727482795715332,-0.07208865880966187,-0.020864097885747057,0.0576932430267334,0.0066872239112854,-0.03607475060965548,0.045843929052352905,-0.0033969879150390625,-0.042001791782636744,0.041337013244628906,-0.02454197406768799,-0.04755894888188372,0.022587984800338745,-0.05932736396789551,-0.02749158862974177,0.03305104374885559,0.01584690809249878,-0.03941644776608477,0.0219251811504364,0.003539741039276123,-0.038799692429561716,0.019017934799194336,-0.01712590456008911,-0.03877534020688067,-0.0008869469165802002,-0.040814220905303955,-0.03634246487166415,0.009655892848968506,0.016962707042694092,-0.04554956082250605,0.002547532320022583,0.006309449672698975,-0.04745874974872599,-0.0026591122150421143,-0.013035416603088379,-0.048591044284362894,0.05397908057947992,0.031834176049267686,0.015285207693525937,0.0,0.04431838982920994,0.0455728487611048,0.050459685087693405,0.049970701719834594,0.053462176683018635,0.06277252404756394,1
0.031600356101989746,-0.0012804865837097168,-0.010854317359585863,0.058369070291519165,6.4849853515625e-05,-0.02175779502834807,0.0732221007347107,0.011056005954742432,-0.03295771453525553,0.06842443346977234,0.021342992782592773,-0.04319479737426768,0.06969225406646729,-0.07341235876083374,-0.01604146186258326,0.08062997460365295,-0.00973445177078247,-0.033280879743356806,0.07063129544258118,-0.010304093360900879,-0.046148933954496485,0.064715176820755,-0.027317941188812256,-0.05602190691973696,0.04727482795715332,-0.07208865880966187,-0.020864097885747057,0.0576932430267334,0.0066872239112854,-0.03607475060965548,0.045843929052352905,-0.0033969879150390625,-0.042001791782636744,0.041337013244628906,-0.02454197406768799,-0.04755894888188372,0.022587984800338745,-0.05932736396789551,-0.02749158862974177,0.03305104374885559,0.01584690809249878,-0.03941644776608477,0.0219251811504364,0.003539741039276123,-0.038799692429561716,0.019017934799194336,-0.01712590456008911,-0.03877534020688067,-0.0008869469165802002,-0.040814220905303955,-0.03634246487166415,0.009655892848968506,0.016962707042694092,-0.04554956082250605,0.002547532320022583,0.006309449672698975,-0.04745874974872599,-0.0026591122150421143,-0.013035416603088379,-0.048591044284362894,0.05397908057947992,0.031834176049267686,0.015285207693525937,0.0,0.04431838982920994,0.0455728487611048,0.050459685087693405,0.049970701719834594,0.053462176683018635,0.06277252404756394,1
0.031600356101989746,-0.0012804865837097168,-0.010854317359585863,0.058369070291519165,6.4849853515625e-05,-0.02175779502834807,0.0732221007347107,0.011056005954742432,-0.03295771453525553,0.06842443346977234,0.021342992782592773,-0.04319479737426768,0.06969225406646729,-0.07341235876083374,-0.01604146186258326,0.08062997460365295,-0.00973445177078247,-0.033280879743356806,0.07063129544258118,-0.010304093360900879,-0.046148933954496485,0.064715176820755,-0.027317941188812256,-0.05602190691973696,0.04727482795715332,-0.07208865880966187,-0.020864097885747057,0.0576932430267334,0.0066872239112854,-0.03607475060965548,0.045843929052352905,-0.0033969879150390625,-0.042001791782636744,0.041337013244628906,-0.02454197406768799,-0.04755894888188372,0.022587984800338745,-0.05932736396789551,-0.02749158862974177,0.03305104374885559,0.01584690809249878,-0.03941644776608477,0.0219251811504364,0.003539741039276123,-0.038799692429561716,0.019017934799194336,-0.01712590456008911,-0.03877534020688067,-0.0008869469165802002,-0.040814220905303955,-0.03634246487166415,0.009655892848968506,0.016962707042694092,-0.04554956082250605,0.002547532320022583,0.006309449672698975,-0.04745874974872599,-0.0026591122150421143,-0.013035416603088379,-0.048591044284362894,0.05397908057947992,0.031834176049267686,0.015285207693525937,0.0,0.04431838982920994,0.0455728487611048,0.050459685087693405,0.049970701719834594,0.053462176683018635,0.06277252404756394,1
0.031600356101989746,-0.0012804865837097168,-0.010854317359585863,0.058369070291519165,6.4849853515625e-05,-0.02175779502834807,0.0732221007347107,0.011056005954742432,-0.03295771453525553,0.06842443346977234,0.021342992782592773,-0.04319479737426768,0.06969225406646729,-0.07341235876083374,-0.01604146186258326,0.08062997460365295,-0.00973445177078247,-0.033280879743356806,0.07063129544258118,-0.010304093360900879,-0.046148933954496485,0.064715176820755,-0.027317941188812256,-0.05602190691973696,0.04727482795715332,-0.07208865880966187,-0.020864097885747057,0.0576932430267334,0.0066872239112854,-0.03607475060965548,0.045843929052352905,-0.0033969879150390625,-0.042001791782636744,0.041337013244628906,-0.02454197406768799,-0.04755894888188372,0.022587984800338745,-0.05932736396789551,-0.02749158862974177,0.03305104374885559,0.01584690809249878,-0.03941644776608477,0.0219251811504364,0.003539741039276123,-0.038799692429561716,0.019017934799194336,-0.01712590456008911,-0.03877534020688067,-0.0008869469165802002,-0.040814220905303955,-0.03634246487166415,0.009655892848968506,0.016962707042694092,-0.04554956082250605,0.002547532320022583,0.006309449672698975,-0.04745874974872599,-0.0026591122150421143,-0.013035416603088379,-0.048591044284362894,0.05397908057947992,0.031834176049267686,0.015285207693525937,0.0,0.04431838982920994,0.0455728487611048,0.050459685087693405,0.049970701719834594,0.053462176683018635,0.06277252404756394,1
0.031600356101989746,-0.0012804865837097168,-0.010854317359585863,0.058369070291519165,6.4849853515625e-05,-0.02175779502834807,0.0732221007347107,0.011056005954742432,-0.03295771453525553,0.06842443346977234,0.021342992782592773,-0.04319479737426768,0.06969225406646729,-0.07341235876083374,-0.01604146186258326,0.08062997460365295,-0.00973445177078247,-0.033280879743356806,0.07063129544258118,-0.010304093360900879,-0.046148933954496485,0.064715176820755,-0.027317941188812256,-0.05602190691973696,0.04727482795715332,-0.07208865880966187,-0.020864097885747057,0.0576932430267334,0.0066872239112854,-0.03607475060965548,0.045843929052352905,-0.0033969879150390625,-0.042001791782636744,0.041337013244628906,-0.02454197406768799,-0.04755894888188372,0.022587984800338745,-0.05932736396789551,-0.02749158862974177,0.03305104374885559,0.01584690809249878,-0.03941644776608477,0.0219251811504364,0.003539741039276123,-0.038799692429561716,0.019017934799194336,-0.01712590456008911,-0.03877534020688067,-0.0008869469165802002,-0.040814220905303955,-0.03634246487166415,0.009655892848968506,0.016962707042694092,-0.04554956082250605,0.002547532320022583,0.006309449672698975,-0.04745874974872599,-0.0026591122150421143,-0.013035416603088379,-0.048591044284362894,0.05397908057947992,0.031834176049267686,0.015285207693525937,0.0,0.04431838982920994,0.0455728487611048,0.050459685087693405,0.049970701719834594,0.053462176683018635,0.06277252404756394,1
0.031600356101989746,-0.0012804865837097168,-0.010854317359585863,0.058369070291519165,6.4849853515625e-05,-0.02175779502834807,0.0732221007347107,0.011056005954742432,-0.03295771453525553,0.06842443346977234,0.021342992782592773,-0.04319479737426768,0.06969225406646729,-0.07341235876083374,-0.01604146186258326,0.08062997460365295,-0.00973445177078247,-0.033280879743356806,0.07063129544258118,-0.010304093360900879,-0.046148933954496485,0.064715176820755,-0.027317941188812256,-0.05602190691973696,0.04727482795715332,-0.07208865880966187,-0.020864097885747057,0.0576932430267334,0.0066872239112854,-0.03607475060965548,0.045843929052352905,-0.0033969879150390625,-0.042001791782636744,0.041337013244628906,-0.02454197406768799,-0.04755894888188372,0.022587984800338745,-0.05932736396789551,-0.02749158862974177,0.03305104374885559,0.01584690809249878,-0.03941644776608477,0.0219251811504364,0.003539741039276123,-0.038799692429561716,0.019017934799194336,-0.01712590456008911,-0.03877534020688067,-0.0008869469165802002,-0.040814220905303955,-0.03634246487166415,0.009655892848968506,0.016962707042694092,-0.04554956082250605,0.002547532320022583,0.006309449672698975,-0.04745874974872599,-0.0026591122150421143,-0.013035416603088379,-0.048591044284362894,0.05397908057947992,0.031834176049267686,0.015285207693525937,0.0,0.04431838982920994,0.0455728487611048,0.050459685087693405,0.049970701719834594,0.053462176683018635,0.06277252404756394,1
0.031600356101989746,-0.0012804865837097168,-0.010854317359585863,0.058369070291519165,6.4849853515625e-05,-0.02175779502834807,0.0732221007347107,0.011056005954742432,-0.03295771453525553,0.06842443346977234,0.021342992782592773,-0.04319479737426768,0.06969225406646729,-0.07341235876083374,-0.01604146186258326,0.08062997460365295,-0.00973445177078247,-0.033280879743356806,0.07063129544258118,-0.010304093360900879,-0.046148933954496485,0.064715176820755,-0.027317941188812256,-0.05602190691973696,0.04727482795715332,-0.07208865880966187,-0.020864097885747057,0.0576932430267334,0.0066872239112854,-0.03607475060965548,0.045843929052352905,-0.0033969879150390625,-0.042001791782636744,0.041337013244628906,-0.02454197406768799,-0.04755894888188372,0.022587984800338745,-0.05932736396789551,-0.02749158862974177,0.03305104374885559,0.01584690809249878,-0.03941644776608477,0.0219251811504364,0.003539741039276123,-0.038799692429561716,0.019017934799194336,-0.01712590456008911,-0.03877534020688067,-0.0008869469165802002,-0.040814220905303955,-0.03634246487166415,0.009655892848968506,0.016962707042694092,-0.04554956082250605,0.002547532320022583,0.006309449672698975,-0.04745874974872599,-0.0026591122150421143,-0.013035416603088379,-0.048591044284362894,0.05397908057947992,0.031834176049267686,0.015285207693525937,0.0,0.04431838982920994,0.0455728487611048,0.050459685087693405,0.049970701719834594,0.053462176683018635,0.06277252404756394,1
0.031600356101989746,-0.0012804865837097168,-0.010854317359585863,0.058369070291519165,6.4849853515625e-05,-0.02175779502834807,0.0732221007347107,0.011056005954742432,-0.03295771453525553,0.06842443346977234,0.021342992782592773,-0.04319479737426768,0.06969225406646729,-0.07341235876083374,-0.01604146186258326,0.08062997460365295,-0.00973445177078247,-0.033280879743356806,0.07063129544258118,-0.010304093360900879,-0.046148933954496485,0.064715176820755,-0.027317941188812256,-0.05602190691973696,0.04727482795715332,-0.07208865880966187,-0.020864097885747057,0.0576932430267334,0.0066872239112854,-0.03607475060965548,0.045843929052352905,-0.0033969879150390625,-0.042001791782636744,0.041337013244628906,-0.02454197406768799,-0.04755894888188372,0.022587984800338745,-0.05932736396789551,-0.02749158862974177,0.03305104374885559,0.01584690809249878,-0.03941644776608477,0.0219251811504364,0.003539741039276123,-0.038799692429561716,0.019017934799194336,-0.01712590456008911,-0.03877534020688067,-0.0008869469165802002,-0.040814220905303955,-0.03634246487166415,0.009655892848968506,0.016962707042694092,-0.04554956082250605,0.002547532320022583,0.006309449672698975,-0.04745874974872599,-0.0026591122150421143,-0.013035416603088379,-0.048591044284362894,0.05397908057947992,0.031834176049267686,0.015285207693525937,0.0,0.04431838982920994,0.0455728487611048,0.050459685087693405,0.049970701719834594,0.053462176683018635,0.06277252404756394,1
0.031600356101989746,-0.0012804865837097168,-0.010854317359585863,0.058369070291519165,6.4849853515625e-05,-0.02175779502834807,0.0732221007347107,0.011056005954742432,-0.03295771453525553,0.06842443346977234,0.021342992782592773,-0.04319479737426768,0.06969225406646729,-0.07341235876083374,-0.01604146186258326,0.08062997460365295,-0.00973445177078247,-0.033280879743356806,0.07063129544258118,-0.010304093360900879,-0.046148933954496485,0.064715176820755,-0.027317941188812256,-0.05602190691973696,0.04727482795715332,-0.07208865880966187,-0.020864097885747057,0.0576932430267334,0.0066872239112854,-0.03607475060965548,0.045843929052352905,-0.0033969879150390625,-0.042001791782636744,0.041337013244628906,-0.02454197406768799,-0.04755894888188372,0.022587984800338745,-0.05932736396789551,-0.02749158862974177,0.03305104374885559,0.01584690809249878,-0.03941644776608477,0.0219251811504364,0.003539741039276123,-0.038799692429561716,0.019017934799194336,-0.01712590456008911,-0.03877534020688067,-0.0008869469165802002,-0.040814220905303955,-0.03634246487166415,0.009655892848968506,0.016962707042694092,-0.04554956082250605,0.002547532320022583,0.006309449672698975,-0.04745874974872599,-0.0026591122150421143,-0.013035416603088379,-0.048591044284362894,0.05397908057947992,0.031834176049267686,0.015285207693525937,0.0,0.04431838982920994,0.0455728487611048,0.050459685087693405,0.049970701719834594,0.053462176683018635,0.06277252404756394,1
0.031600356101989746,-0.0012804865837097168,-0.010854317359585863,0.058369070291519165,6.4849853515625e-05,-0.02175779502834807,0.0732221007347107,0.011056005954742432,-0.03295771453525553,0.06842443346977234,0.021342992782592773,-0.04319479737426768,0.06969225406646729,-0.07341235876083374,-0.01604146186258326,0.08062997460365295,-0.00973445177078247,-0.033280879743356806,0.07063129544258118,-0.010304093360900879,-0.046148933954496485,0.064715176820755,-0.027317941188812256,-0.05602190691973696,0.04727482795715332,-0.07208865880966187,-0.020864097885747057,0.0576932430267334,0.0066872239112854,-0.03607475060965548,0.045843929052352905,-0.0033969879150390625,-0.042001791782636744,0.041337013244628906,-0.02454197406768799,-0.04755894888188372,0.022587984800338745,-0.05932736396789551,-0.02749158862974177,0.03305104374885559,0.01584690809249878,-0.03941644776608477,0.0219251811504364,0.003539741039276123,-0.038799692429561716,0.019017934799194336,-0.01712590456008911,-0.03877534020688067,-0.0008869469165802002,-0.040814220905303955,-0.03634246487166415,0.009655892848968506,0.016962707042694092,-0.04554956082250605,0.002547532320022583,0.006309449672698975,-0.04745874974872599,-0.0026591122150421143,-0.013035416603088379,-0.048591044284362894,0.05397908057947992,0.031834176049267686,0.015285207693525937,0.0,0.04431838982920994,0.0455728487611048,0.050459685087693405,0.049970701719834594,0.053462176683018635,0.06277252404756394,1
0.031600356101989746,-0.0012804865837097168,-0.010854317359585863,0.058369070291519165,6.4849853515625e-05,-0.02175779502834807,0.0732221007347107,0.011056005954742432,-0.03295771453525553,0.06842443346977234,0.021342992782592773,-0.04319479737426768,0.06969225406646729,-0.07341235876083374,-0.01604146186258326,0.08062997460365295,-0.00973445177078247,-0.033280879743356806,0.07063129544258118,-0.010304093360900879,-0.046148933954496485,0.064715176820755,-0.027317941188812256,-0.05602190691973696,0.04727482795715332,-0.07208865880966187,-0.020864097885747057,0.0576932430267334,0.0066872239112854,-0.03607475060965548,0.045843929052352905,-0.0033969879150390625,-0.042001791782636744,0.041337013244628906,-0.02454197406768799,-0.04755894888188372,0.022587984800338745,-0.05932736396789551,-0.02749158862974177,0.03305104374885559,0.01584690809249878,-0.03941644776608477,0.0219251811504364,0.003539741039276123,-0.038799692429561716,0.019017934799194336,-0.01712590456008911,-0.03877534020688067,-0.0008869469165802002,-0.040814220905303955,-0.03634246487166415,0.009655892848968506,0.016962707042694092,-0.04554956082250605,0.002547532320022583,0.006309449672698975,-0.04745874974872599,-0.0026591122150421143,-0.013035416603088379,-0.048591044284362894,0.05397908057947992,0.031834176049267686,0.015285207693525937,0.0,0.04431838982920994,0.0455728487611048,0.050459685087693405,0.049970701719834594,0.053462176683018635,0.06277252404756394,1
0.031600356101989746,-0.0012804865837097168,-0.010854317359585863,0.058369070291519165,6.4849853515625e-05,-0.02175779502834807,0.0732221007347107,0.011056005954742432,-0.03295771453525553,0.06842443346977234,0.021342992782592773,-0.04319479737426768,0.06969225406646729,-0.07341235876083374,-0.01604146186258326,0.08062997460365295,-0.00973445177078247,-0.033280879743356806,0.07063129544258118,-0.010304093360900879,-0.046148933954496485,0.064715176820755,-0.027317941188812256,-0.05602190691973696,0.04727482795715332,-0.07208865880966187,-0.020864097885747057,0.0576932430267334,0.0066872239112854,-0.03607475060965548,0.045843929052352905,-0.0033969879150390625,-0.042001791782636744,0.041337013244628906,-0.02454197406768799,-0.04755894888188372,0.022587984800338745,-0.05932736396789551,-0.02749158862974177,0.03305104374885559,0.01584690809249878,-0.03941644776608477,0.0219251811504364,0.003539741039276123,-0.038799692429561716,0.019017934799194336,-0.01712590456008911,-0.03877534020688067,-0.0008869469165802002,-0.040814220905303955,-0.03634246487166415,0.009655892848968506,0.016962707042694092,-0.04554956082250605,0.002547532320022583,0.006309449672698975,-0.04745874974872599,-0.0026591122150421143,-0.013035416603088379,-0.048591044284362894,0.05397908057947992,0.031834176049267686,0.015285207693525937,0.0,0.04431838982920994,0.0455728487611048,0.050459685087693405,0.049970701719834594,0.053462176683018635,0.06277252404756394,1
0.031600356101989746,-0.0012804865837097168,-0.010854317359585863,0.058369070291519165,6.4849853515625e-05,-0.02175779502834807,0.0732221007347107,0.011056005954742432,-0.03295771453525553,0.06842443346977234,0.021342992782592773,-0.04319479737426768,0.06969225406646729,-0.07341235876083374,-0.01604146186258326,0.08062997460365295,-0.00973445177078247,-0.033280879743356806,0.07063129544258118,-0.010304093360900879,-0.046148933954496485,0.064715176820755,-0.027317941188812256,-0.05602190691973696,0.04727482795715332,-0.07208865880966187,-0.020864097885747057,0.0576932430267334,0.0066872239112854,-0.03607475060965548,0.045843929052352905,-0.0033969879150390625,-0.042001791782636744,0.041337013244628906,-0.02454197406768799,-0.04755894888188372,0.022587984800338745,-0.05932736396789551,-0.02749158862974177,0.03305104374885559,0.01584690809249878,-0.03941644776608477,0.0219251811504364,0.003539741039276123,-0.038799692429561716,0.019017934799194336,-0.01712590456008911,-0.03877534020688067,-0.0008869469165802002,-0.040814220905303955,-0.03634246487166415,0.009655892848968506,0.016962707042694092,-0.04554956082250605,0.002547532320022583,0.006309449672698975,-0.04745874974872599,-0.0026591122150421143,-0.013035416603088379,-0.048591044284362894,0.05397908057947992,0.031834176049267686,0.015285207693525937,0.0,0.04431838982920994,0.0455728487611048,0.050459685087693405,0.049970701719834594,0.053462176683018635,0.06277252404756394,1
0.031600356101989746,-0.0012804865837097168,-0.010854317359585863,0.058369070291519165,6.4849853515625e-05,-0.02175779502834807,0.0732221007347107,0.011056005954742432,-0.03295771453525553,0.06842443346977234,0.021342992782592773,-0.04319479737426768,0.06969225406646729,-0.07341235876083374,-0.01604146186258326,0.08062997460365295,-0.00973445177078247,-0.033280879743356806,0.07063129544258118,-0.010304093360900879,-0.046148933954496485,0.064715176820755,-0.027317941188812256,-0.05602190691973696,0.04727482795715332,-0.07208865880966187,-0.020864097885747057,0.0576932430267334,0.0066872239112854,-0.03607475060965548,0.045843929052352905,-0.0033969879150390625,-0.042001791782636744,0.041337013244628906,-0.02454197406768799,-0.04755894888188372,0.022587984800338745,-0.05932736396789551,-0.02749158862974177,0.03305104374885559,0.01584690809249878,-0.03941644776608477,0.0219251811504364,0.003539741039276123,-0.038799692429561716,0.019017934799194336,-0.01712590456008911,-0.03877534020688067,-0.0008869469165802002,-0.040814220905303955,-0.03634246487166415,0.009655892848968506,0.016962707042694092,-0.04554956082250605,0.002547532320022583,0.006309449672698975,-0.04745874974872599,-0.0026591122150421143,-0.013035416603088379,-0.048591044284362894,0.05397908057947992,0.031834176049267686,0.015285207693525937,0.0,0.04431838982920994,0.0455728487611048,0.050459685087693405,0.049970701719834594,0.053462176683018635,0.06277252404756394,1
0.031600356101989746,-0.0012804865837097168,-0.010854317359585863,0.058369070291519165,6.4849853515625e-05,-0.02175779502834807,0.0732221007347107,0.011056005954742432,-0.03295771453525553,0.06842443346977234,0.021342992782592773,-0.04319479737426768,0.06969225406646729,-0.07341235876083374,-0.01604146186258326,0.08062997460365295,-0.00973445177078247,-0.033280879743356806,0.07063129544258118,-0.010304093360900879,-0.046148933954496485,0.064715176820755,-0.027317941188812256,-0.05602190691973696,0.04727482795715332,-0.07208865880966187,-0.020864097885747057,0.0576932430267334,0.0066872239112854,-0.03607475060965548,0.045843929052352905,-0.0033969879150390625,-0.042001791782636744,0.041337013244628906,-0.02454197406768799,-0.04755894888188372,0.022587984800338745,-0.05932736396789551,-0.02749158862974177,0.03305104374885559,0.01584690809249878,-0.03941644776608477,0.0219251811504364,0.003539741039276123,-0.038799692429561716,0.019017934799194336,-0.01712590456008911,-0.03877534020688067,-0.0008869469165802002,-0.040814220905303955,-0.03634246487166415,0.009655892848968506,0.016962707042694092,-0.04554956082250605,0.002547532320022583,0.006309449672698975,-0.04745874974872599,-0.0026591122150421143,-0.013035416603088379,-0.048591044284362894,0.05397908057947992,0.031834176049267686,0.015285207693525937,0.0,0.04431838982920994,0.0455728487611048,0.050459685087693405,0.049970701719834594,0.053462176683018635,0.06277252404756394,1
0.031600356101989746,-0.0012804865837097168,-0.010854317359585863,0.058369070291519165,6.4849853515625e-05,-0.02175779502834807,0.0732221007347107,0.011056005954742432,-0.03295771453525553,0.06842443346977234,0.021342992782592773,-0.04319479737426768,0.06969225406646729,-0.07341235876083374,-0.01604146186258326,0.08062997460365295,-0.00973445177078247,-0.033280879743356806,0.07063129544258118,-0.010304093360900879,-0.046148933954496485,0.064715176820755,-0.027317941188812256,-0.05602190691973696,0.04727482795715332,-0.07208865880966187,-0.020864097885747057,0.0576932430267334,0.0066872239112854,-0.03607475060965548,0.045843929052352905,-0.0033969879150390625,-0.042001791782636744,0.041337013244628906,-0.02454197406768799,-0.04755894888188372,0.022587984800338745,-0.05932736396789551,-0.02749158862974177,0.03305104374885559,0.01584690809249878,-0.03941644776608477,0.0219251811504364,0.003539741039276123,-0.038799692429561716,0.019017934799194336,-0.01712590456008911,-0.03877534020688067,-0.0008869469165802002,-0.040814220905303955,-0.03634246487166415,0.009655892848968506,0.016962707042694092,-0.04554956082250605,0.002547532320022583,0.006309449672698975,-0.04745874974872599,-0.0026591122150421143,-0.013035416603088379,-0.048591044284362894,0.05397908057947992,0.031834176049267686,0.015285207693525937,0.0,0.04431838982920994,0.0455728487611048,0.050459685087693405,0.049970701719834594,0.053462176683018635,0.06277252404756394,1
0.031600356101989746,-0.0012804865837097168,-0.010854317359585863,0.058369070291519165,6.4849853515625e-05,-0.02175779502834807,0.0732221007347107,0.011056005954742432,-0.03295771453525553,0.06842443346977234,0.021342992782592773,-0.04319479737426768,0.06969225406646729,-0.07341235876083374,-0.01604146186258326,0.08062997460365295,-0.00973445177078247,-0.033280879743356806,0.07063129544258118,-0.010304093360900879,-0.046148933954496485,0.064715176820755,-0.027317941188812256,-0.05602190691973696,0.04727482795715332,-0.07208865880966187,-0.020864097885747057,0.0576932430267334,0.0066872239112854,-0.03607475060965548,0.045843929052352905,-0.0033969879150390625,-0.042001791782636744,0.041337013244628906,-0.02454197406768799,-0.04755894888188372,0.022587984800338745,-0.05932736396789551,-0.02749158862974177,0.03305104374885559,0.01584690809249878,-0.03941644776608477,0.0219251811504364,0.003539741039276123,-0.038799692429561716,0.019017934799194336,-0.01712590456008911,-0.03877534020688067,-0.0008869469165802002,-0.040814220905303955,-0.03634246487166415,0.009655892848968506,0.016962707042694092,-0.04554956082250605,0.002547532320022583,0.006309449672698975,-0.04745874974872599,-0.0026591122150421143,-0.013035416603088379,-0.048591044284362894,0.05397908057947992,0.031834176049267686,0.015285207693525937,0.0,0.04431838982920994,0.0455728487611048,0.050459685087693405,0.049970701719834594,0.053462176683018635,0.06277252404756394,1
0.031600356101989746,-0.0012804865837097168,-0.010854317359585863,0.058369070291519165,6.4849853515625e-05,-0.02175779502834807,0.0732221007347107,0.011056005954742432,-0.03295771453525553,0.06842443346977234,0.021342992782592773,-0.04319479737426768,0.06969225406646729,-0.07341235876083374,-0.01604146186258326,0.08062997460365295,-0.00973445177078247,-0.033280879743356806,0.07063129544258118,-0.010304093360900879,-0.046148933954496485,0.064715176820755,-0.027317941188812256,-0.05602190691973696,0.04727482795715332,-0.07208865880966187,-0.020864097885747057,0.0576932430267334,0.0066872239112854,-0.03607475060965548,0.045843929052352905,-0.0033969879150390625,-0.042001791782636744,0.041337013244628906,-0.02454197406768799,-0.04755894888188372,0.022587984800338745,-0.05932736396789551,-0.02749158862974177,0.03305104374885559,0.01584690809249878,-0.03941644776608477,0.0219251811504364,0.003539741039276123,-0.038799692429561716,0.019017934799194336,-0.01712590456008911,-0.03877534020688067,-0.0008869469165802002,-0.040814220905303955,-0.03634246487166415,0.009655892848968506,0.016962707042694092,-0.04554956082250605,0.002547532320022583,0.006309449672698975,-0.04745874974872599,-0.0026591122150421143,-0.013035416603088379,-0.048591044284362894,0.05397908057947992,0.031834176049267686,0.015285207693525937,0.0,0.04431838982920994,0.0455728487611048,0.050459685087693405,0.049970701719834594,0.053462176683018635,0.06277252404756394,1
0.031600356101989746,-0.0012804865837097168,-0.010854317359585863,0.058369070291519165,6.4849853515625e-05,-0.02175779502834807,0.0732221007347107,0.011056005954742432,-0.03295771453525553,0.06842443346977234,0.021342992782592773,-0.04319479737426768,0.06969225406646729,-0.07341235876083374,-0.01604146186258326,0.08062997460365295,-0.00973445177078247,-0.033280879743356806,0.07063129544258118,-0.010304093360900879,-0.046148933954496485,0.064715176820755,-0.027317941188812256,-0.05602190691973696,0.04727482795715332,-0.07208865880966187,-0.020864097885747057,0.0576932430267334,0.0066872239112854,-0.03607475060965548,0.045843929052352905,-0.0033969879150390625,-0.042001791782636744,0.041337013244628906,-0.02454197406768799,-0.04755894888188372,0.022587984800338745,-0.05932736396789551,-0.02749158862974177,0.03305104374885559,0.01584690809249878,-0.03941644776608477,0.0219251811504364,0.003539741039276123,-0.038799692429561716,0.019017934799194336,-0.01712590456008911,-0.03877534020688067,-0.0008869469165802002,-0.040814220905303955,-0.03634246487166415,0.009655892848968506,0.016962707042694092,-0.04554956082250605,0.002547532320022583,0.006309449672698975,-0.04745874974872599,-0.0026591122150421143,-0.013035416603088379,-0.048591044284362894,0.05397908057947992,0.031834176049267686,0.015285207693525937,0.0,0.04431838982920994,0.0455728487611048,0.050459685087693405,0.049970701719834594,0.053462176683018635,0.06277252404756394,1
0.031600356101989746,-0.0012804865837097168,-0.010854317359585863,0.058369070291519165,6.4849853515625e-05,-0.02175779502834807,0.0732221007347107,0.011056005954742432,-0.03295771453525553,0.06842443346977234,0.021342992782592773,-0.04319479737426768,0.06969225406646729,-0.07341235876083374,-0.01604146186258326,0.08062997460365295,-0.00973445177078247,-0.033280879743356806,0.07063129544258118,-0.010304093360900879,-0.046148933954496485,0.064715176820755,-0.027317941188812256,-0.05602190691973696,0.04727482795715332,-0.07208865880966187,-0.020864097885747057,0.0576932430267334,0.0066872239112854,-0.03607475060965548,0.045843929052352905,-0.0033969879150390625,-0.042001791782636744,0.041337013244628906,-0.02454197406768799,-0.04755894888188372,0.022587984800338745,-0.05932736396789551,-0.02749158862974177,0.03305104374885559,0.01584690809249878,-0.03941644776608477,0.0219251811504364,0.003539741039276123,-0.038799692429561716,0.019017934799194336,-0.01712590456008911,-0.03877534020688067,-0.0008869469165802002,-0.040814220905303955,-0.03634246487166415,0.009655892848968506,0.016962707042694092,-0.04554956082250605,0.002547532320022583,0.006309449672698975,-0.04745874974872599,-0.0026591122150421143,-0.013035416603088379,-0.048591044284362894,0.05397908057947992,0.031834176049267686,0.015285207693525937,0.0,0.04431838982920994,0.0455728487611048,0.050459685087693405,0.049970701719834594,0.053462176683018635,0.06277252404756394,1
0.031600356101989746,-0.0012804865837097168,-0.010854317359585863,0.058369070291519165,6.4849853515625e-05,-0.02175779502834807,0.0732221007347107,0.011056005954742432,-0.03295771453525553,0.06842443346977234,0.021342992782592773,-0.04319479737426768,0.06969225406646729,-0.07341235876083374,-0.01604146186258326,0.08062997460365295,-0.00973445177078247,-0.033280879743356806,0.07063129544258118,-0.010304093360900879,-0.046148933954496485,0.064715176820755,-0.027317941188812256,-0.05602190691973696,0.04727482795715332,-0.07208865880966187,-0.020864097885747057,0.0576932430267334,0.0066872239112854,-0.03607475060965548,0.045843929052352905,-0.0033969879150390625,-0.042001791782636744,0.041337013244628906,-0.02454197406768799,-0.04755894888188372,0.022587984800338745,-0.05932736396789551,-0.02749158862974177,0.03305104374885559,0.01584690809249878,-0.03941644776608477,0.0219251811504364,0.003539741039276123,-0.038799692429561716,0.019017934799194336,-0.01712590456008911,-0.03877534020688067,-0.0008869469165802002,-0.040814220905303955,-0.03634246487166415,0.009655892848968506,0.016962707042694092,-0.04554956082250605,0.002547532320022583,0.006309449672698975,-0.04745874974872599,-0.0026591122150421143,-0.013035416603088379,-0.048591044284362894,0.05397908057947992,0.031834176049267686,0.015285207693525937,0.0,0.04431838982920994,0.0455728487611048,0.050459685087693405,0.049970701719834594,0.053462176683018635,0.06277252404756394,1
0.031600356101989746,-0.0012804865837097168,-0.010854317359585863,0.058369070291519165,6.4849853515625e-05,-0.02175779502834807,0.0732221007347107,0.011056005954742432,-0.03295771453525553,0.06842443346977234,0.021342992782592773,-0.04319479737426768,0.06969225406646729,-0.07341235876083374,-0.01604146186258326,0.08062997460365295,-0.00973445177078247,-0.033280879743356806,0.07063129544258118,-0.010304093360900879,-0.046148933954496485,0.064715176820755,-0.027317941188812256,-0.05602190691973696,0.04727482795715332,-0.07208865880966187,-0.020864097885747057,0.0576932430267334,0.0066872239112854,-0.03607475060965548,0.045843929052352905,-0.0033969879150390625,-0.042001791782636744,0.041337013244628906,-0.02454197406768799,-0.04755894888188372,0.022587984800338745,-0.05932736396789551,-0.02749158862974177,0.03305104374885559,0.01584690809249878,-0.03941644776608477,0.0219251811504364,0.003539741039276123,-0.038799692429561716,0.019017934799194336,-0.01712590456008911,-0.03877534020688067,-0.0008869469165802002,-0.040814220905303955,-0.03634246487166415,0.009655892848968506,0.016962707042694092,-0.04554956082250605,0.002547532320022583,0.006309449672698975,-0.04745874974872599,-0.0026591122150421143,-0.013035416603088379,-0.048591044284362894,0.05397908057947992,0.031834176049267686,0.015285207693525937,0.0,0.04431838982920994,0.0455728487611048,0.050459685087693405,0.049970701719834594,0.053462176683018635,0.06277252404756394,1
0.031600356101989746,-0.0012804865837097168,-0.010854317359585863,0.058369070291519165,6.4849853515625e-05,-0.02175779502834807,0.0732221007347107,0.011056005954742432,-0.03295771453525553,0.06842443346977234,0.021342992782592773,-0.04319479737426768,0.06969225406646729,-0.07341235876083374,-0.01604146186258326,0.08062997460365295,-0.00973445177078247,-0.033280879743356806,0.07063129544258118,-0.010304093360900879,-0.046148933954496485,0.064715176820755,-0.027317941188812256,-0.05602190691973696,0.04727482795715332,-0.07208865880966187,-0.020864097885747057,0.0576932430267334,0.0066872239112854,-0.03607475060965548,0.045843929052352905,-0.0033969879150390625,-0.042001791782636744,0.041337013244628906,-0.02454197406768799,-0.04755894888188372,0.022587984800338745,-0.05932736396789551,-0.02749158862974177,0.03305104374885559,0.01584690809249878,-0.03941644776608477,0.0219251811504364,0.003539741039276123,-0.038799692429561716,0.019017934799194336,-0.01712590456008911,-0.03877534020688067,-0.0008869469165802002,-0.040814220905303955,-0.03634246487166415,0.009655892848968506,0.016962707042694092,-0.04554956082250605,0.002547532320022583,0.006309449672698975,-0.04745874974872599,-0.0026591122150421143,-0.013035416603088379,-0.048591044284362894,0.05397908057947992,0.031834176049267686,0.015285207693525937,0.0,0.04431838982920994,0.0455728487611048,0.050459685087693405,0.049970701719834594,0.053462176683018635,0.06277252404756394,1
0.031600356101989746,-0.0012804865837097168,-0.010854317359585863,0.058369070291519165,6.4849853515625e-05,-0.02175779502834807,0.0732221007347107,0.011056005954742432,-0.03295771453525553,0.06842443346977234,0.021342992782592773,-0.04319479737426768,0.06969225406646729,-0.07341235876083374,-0.01604146186258326,0.08062997460365295,-0.00973445177078247,-0.033280879743356806,0.07063129544258118,-0.010304093360900879,-0.046148933954496485,0.064715176820755,-0.027317941188812256,-0.05602190691973696,0.04727482795715332,-0.07208865880966187,-0.020864097885747057,0.0576932430267334,0.0066872239112854,-0.03607475060965548,0.045843929052352905,-0.0033969879150390625,-0.042001791782636744,0.041337013244628906,-0.02454197406768799,-0.04755894888188372,0.022587984800338745,-0.05932736396789551,-0.02749158862974177,0.03305104374885559,0.01584690809249878,-0.03941644776608477,0.0219251811504364,0.003539741039276123,-0.038799692429561716,0.019017934799194336,-0.01712590456008911,-0.03877534020688067,-0.0008869469165802002,-0.040814220905303955,-0.03634246487166415,0.009655892848968506,0.016962707042694092,-0.04554956082250605,0.002547532320022583,0.006309449672698975,-0.04745874974872599,-0.0026591122150421143,-0.013035416603088379,-0.048591044284362894,0.05397908057947992,0.031834176049267686,0.015285207693525937,0.0,0.04431838982920994,0.0455728487611048,0.050459685087693405,0.049970701719834594,0.053462176683018635,0.06277252404756394,1
0.031600356101989746,-0.0012804865837097168,-0.010854317359585863,0.058369070291519165,6.4849853515625e-05,-0.02175779502834807,0.0732221007347107,0.011056005954742432,-0.03295771453525553,0.06842443346977234,0.021342992782592773,-0.04319479737426768,0.06969225406646729,-0.07341235876083374,-0.01604146186258326,0.08062997460365295,-0.00973445177078247,-0.033280879743356806,0.07063129544258118,-0.010304093360900879,-0.046148933954496485,0.064715176820755,-0.027317941188812256,-0.05602190691973696,0.04727482795715332,-0.07208865880966187,-0.020864097885747057,0.0576932430267334,0.0066872239112854,-0.03607475060965548,0.045843929052352905,-0.0033969879150390625,-0.042001791782636744,0.041337013244628906,-0.02454197406768799,-0.04755894888188372,0.022587984800338745,-0.05932736396789551,-0.02749158862974177,0.03305104374885559,0.01584690809249878,-0.03941644776608477,0.0219251811504364,0.003539741039276123,-0.038799692429561716,0.019017934799194336,-0.01712590456008911,-0.03877534020688067,-0.0008869469165802002,-0.040814220905303955,-0.03634246487166415,0.009655892848968506,0.016962707042694092,-0.04554956082250605,0.002547532320022583,0.006309449672698975,-0.04745874974872599,-0.0026591122150421143,-0.013035416603088379,-0.048591044284362894,0.05397908057947992,0.031834176049267686,0.015285207693525937,0.0,0.04431838982920994,0.0455728487611048,0.050459685087693405,0.049970701719834594,0.053462176683018635,0.06277252404756394,1
0.031600356101989746,-0.0012804865837097168,-0.010854317359585863,0.058369070291519165,6.4849853515625e-05,-0.02175779502834807,0.0732221007347107,0.011056005954742432,-0.03295771453525553,0.06842443346977234,0.021342992782592773,-0.04319479737426768,0.06969225406646729,-0.07341235876083374,-0.01604146186258326,0.08062997460365295,-0.00973445177078247,-0.033280879743356806,0.07063129544258118,-0.010304093360900879,-0.046148933954496485,0.064715176820755,-0.027317941188812256,-0.05602190691973696,0.04727482795715332,-0.07208865880966187,-0.020864097885747057,0.0576932430267334,0.0066872239112854,-0.03607475060965548,0.045843929052352905,-0.0033969879150390625,-0.042001791782636744,0.041337013244628906,-0.02454197406768799,-0.04755894888188372,0.022587984800338745,-0.05932736396789551,-0.02749158862974177,0.03305104374885559,0.01584690809249878,-0.03941644776608477,0.0219251811504364,0.003539741039276123,-0.038799692429561716,0.019017934799194336,-0.01712590456008911,-0.03877534020688067,-0.0008869469165802002,-0.040814220905303955,-0.03634246487166415,0.009655892848968506,0.016962707042694092,-0.04554956082250605,0.002547532320022583,0.006309449672698975,-0.04745874974872599,-0.0026591122150421143,-0.013035416603088379,-0.048591044284362894,0.05397908057947992,0.031834176049267686,0.015285207693525937,0.0,0.04431838982920994,0.0455728487611048,0.050459685087693405,0.049970701719834594,0.053462176683018635,0.06277252404756394,1
0.031600356101989746,-0.0012804865837097168,-0.010854317359585863,0.058369070291519165,6.4849853515625e-05,-0.02175779502834807,0.0732221007347107,0.011056005954742432,-0.03295771453525553,0.06842443346977234,0.021342992782592773,-0.04319479737426768,0.06969225406646729,-0.07341235876083374,-0.01604146186258326,0.08062997460365295,-0.00973445177078247,-0.033280879743356806,0.07063129544258118,-0.010304093360900879,-0.046148933954496485,0.064715176820755,-0.027317941188812256,-0.05602190691973696,0.04727482795715332,-0.07208865880966187,-0.020864097885747057,0.0576932430267334,0.0066872239112854,-0.03607475060965548,0.045843929052352905,-0.0033969879150390625,-0.042001791782636744,0.041337013244628906,-0.02454197406768799,-0.04755894888188372,0.022587984800338745,-0.05932736396789551,-0.02749158862974177,0.03305104374885559,0.01584690809249878,-0.03941644776608477,0.0219251811504364,0.003539741039276123,-0.038799692429561716,0.019017934799194336,-0.01712590456008911,-0.03877534020688067,-0.0008869469165802002,-0.040814220905303955,-0.03634246487166415,0.009655892848968506,0.016962707042694092,-0.04554956082250605,0.002547532320022583,0.006309449672698975,-0.04745874974872599,-0.0026591122150421143,-0.013035416603088379,-0.048591044284362894,0.05397908057947992,0.031834176049267686,0.015285207693525937,0.0,0.04431838982920994,0.0455728487611048,0.050459685087693405,0.049970701719834594,0.053462176683018635,0.06277252404756394,1
0.031600356101989746,-0.0012804865837097168,-0.010854317359585863,0.058369070291519165,6.4849853515625e-05,-0.02175779502834807,0.0732221007347107,0.011056005954742432,-0.03295771453525553,0.06842443346977234,0.021342992782592773,-0.04319479737426768,0.06969225406646729,-0.07341235876083374,-0.01604146186258326,0.08062997460365295,-0.00973445177078247,-0.033280879743356806,0.07063129544258118,-0.010304093360900879,-0.046148933954496485,0.064715176820755,-0.027317941188812256,-0.05602190691973696,0.04727482795715332,-0.07208865880966187,-0.020864097885747057,0.0576932430267334,0.0066872239112854,-0.03607475060965548,0.045843929052352905,-0.0033969879150390625,-0.042001791782636744,0.041337013244628906,-0.02454197406768799,-0.04755894888188372,0.022587984800338745,-0.05932736396789551,-0.02749158862974177,0.03305104374885559,0.01584690809249878,-0.03941644776608477,0.0219251811504364,0.003539741039276123,-0.038799692429561716,0.019017934799194336,-0.01712590456008911,-0.03877534020688067,-0.0008869469165802002,-0.040814220905303955,-0.03634246487166415,0.009655892848968506,0.016962707042694092,-0.04554956082250605,0.002547532320022583,0.006309449672698975,-0.04745874974872599,-0.0026591122150421143,-0.013035416603088379,-0.048591044284362894,0.05397908057947992,0.031834176049267686,0.015285207693525937,0.0,0.04431838982920994,0.0455728487611048,0.050459685087693405,0.049970701719834594,0.053462176683018635,0.06277252404756394,1
0.031600356101989746,-0.0012804865837097168,-0.010854317359585863,0.058369070291519165,6.4849853515625e-05,-0.02175779502834807,0.0732221007347107,0.011056005954742432,-0.03295771453525553,0.06842443346977234,0.021342992782592773,-0.04319479737426768,0.06969225406646729,-0.07341235876083374,-0.01604146186258326,0.08062997460365295,-0.00973445177078247,-0.033280879743356806,0.07063129544258118,-0.010304093360900879,-0.046148933954496485,0.064715176820755,-0.027317941188812256,-0.05602190691973696,0.04727482795715332,-0.07208865880966187,-0.020864097885747057,0.0576932430267334,0.0066872239112854,-0.03607475060965548,0.045843929052352905,-0.0033969879150390625,-0.042001791782636744,0.041337013244628906,-0.02454197406768799,-0.04755894888188372,0.022587984800338745,-0.05932736396789551,-0.02749158862974177,0.03305104374885559,0.01584690809249878,-0.03941644776608477,0.0219251811504364,0.003539741039276123,-0.038799692429561716,0.019017934799194336,-0.01712590456008911,-0.03877534020688067,-0.0008869469165802002,-0.040814220905303955,-0.03634246487166415,0.009655892848968506,0.016962707042694092,-0.04554956082250605,0.002547532320022583,0.006309449672698975,-0.04745874974872599,-0.0026591122150421143,-0.013035416603088379,-0.048591044284362894,0.05397908057947992,0.031834176049267686,0.015285207693525937,0.0,0.04431838982920994,0.0455728487611048,0.050459685087693405,0.049970701719834594,0.053462176683018635,0.06277252404756394,1
0.031600356101989746,-0.0012804865837097168,-0.010854317359585863,0.058369070291519165,6.4849853515625e-05,-0.02175779502834807,0.0732221007347107,0.011056005954742432,-0.03295771453525553,0.06842443346977234,0.021342992782592773,-0.04319479737426768,0.06969225406646729,-0.07341235876083374,-0.01604146186258326,0.08062997460365295,-0.00973445177078247,-0.033280879743356806,0.07063129544258118,-0.010304093360900879,-0.046148933954496485,0.064715176820755,-0.027317941188812256,-0.05602190691973696,0.04727482795715332,-0.07208865880966187,-0.020864097885747057,0.0576932430267334,0.0066872239112854,-0.03607475060965548,0.045843929052352905,-0.0033969879150390625,-0.042001791782636744,0.041337013244628906,-0.02454197406768799,-0.04755894888188372,0.022587984800338745,-0.05932736396789551,-0.02749158862974177,0.03305104374885559,0.01584690809249878,-0.03941644776608477,0.0219251811504364,0.003539741039276123,-0.038799692429561716,0.019017934799194336,-0.01712590456008911,-0.03877534020688067,-0.0008869469165802002,-0.040814220905303955,-0.03634246487166415,0.009655892848968506,0.016962707042694092,-0.04554956082250605,0.002547532320022583,0.006309449672698975,-0.04745874974872599,-0.0026591122150421143,-0.013035416603088379,-0.048591044284362894,0.05397908057947992,0.031834176049267686,0.015285207693525937,0.0,0.04431838982920994,0.0455728487611048,0.050459685087693405,0.049970701719834594,0.053462176683018635,0.06277252404756394,1
0.031600356101989746,-0.0012804865837097168,-0.010854317359585863,0.058369070291519165,6.4849853515625e-05,-0.02175779502834807,0.0732221007347107,0.011056005954742432,-0.03295771453525553,0.06842443346977234,0.021342992782592773,-0.04319479737426768,0.06969225406646729,-0.07341235876083374,-0.01604146186258326,0.08062997460365295,-0.00973445177078247,-0.033280879743356806,0.07063129544258118,-0.010304093360900879,-0.046148933954496485,0.064715176820755,-0.027317941188812256,-0.05602190691973696,0.04727482795715332,-0.07208865880966187,-0.020864097885747057,0.0576932430267334,0.0066872239112854,-0.03607475060965548,0.045843929052352905,-0.0033969879150390625,-0.042001791782636744,0.041337013244628906,-0.02454197406768799,-0.04755894888188372,0.022587984800338745,-0.05932736396789551,-0.02749158862974177,0.03305104374885559,0.01584690809249878,-0.03941644776608477,0.0219251811504364,0.003539741039276123,-0.038799692429561716,0.019017934799194336,-0.01712590456008911,-0.03877534020688067,-0.0008869469165802002,-0.040814220905303955,-0.03634246487166415,0.009655892848968506,0.016962707042694092,-0.04554956082250605,0.002547532320022583,0.006309449672698975,-0.04745874974872599,-0.0026591122150421143,-0.013035416603088379,-0.048591044284362894,0.05397908057947992,0.031834176049267686,0.015285207693525937,0.0,0.04431838982920994,0.0455728487611048,0.050459685087693405,0.049970701719834594,0.053462176683018635,0.06277252404756394,1
0.031600356101989746,-0.0012804865837097168,-0.010854317359585863,0.058369070291519165,6.4849853515625e-05,-0.02175779502834807,0.0732221007347107,0.011056005954742432,-0.03295771453525553,0.06842443346977234,0.021342992782592773,-0.04319479737426768,0.06969225406646729,-0.07341235876083374,-0.01604146186258326,0.08062997460365295,-0.00973445177078247,-0.033280879743356806,0.07063129544258118,-0.010304093360900879,-0.046148933954496485,0.064715176820755,-0.027317941188812256,-0.05602190691973696,0.04727482795715332,-0.07208865880966187,-0.020864097885747057,0.0576932430267334,0.0066872239112854,-0.03607475060965548,0.045843929052352905,-0.0033969879150390625,-0.042001791782636744,0.041337013244628906,-0.02454197406768799,-0.04755894888188372,0.022587984800338745,-0.05932736396789551,-0.02749158862974177,0.03305104374885559,0.01584690809249878,-0.03941644776608477,0.0219251811504364,0.003539741039276123,-0.038799692429561716,0.019017934799194336,-0.01712590456008911,-0.03877534020688067,-0.0008869469165802002,-0.040814220905303955,-0.03634246487166415,0.009655892848968506,0.016962707042694092,-0.04554956082250605,0.002547532320022583,0.006309449672698975,-0.04745874974872599,-0.0026591122150421143,-0.013035416603088379,-0.048591044284362894,0.05397908057947992,0.031834176049267686,0.015285207693525937,0.0,0.04431838982920994,0.0455728487611048,0.050459685087693405,0.049970701719834594,0.053462176683018635,0.06277252404756394,1
0.031600356101989746,-0.0012804865837097168,-0.010854317359585863,0.058369070291519165,6.4849853515625e-05,-0.02175779502834807,0.0732221007347107,0.011056005954742432,-0.03295771453525553,0.06842443346977234,0.021342992782592773,-0.04319479737426768,0.06969225406646729,-0.07341235876083374,-0.01604146186258326,0.08062997460365295,-0.00973445177078247,-0.033280879743356806,0.07063129544258118,-0.010304093360900879,-0.046148933954496485,0.064715176820755,-0.027317941188812256,-0.05602190691973696,0.04727482795715332,-0.07208865880966187,-0.020864097885747057,0.0576932430267334,0.0066872239112854,-0.03607475060965548,0.045843929052352905,-0.0033969879150390625,-0.042001791782636744,0.041337013244628906,-0.02454197406768799,-0.04755894888188372,0.022587984800338745,-0.05932736396789551,-0.02749158862974177,0.03305104374885559,0.01584690809249878,-0.03941644776608477,0.0219251811504364,0.003539741039276123,-0.038799692429561716,0.019017934799194336,-0.01712590456008911,-0.03877534020688067,-0.0008869469165802002,-0.040814220905303955,-0.03634246487166415,0.009655892848968506,0.016962707042694092,-0.04554956082250605,0.002547532320022583,0.006309449672698975,-0.04745874974872599,-0.0026591122150421143,-0.013035416603088379,-0.048591044284362894,0.05397908057947992,0.031834176049267686,0.015285207693525937,0.0,0.04431838982920994,0.0455728487611048,0.050459685087693405,0.049970701719834594,0.053462176683018635,0.06277252404756394,1
0.031600356101989746,-0.0012804865837097168,-0.010854317359585863,0.058369070291519165,6.4849853515625e-05,-0.02175779502834807,0.0732221007347107,0.011056005954742432,-0.03295771453525553,0.06842443346977234,0.021342992782592773,-0.04319479737426768,0.06969225406646729,-0.07341235876083374,-0.01604146186258326,0.08062997460365295,-0.00973445177078247,-0.033280879743356806,0.07063129544258118,-0.010304093360900879,-0.046148933954496485,0.064715176820755,-0.027317941188812256,-0.05602190691973696,0.04727482795715332,-0.07208865880966187,-0.020864097885747057,0.0576932430267334,0.0066872239112854,-0.03607475060965548,0.045843929052352905,-0.0033969879150390625,-0.042001791782636744,0.041337013244628906,-0.02454197406768799,-0.04755894888188372,0.022587984800338745,-0.05932736396789551,-0.02749158862974177,0.03305104374885559,0.01584690809249878,-0.03941644776608477,0.0219251811504364,0.003539741039276123,-0.038799692429561716,0.019017934799194336,-0.01712590456008911,-0.03877534020688067,-0.0008869469165802002,-0.040814220905303955,-0.03634246487166415,0.009655892848968506,0.016962707042694092,-0.04554956082250605,0.002547532320022583,0.006309449672698975,-0.04745874974872599,-0.0026591122150421143,-0.013035416603088379,-0.048591044284362894,0.05397908057947992,0.031834176049267686,0.015285207693525937,0.0,0.04431838982920994,0.0455728487611048,0.050459685087693405,0.049970701719834594,0.053462176683018635,0.06277252404756394,1
0.031600356101989746,-0.0012804865837097168,-0.010854317359585863,0.058369070291519165,6.4849853515625e-05,-0.02175779502834807,0.0732221007347107,0.011056005954742432,-0.03295771453525553,0.06842443346977234,0.021342992782592773,-0.04319479737426768,0.06969225406646729,-0.07341235876083374,-0.01604146186258326,0.08062997460365295,-0.00973445177078247,-0.033280879743356806,0.07063129544258118,-0.010304093360900879,-0.046148933954496485,0.064715176820755,-0.027317941188812256,-0.05602190691973696,0.04727482795715332,-0.07208865880966187,-0.020864097885747057,0.0576932430267334,0.0066872239112854,-0.03607475060965548,0.045843929052352905,-0.0033969879150390625,-0.042001791782636744,0.041337013244628906,-0.02454197406768799,-0.04755894888188372,0.022587984800338745,-0.05932736396789551,-0.02749158862974177,0.03305104374885559,0.01584690809249878,-0.03941644776608477,0.0219251811504364,0.003539741039276123,-0.038799692429561716,0.019017934799194336,-0.01712590456008911,-0.03877534020688067,-0.0008869469165802002,-0.040814220905303955,-0.03634246487166415,0.009655892848968506,0.016962707042694092,-0.04554956082250605,0.002547532320022583,0.006309449672698975,-0.04745874974872599,-0.0026591122150421143,-0.013035416603088379,-0.048591044284362894,0.05397908057947992,0.031834176049267686,0.015285207693525937,0.0,0.04431838982920994,0.0455728487611048,0.050459685087693405,0.049970701719834594,0.053462176683018635,0.06277252404756394,1
0.031600356101989746,-0.0012804865837097168,-0.010854317359585863,0.058369070291519165,6.4849853515625e-05,-0.02175779502834807,0.0732221007347107,0.011056005954742432,-0.03295771453525553,0.06842443346977234,0.021342992782592773,-0.04319479737426768,0.06969225406646729,-0.07341235876083374,-0.01604146186258326,0.08062997460365295,-0.00973445177078247,-0.033280879743356806,0.07063129544258118,-0.010304093360900879,-0.046148933954496485,0.064715176820755,-0.027317941188812256,-0.05602190691973696,0.04727482795715332,-0.07208865880966187,-0.020864097885747057,0.0576932430267334,0.0066872239112854,-0.03607475060965548,0.045843929052352905,-0.0033969879150390625,-0.042001791782636744,0.041337013244628906,-0.02454197406768799,-0.04755894888188372,0.022587984800338745,-0.05932736396789551,-0.02749158862974177,0.03305104374885559,0.01584690809249878,-0.03941644776608477,0.0219251811504364,0.003539741039276123,-0.038799692429561716,0.019017934799194336,-0.01712590456008911,-0.03877534020688067,-0.0008869469165802002,-0.040814220905303955,-0.03634246487166415,0.009655892848968506,0.016962707042694092,-0.04554956082250605,0.002547532320022583,0.006309449672698975,-0.04745874974872599,-0.0026591122150421143,-0.013035416603088379,-0.048591044284362894,0.05397908057947992,0.031834176049267686,0.015285207693525937,0.0,0.04431838982920994,0.0455728487611048,0.050459685087693405,0.049970701719834594,0.053462176683018635,0.06277252404756394,1
0.031600356101989746,-0.0012804865837097168,-0.010854317359585863,0.058369070291519165,6.4849853515625e-05,-0.02175779502834807,0.0732221007347107,0.011056005954742432,-0.03295771453525553,0.06842443346977234,0.021342992782592773,-0.04319479737426768,0.06969225406646729,-0.07341235876083374,-0.01604146186258326,0.08062997460365295,-0.00973445177078247,-0.033280879743356806,0.07063129544258118,-0.010304093360900879,-0.046148933954496485,0.064715176820755,-0.027317941188812256,-0.05602190691973696,0.04727482795715332,-0.07208865880966187,-0.020864097885747057,0.0576932430267334,0.0066872239112854,-0.03607475060965548,0.045843929052352905,-0.0033969879150390625,-0.042001791782636744,0.041337013244628906,-0.02454197406768799,-0.04755894888188372,0.022587984800338745,-0.05932736396789551,-0.02749158862974177,0.03305104374885559,0.01584690809249878,-0.03941644776608477,0.0219251811504364,0.003539741039276123,-0.038799692429561716,0.019017934799194336,-0.01712590456008911,-0.03877534020688067,-0.0008869469165802002,-0.040814220905303955,-0.03634246487166415,0.009655892848968506,0.016962707042694092,-0.04554956082250605,0.002547532320022583,0.006309449672698975,-0.04745874974872599,-0.0026591122150421143,-0.013035416603088379,-0.048591044284362894,0.05397908057947992,0.031834176049267686,0.015285207693525937,0.0,0.04431838982920994,0.0455728487611048,0.050459685087693405,0.049970701719834594,0.053462176683018635,0.06277252404756394,1
0.031600356101989746,-0.0012804865837097168,-0.010854317359585863,0.058369070291519165,6.4849853515625e-05,-0.02175779502834807,0.0732221007347107,0.011056005954742432,-0.03295771453525553,0.06842443346977234,0.021342992782592773,-0.04319479737426768,0.06969225406646729,-0.07341235876083374,-0.01604146186258326,0.08062997460365295,-0.00973445177078247,-0.033280879743356806,0.07063129544258118,-0.010304093360900879,-0.046148933954496485,0.064715176820755,-0.027317941188812256,-0.05602190691973696,0.04727482795715332,-0.07208865880966187,-0.020864097885747057,0.0576932430267334,0.0066872239112854,-0.03607475060965548,0.045843929052352905,-0.0033969879150390625,-0.042001791782636744,0.041337013244628906,-0.02454197406768799,-0.04755894888188372,0.022587984800338745,-0.05932736396789551,-0.02749158862974177,0.03305104374885559,0.01584690809249878,-0.03941644776608477,0.0219251811504364,0.003539741039276123,-0.038799692429561716,0.019017934799194336,-0.01712590456008911,-0.03877534020688067,-0.0008869469165802002,-0.040814220905303955,-0.03634246487166415,0.009655892848968506,0.016962707042694092,-0.04554956082250605,0.002547532320022583,0.006309449672698975,-0.04745874974872599,-0.0026591122150421143,-0.013035416603088379,-0.048591044284362894,0.05397908057947992,0.031834176049267686,0.015285207693525937,0.0,0.04431838982920994,0.0455728487611048,0.050459685087693405,0.049970701719834594,0.053462176683018635,0.06277252404756394,1
0.031600356101989746,-0.0012804865837097168,-0.010854317359585863,0.058369070291519165,6.4849853515625e-05,-0.02175779502834807,0.0732221007347107,0.011056005954742432,-0.03295771453525553,0.06842443346977234,0.021342992782592773,-0.04319479737426768,0.06969225406646729,-0.07341235876083374,-0.01604146186258326,0.08062997460365295,-0.00973445177078247,-0.033280879743356806,0.07063129544258118,-0.010304093360900879,-0.046148933954496485,0.064715176820755,-0.027317941188812256,-0.05602190691973696,0.04727482795715332,-0.07208865880966187,-0.020864097885747057,0.0576932430267334,0.0066872239112854,-0.03607475060965548,0.045843929052352905,-0.0033969879150390625,-0.042001791782636744,0.041337013244628906,-0.02454197406768799,-0.04755894888188372,0.022587984800338745,-0.05932736396789551,-0.02749158862974177,0.03305104374885559,0.01584690809249878,-0.03941644776608477,0.0219251811504364,0.003539741039276123,-0.038799692429561716,0.019017934799194336,-0.01712590456008911,-0.03877534020688067,-0.0008869469165802002,-0.040814220905303955,-0.03634246487166415,0.009655892848968506,0.016962707042694092,-0.04554956082250605,0.002547532320022583,0.006309449672698975,-0.04745874974872599,-0.0026591122150421143,-0.013035416603088379,-0.048591044284362894,0.05397908057947992,0.031834176049267686,0.015285207693525937,0.0,0.04431838982920994,0.0455728487611048,0.050459685087693405,0.049970701719834594,0.053462176683018635,0.06277252404756394,1
0.031600356101989746,-0.0012804865837097168,-0.010854317359585863,0.058369070291519165,6.4849853515625e-05,-0.02175779502834807,0.0732221007347107,0.011056005954742432,-0.03295771453525553,0.06842443346977234,0.021342992782592773,-0.04319479737426768,0.06969225406646729,-0.07341235876083374,-0.01604146186258326,0.08062997460365295,-0.00973445177078247,-0.033280879743356806,0.07063129544258118,-0.010304093360900879,-0.046148933954496485,0.064715176820755,-0.027317941188812256,-0.05602190691973696,0.04727482795715332,-0.07208865880966187,-0.020864097885747057,0.0576932430267334,0.0066872239112854,-0.03607475060965548,0.045843929052352905,-0.0033969879150390625,-0.042001791782636744,0.041337013244628906,-0.02454197406768799,-0.04755894888188372,0.022587984800338745,-0.05932736396789551,-0.02749158862974177,0.03305104374885559,0.01584690809249878,-0.03941644776608477,0.0219251811504364,0.003539741039276123,-0.038799692429561716,0.019017934799194336,-0.01712590456008911,-0.03877534020688067,-0.0008869469165802002,-0.040814220905303955,-0.03634246487166415,0.009655892848968506,0.016962707042694092,-0.04554956082250605,0.002547532320022583,0.006309449672698975,-0.04745874974872599,-0.0026591122150421143,-0.013035416603088379,-0.048591044284362894,0.05397908057947992,0.031834176049267686,0.015285207693525937,0.0,0.04431838982920994,0.0455728487611048,0.050459685087693405,0.049970701719834594,0.053462176683018635,0.06277252404756394,1
0.031600356101989746,-0.0012804865837097168,-0.010854317359585863,0.058369070291519165,6.4849853515625e-05,-0.02175779502834807,0.0732221007347107,0.011056005954742432,-0.03295771453525553,0.06842443346977234,0.021342992782592773,-0.04319479737426768,0.06969225406646729,-0.07341235876083374,-0.01604146186258326,0.08062997460365295,-0.00973445177078247,-0.033280879743356806,0.07063129544258118,-0.010304093360900879,-0.046148933954496485,0.064715176820755,-0.027317941188812256,-0.05602190691973696,0.04727482795715332,-0.07208865880966187,-0.020864097885747057,0.0576932430267334,0.0066872239112854,-0.03607475060965548,0.045843929052352905,-0.0033969879150390625,-0.042001791782636744,0.041337013244628906,-0.02454197406768799,-0.04755894888188372,0.022587984800338745,-0.05932736396789551,-0.02749158862974177,0.03305104374885559,0.01584690809249878,-0.03941644776608477,0.0219251811504364,0.003539741039276123,-0.038799692429561716,0.019017934799194336,-0.01712590456008911,-0.03877534020688067,-0.0008869469165802002,-0.040814220905303955,-0.03634246487166415,0.009655892848968506,0.016962707042694092,-0.04554956082250605,0.002547532320022583,0.006309449672698975,-0.04745874974872599,-0.0026591122150421143,-0.013035416603088379,-0.048591044284362894,0.05397908057947992,0.031834176049267686,0.015285207693525937,0.0,0.04431838982920994,0.0455728487611048,0.050459685087693405,0.049970701719834594,0.053462176683018635,0.06277252404756394,1
0.031600356101989746,-0.0012804865837097168,-0.010854317359585863,0.058369070291519165,6.4849853515625e-05,-0.02175779502834807,0.0732221007347107,0.011056005954742432,-0.03295771453525553,0.06842443346977234,0.021342992782592773,-0.04319479737426768,0.06969225406646729,-0.07341235876083374,-0.01604146186258326,0.08062997460365295,-0.00973445177078247,-0.033280879743356806,0.07063129544258118,-0.010304093360900879,-0.046148933954496485,0.064715176820755,-0.027317941188812256,-0.05602190691973696,0.04727482795715332,-0.07208865880966187,-0.020864097885747057,0.0576932430267334,0.0066872239112854,-0.03607475060965548,0.045843929052352905,-0.0033969879150390625,-0.042001791782636744,0.041337013244628906,-0.02454197406768799,-0.04755894888188372,0.022587984800338745,-0.05932736396789551,-0.02749158862974177,0.03305104374885559,0.01584690809249878,-0.03941644776608477,0.0219251811504364,0.003539741039276123,-0.038799692429561716,0.019017934799194336,-0.01712590456008911,-0.03877534020688067,-0.0008869469165802002,-0.040814220905303955,-0.03634246487166415,0.009655892848968506,0.016962707042694092,-0.04554956082250605,0.002547532320022583,0.006309449672698975,-0.04745874974872599,-0.0026591122150421143,-0.013035416603088379,-0.048591044284362894,0.05397908057947992,0.031834176049267686,0.015285207693525937,0.0,0.04431838982920994,0.0455728487611048,0.050459685087693405,0.049970701719834594,0.053462176683018635,0.06277252404756394,1
0.031600356101989746,-0.0012804865837097168,-0.010854317359585863,0.058369070291519165,6.4849853515625e-05,-0.02175779502834807,0.0732221007347107,0.011056005954742432,-0.03295771453525553,0.06842443346977234,0.021342992782592773,-0.04319479737426768,0.06969225406646729,-0.07341235876083374,-0.01604146186258326,0.08062997460365295,-0.00973445177078247,-0.033280879743356806,0.07063129544258118,-0.010304093360900879,-0.046148933954496485,0.064715176820755,-0.027317941188812256,-0.05602190691973696,0.04727482795715332,-0.07208865880966187,-0.020864097885747057,0.0576932430267334,0.0066872239112854,-0.03607475060965548,0.045843929052352905,-0.0033969879150390625,-0.042001791782636744,0.041337013244628906,-0.02454197406768799,-0.04755894888188372,0.022587984800338745,-0.05932736396789551,-0.02749158862974177,0.03305104374885559,0.01584690809249878,-0.03941644776608477,0.0219251811504364,0.003539741039276123,-0.038799692429561716,0.019017934799194336,-0.01712590456008911,-0.03877534020688067,-0.0008869469165802002,-0.040814220905303955,-0.03634246487166415,0.009655892848968506,0.016962707042694092,-0.04554956082250605,0.002547532320022583,0.006309449672698975,-0.04745874974872599,-0.0026591122150421143,-0.013035416603088379,-0.048591044284362894,0.05397908057947992,0.031834176049267686,0.015285207693525937,0.0,0.04431838982920994,0.0455728487611048,0.050459685087693405,0.049970701719834594,0.053462176683018635,0.06277252404756394,1
0.031600356101989746,-0.0012804865837097168,-0.010854317359585863,0.058369070291519165,6.4849853515625e-05,-0.02175779502834807,0.0732221007347107,0.011056005954742432,-0.03295771453525553,0.06842443346977234,0.021342992782592773,-0.04319479737426768,0.06969225406646729,-0.07341235876083374,-0.01604146186258326,0.08062997460365295,-0.00973445177078247,-0.033280879743356806,0.07063129544258118,-0.010304093360900879,-0.046148933954496485,0.064715176820755,-0.027317941188812256,-0.05602190691973696,0.04727482795715332,-0.07208865880966187,-0.020864097885747057,0.0576932430267334,0.0066872239112854,-0.03607475060965548,0.045843929052352905,-0.0033969879150390625,-0.042001791782636744,0.041337013244628906,-0.02454197406768799,-0.04755894888188372,0.022587984800338745,-0.05932736396789551,-0.02749158862974177,0.03305104374885559,0.01584690809249878,-0.03941644776608477,0.0219251811504364,0.003539741039276123,-0.038799692429561716,0.019017934799194336,-0.01712590456008911,-0.03877534020688067,-0.0008869469165802002,-0.040814220905303955,-0.03634246487166415,0.009655892848968506,0.016962707042694092,-0.04554956082250605,0.002547532320022583,0.006309449672698975,-0.04745874974872599,-0.0026591122150421143,-0.013035416603088379,-0.048591044284362894,0.05397908057947992,0.031834176049267686,0.015285207693525937,0.0,0.04431838982920994,0.0455728487611048,0.050459685087693405,0.049970701719834594,0.053462176683018635,0.06277252404756394,1
0.031600356101989746,-0.0012804865837097168,-0.010854317359585863,0.058369070291519165,6.4849853515625e-05,-0.02175779502834807,0.0732221007347107,0.011056005954742432,-0.03295771453525553,0.06842443346977234,0.021342992782592773,-0.04319479737426768,0.06969225406646729,-0.07341235876083374,-0.01604146186258326,0.08062997460365295,-0.00973445177078247,-0.033280879743356806,0.07063129544258118,-0.010304093360900879,-0.046148933954496485,0.064715176820755,-0.027317941188812256,-0.05602190691973696,0.04727482795715332,-0.07208865880966187,-0.020864097885747057,0.0576932430267334,0.0066872239112854,-0.03607475060965548,0.045843929052352905,-0.0033969879150390625,-0.042001791782636744,0.041337013244628906,-0.02454197406768799,-0.04755894888188372,0.022587984800338745,-0.05932736396789551,-0.02749158862974177,0.03305104374885559,0.01584690809249878,-0.03941644776608477,0.0219251811504364,0.003539741039276123,-0.038799692429561716,0.019017934799194336,-0.01712590456008911,-0.03877534020688067,-0.0008869469165802002,-0.040814220905303955,-0.03634246487166415,0.009655892848968506,0.016962707042694092,-0.04554956082250605,0.002547532320022583,0.006309449672698975,-0.04745874974872599,-0.0026591122150421143,-0.013035416603088379,-0.048591044284362894,0.05397908057947992,0.031834176049267686,0.015285207693525937,0.0,0.04431838982920994,0.0455728487611048,0.050459685087693405,0.049970701719834594,0.053462176683018635,0.06277252404756394,1
0.031600356101989746,-0.0012804865837097168,-0.010854317359585863,0.058369070291519165,6.4849853515625e-05,-0.02175779502834807,0.0732221007347107,0.011056005954742432,-0.03295771453525553,0.06842443346977234,0.021342992782592773,-0.04319479737426768,0.06969225406646729,-0.07341235876083374,-0.01604146186258326,0.08062997460365295,-0.00973445177078247,-0.033280879743356806,0.07063129544258118,-0.010304093360900879,-0.046148933954496485,0.064715176820755,-0.027317941188812256,-0.05602190691973696,0.04727482795715332,-0.07208865880966187,-0.020864097885747057,0.0576932430267334,0.0066872239112854,-0.03607475060965548,0.045843929052352905,-0.0033969879150390625,-0.042001791782636744,0.041337013244628906,-0.02454197406768799,-0.04755894888188372,0.022587984800338745,-0.05932736396789551,-0.02749158862974177,0.03305104374885559,0.01584690809249878,-0.03941644776608477,0.0219251811504364,0.003539741039276123,-0.038799692429561716,0.019017934799194336,-0.01712590456008911,-0.03877534020688067,-0.0008869469165802002,-0.040814220905303955,-0.03634246487166415,0.009655892848968506,0.016962707042694092,-0.04554956082250605,0.002547532320022583,0.006309449672698975,-0.04745874974872599,-0.0026591122150421143,-0.013035416603088379,-0.048591044284362894,0.05397908057947992,0.031834176049267686,0.015285207693525937,0.0,0.04431838982920994,0.0455728487611048,0.050459685087693405,0.049970701719834594,0.053462176683018635,0.06277252404756394,1
0.031600356101989746,-0.0012804865837097168,-0.010854317359585863,0.058369070291519165,6.4849853515625e-05,-0.02175779502834807,0.0732221007347107,0.011056005954742432,-0.03295771453525553,0.06842443346977234,0.021342992782592773,-0.04319479737426768,0.06969225406646729,-0.07341235876083374,-0.01604146186258326,0.08062997460365295,-0.00973445177078247,-0.033280879743356806,0.07063129544258118,-0.010304093360900879,-0.046148933954496485,0.064715176820755,-0.027317941188812256,-0.05602190691973696,0.04727482795715332,-0.07208865880966187,-0.020864097885747057,0.0576932430267334,0.0066872239112854,-0.03607475060965548,0.045843929052352905,-0.0033969879150390625,-0.042001791782636744,0.041337013244628906,-0.02454197406768799,-0.04755894888188372,0.022587984800338745,-0.05932736396789551,-0.02749158862974177,0.03305104374885559,0.01584690809249878,-0.03941644776608477,0.0219251811504364,0.003539741039276123,-0.038799692429561716,0.019017934799194336,-0.01712590456008911,-0.03877534020688067,-0.0008869469165802002,-0.040814220905303955,-0.03634246487166415,0.009655892848968506,0.016962707042694092,-0.04554956082250605,0.002547532320022583,0.006309449672698975,-0.04745874974872599,-0.0026591122150421143,-0.013035416603088379,-0.048591044284362894,0.05397908057947992,0.031834176049267686,0.015285207693525937,0.0,0.04431838982920994,0.0455728487611048,0.050459685087693405,0.049970701719834594,0.053462176683018635,0.06277252404756394,1
0.031600356101989746,-0.0012804865837097168,-0.010854317359585863,0.058369070291519165,6.4849853515625e-05,-0.02175779502834807,0.0732221007347107,0.011056005954742432,-0.03295771453525553,0.06842443346977234,0.021342992782592773,-0.04319479737426768,0.06969225406646729,-0.07341235876083374,-0.01604146186258326,0.08062997460365295,-0.00973445177078247,-0.033280879743356806,0.07063129544258118,-0.010304093360900879,-0.046148933954496485,0.064715176820755,-0.027317941188812256,-0.05602190691973696,0.04727482795715332,-0.07208865880966187,-0.020864097885747057,0.0576932430267334,0.0066872239112854,-0.03607475060965548,0.045843929052352905,-0.0033969879150390625,-0.042001791782636744,0.041337013244628906,-0.02454197406768799,-0.04755894888188372,0.022587984800338745,-0.05932736396789551,-0.02749158862974177,0.03305104374885559,0.01584690809249878,-0.03941644776608477,0.0219251811504364,0.003539741039276123,-0.038799692429561716,0.019017934799194336,-0.01712590456008911,-0.03877534020688067,-0.0008869469165802002,-0.040814220905303955,-0.03634246487166415,0.009655892848968506,0.016962707042694092,-0.04554956082250605,0.002547532320022583,0.006309449672698975,-0.04745874974872599,-0.0026591122150421143,-0.013035416603088379,-0.048591044284362894,0.05397908057947992,0.031834176049267686,0.015285207693525937,0.0,0.04431838982920994,0.0455728487611048,0.050459685087693405,0.049970701719834594,0.053462176683018635,0.06277252404756394,1
0.031600356101989746,-0.0012804865837097168,-0.010854317359585863,0.058369070291519165,6.4849853515625e-05,-0.02175779502834807,0.0732221007347107,0.011056005954742432,-0.03295771453525553,0.06842443346977234,0.021342992782592773,-0.04319479737426768,0.06969225406646729,-0.07341235876083374,-0.01604146186258326,0.08062997460365295,-0.00973445177078247,-0.033280879743356806,0.07063129544258118,-0.010304093360900879,-0.046148933954496485,0.064715176820755,-0.027317941188812256,-0.05602190691973696,0.04727482795715332,-0.07208865880966187,-0.020864097885747057,0.0576932430267334,0.0066872239112854,-0.03607475060965548,0.045843929052352905,-0.0033969879150390625,-0.042001791782636744,0.041337013244628906,-0.02454197406768799,-0.04755894888188372,0.022587984800338745,-0.05932736396789551,-0.02749158862974177,0.03305104374885559,0.01584690809249878,-0.03941644776608477,0.0219251811504364,0.003539741039276123,-0.038799692429561716,0.019017934799194336,-0.01712590456008911,-0.03877534020688067,-0.0008869469165802002,-0.040814220905303955,-0.03634246487166415,0.009655892848968506,0.016962707042694092,-0.04554956082250605,0.002547532320022583,0.006309449672698975,-0.04745874974872599,-0.0026591122150421143,-0.013035416603088379,-0.048591044284362894,0.05397908057947992,0.031834176049267686,0.015285207693525937,0.0,0.04431838982920994,0.0455728487611048,0.050459685087693405,0.049970701719834594,0.053462176683018635,0.06277252404756394,1
0.031600356101989746,-0.0012804865837097168,-0.010854317359585863,0.058369070291519165,6.4849853515625e-05,-0.02175779502834807,0.0732221007347107,0.011056005954742432,-0.03295771453525553,0.06842443346977234,0.021342992782592773,-0.04319479737426768,0.06969225406646729,-0.07341235876083374,-0.01604146186258326,0.08062997460365295,-0.00973445177078247,-0.033280879743356806,0.07063129544258118,-0.010304093360900879,-0.046148933954496485,0.064715176820755,-0.027317941188812256,-0.05602190691973696,0.04727482795715332,-0.07208865880966187,-0.020864097885747057,0.0576932430267334,0.0066872239112854,-0.03607475060965548,0.045843929052352905,-0.0033969879150390625,-0.042001791782636744,0.041337013244628906,-0.02454197406768799,-0.04755894888188372,0.022587984800338745,-0.05932736396789551,-0.02749158862974177,0.03305104374885559,0.01584690809249878,-0.03941644776608477,0.0219251811504364,0.003539741039276123,-0.038799692429561716,0.019017934799194336,-0.01712590456008911,-0.03877534020688067,-0.0008869469165802002,-0.040814220905303955,-0.03634246487166415,0.009655892848968506,0.016962707042694092,-0.04554956082250605,0.002547532320022583,0.006309449672698975,-0.04745874974872599,-0.0026591122150421143,-0.013035416603088379,-0.048591044284362894,0.05397908057947992,0.031834176049267686,0.015285207693525937,0.0,0.04431838982920994,0.0455728487611048,0.050459685087693405,0.049970701719834594,0.053462176683018635,0.06277252404756394,1
0.031600356101989746,-0.0012804865837097168,-0.010854317359585863,0.058369070291519165,6.4849853515625e-05,-0.02175779502834807,0.0732221007347107,0.011056005954742432,-0.03295771453525553,0.06842443346977234,0.021342992782592773,-0.04319479737426768,0.06969225406646729,-0.07341235876083374,-0.01604146186258326,0.08062997460365295,-0.00973445177078247,-0.033280879743356806,0.07063129544258118,-0.010304093360900879,-0.046148933954496485,0.064715176820755,-0.027317941188812256,-0.05602190691973696,0.04727482795715332,-0.07208865880966187,-0.020864097885747057,0.0576932430267334,0.0066872239112854,-0.03607475060965548,0.045843929052352905,-0.0033969879150390625,-0.042001791782636744,0.041337013244628906,-0.02454197406768799,-0.04755894888188372,0.022587984800338745,-0.05932736396789551,-0.02749158862974177,0.03305104374885559,0.01584690809249878,-0.03941644776608477,0.0219251811504364,0.003539741039276123,-0.038799692429561716,0.019017934799194336,-0.01712590456008911,-0.03877534020688067,-0.0008869469165802002,-0.040814220905303955,-0.03634246487166415,0.009655892848968506,0.016962707042694092,-0.04554956082250605,0.002547532320022583,0.006309449672698975,-0.04745874974872599,-0.0026591122150421143,-0.013035416603088379,-0.048591044284362894,0.05397908057947992,0.031834176049267686,0.015285207693525937,0.0,0.04431838982920994,0.0455728487611048,0.050459685087693405,0.049970701719834594,0.053462176683018635,0.06277252404756394,1
0.031600356101989746,-0.0012804865837097168,-0.010854317359585863,0.058369070291519165,6.4849853515625e-05,-0.02175779502834807,0.0732221007347107,0.011056005954742432,-0.03295771453525553,0.06842443346977234,0.021342992782592773,-0.04319479737426768,0.06969225406646729,-0.07341235876083374,-0.01604146186258326,0.08062997460365295,-0.00973445177078247,-0.033280879743356806,0.07063129544258118,-0.010304093360900879,-0.046148933954496485,0.064715176820755,-0.027317941188812256,-0.05602190691973696,0.04727482795715332,-0.07208865880966187,-0.020864097885747057,0.0576932430267334,0.0066872239112854,-0.03607475060965548,0.045843929052352905,-0.0033969879150390625,-0.042001791782636744,0.041337013244628906,-0.02454197406768799,-0.04755894888188372,0.022587984800338745,-0.05932736396789551,-0.02749158862974177,0.03305104374885559,0.01584690809249878,-0.03941644776608477,0.0219251811504364,0.003539741039276123,-0.038799692429561716,0.019017934799194336,-0.01712590456008911,-0.03877534020688067,-0.0008869469165802002,-0.040814220905303955,-0.03634246487166415,0.009655892848968506,0.016962707042694092,-0.04554956082250605,0.002547532320022583,0.006309449672698975,-0.04745874974872599,-0.0026591122150421143,-0.013035416603088379,-0.048591044284362894,0.05397908057947992,0.031834176049267686,0.015285207693525937,0.0,0.04431838982920994,0.0455728487611048,0.050459685087693405,0.049970701719834594,0.053462176683018635,0.06277252404756394,1
0.031600356101989746,-0.0012804865837097168,-0.010854317359585863,0.058369070291519165,6.4849853515625e-05,-0.02175779502834807,0.0732221007347107,0.011056005954742432,-0.03295771453525553,0.06842443346977234,0.021342992782592773,-0.04319479737426768,0.06969225406646729,-0.07341235876083374,-0.01604146186258326,0.08062997460365295,-0.00973445177078247,-0.033280879743356806,0.07063129544258118,-0.010304093360900879,-0.046148933954496485,0.064715176820755,-0.027317941188812256,-0.05602190691973696,0.04727482795715332,-0.07208865880966187,-0.020864097885747057,0.0576932430267334,0.0066872239112854,-0.03607475060965548,0.045843929052352905,-0.0033969879150390625,-0.042001791782636744,0.041337013244628906,-0.02454197406768799,-0.04755894888188372,0.022587984800338745,-0.05932736396789551,-0.02749158862974177,0.03305104374885559,0.01584690809249878,-0.03941644776608477,0.0219251811504364,0.003539741039276123,-0.038799692429561716,0.019017934799194336,-0.01712590456008911,-0.03877534020688067,-0.0008869469165802002,-0.040814220905303955,-0.03634246487166415,0.009655892848968506,0.016962707042694092,-0.04554956082250605,0.002547532320022583,0.006309449672698975,-0.04745874974872599,-0.0026591122150421143,-0.013035416603088379,-0.048591044284362894,0.05397908057947992,0.031834176049267686,0.015285207693525937,0.0,0.04431838982920994,0.0455728487611048,0.050459685087693405,0.049970701719834594,0.053462176683018635,0.06277252404756394,1
0.031600356101989746,-0.0012804865837097168,-0.010854317359585863,0.058369070291519165,6.4849853515625e-05,-0.02175779502834807,0.0732221007347107,0.011056005954742432,-0.03295771453525553,0.06842443346977234,0.021342992782592773,-0.04319479737426768,0.06969225406646729,-0.07341235876083374,-0.01604146186258326,0.08062997460365295,-0.00973445177078247,-0.033280879743356806,0.07063129544258118,-0.010304093360900879,-0.046148933954496485,0.064715176820755,-0.027317941188812256,-0.05602190691973696,0.04727482795715332,-0.07208865880966187,-0.020864097885747057,0.0576932430267334,0.0066872239112854,-0.03607475060965548,0.045843929052352905,-0.0033969879150390625,-0.042001791782636744,0.041337013244628906,-0.02454197406768799,-0.04755894888188372,0.022587984800338745,-0.05932736396789551,-0.02749158862974177,0.03305104374885559,0.01584690809249878,-0.03941644776608477,0.0219251811504364,0.003539741039276123,-0.038799692429561716,0.019017934799194336,-0.01712590456008911,-0.03877534020688067,-0.0008869469165802002,-0.040814220905303955,-0.03634246487166415,0.009655892848968506,0.016962707042694092,-0.04554956082250605,0.002547532320022583,0.006309449672698975,-0.04745874974872599,-0.0026591122150421143,-0.013035416603088379,-0.048591044284362894,0.05397908057947992,0.031834176049267686,0.015285207693525937,0.0,0.04431838982920994,0.0455728487611048,0.050459685087693405,0.049970701719834594,0.053462176683018635,0.06277252404756394,1
0.031600356101989746,-0.0012804865837097168,-0.010854317359585863,0.058369070291519165,6.4849853515625e-05,-0.02175779502834807,0.0732221007347107,0.011056005954742432,-0.03295771453525553,0.06842443346977234,0.021342992782592773,-0.04319479737426768,0.06969225406646729,-0.07341235876083374,-0.01604146186258326,0.08062997460365295,-0.00973445177078247,-0.033280879743356806,0.07063129544258118,-0.010304093360900879,-0.046148933954496485,0.064715176820755,-0.027317941188812256,-0.05602190691973696,0.04727482795715332,-0.07208865880966187,-0.020864097885747057,0.0576932430267334,0.0066872239112854,-0.03607475060965548,0.045843929052352905,-0.0033969879150390625,-0.042001791782636744,0.041337013244628906,-0.02454197406768799,-0.04755894888188372,0.022587984800338745,-0.05932736396789551,-0.02749158862974177,0.03305104374885559,0.01584690809249878,-0.03941644776608477,0.0219251811504364,0.003539741039276123,-0.038799692429561716,0.019017934799194336,-0.01712590456008911,-0.03877534020688067,-0.0008869469165802002,-0.040814220905303955,-0.03634246487166415,0.009655892848968506,0.016962707042694092,-0.04554956082250605,0.002547532320022583,0.006309449672698975,-0.04745874974872599,-0.0026591122150421143,-0.013035416603088379,-0.048591044284362894,0.05397908057947992,0.031834176049267686,0.015285207693525937,0.0,0.04431838982920994,0.0455728487611048,0.050459685087693405,0.049970701719834594,0.053462176683018635,0.06277252404756394,1
0.031600356101989746,-0.0012804865837097168,-0.010854317359585863,0.058369070291519165,6.4849853515625e-05,-0.02175779502834807,0.0732221007347107,0.011056005954742432,-0.03295771453525553,0.06842443346977234,0.021342992782592773,-0.04319479737426768,0.06969225406646729,-0.07341235876083374,-0.01604146186258326,0.08062997460365295,-0.00973445177078247,-0.033280879743356806,0.07063129544258118,-0.010304093360900879,-0.046148933954496485,0.064715176820755,-0.027317941188812256,-0.05602190691973696,0.04727482795715332,-0.07208865880966187,-0.020864097885747057,0.0576932430267334,0.0066872239112854,-0.03607475060965548,0.045843929052352905,-0.0033969879150390625,-0.042001791782636744,0.041337013244628906,-0.02454197406768799,-0.04755894888188372,0.022587984800338745,-0.05932736396789551,-0.02749158862974177,0.03305104374885559,0.01584690809249878,-0.03941644776608477,0.0219251811504364,0.003539741039276123,-0.038799692429561716,0.019017934799194336,-0.01712590456008911,-0.03877534020688067,-0.0008869469165802002,-0.040814220905303955,-0.03634246487166415,0.009655892848968506,0.016962707042694092,-0.04554956082250605,0.002547532320022583,0.006309449672698975,-0.04745874974872599,-0.0026591122150421143,-0.013035416603088379,-0.048591044284362894,0.05397908057947992,0.031834176049267686,0.015285207693525937,0.0,0.04431838982920994,0.0455728487611048,0.050459685087693405,0.049970701719834594,0.053462176683018635,0.06277252404756394,1
0.031600356101989746,-0.0012804865837097168,-0.010854317359585863,0.058369070291519165,6.4849853515625e-05,-0.02175779502834807,0.0732221007347107,0.011056005954742432,-0.03295771453525553,0.06842443346977234,0.021342992782592773,-0.04319479737426768,0.06969225406646729,-0.07341235876083374,-0.01604146186258326,0.08062997460365295,-0.00973445177078247,-0.033280879743356806,0.07063129544258118,-0.010304093360900879,-0.046148933954496485,0.064715176820755,-0.027317941188812256,-0.05602190691973696,0.04727482795715332,-0.07208865880966187,-0.020864097885747057,0.0576932430267334,0.0066872239112854,-0.03607475060965548,0.045843929052352905,-0.0033969879150390625,-0.042001791782636744,0.041337013244628906,-0.02454197406768799,-0.04755894888188372,0.022587984800338745,-0.05932736396789551,-0.02749158862974177,0.03305104374885559,0.01584690809249878,-0.03941644776608477,0.0219251811504364,0.003539741039276123,-0.038799692429561716,0.019017934799194336,-0.01712590456008911,-0.03877534020688067,-0.0008869469165802002,-0.040814220905303955,-0.03634246487166415,0.009655892848968506,0.016962707042694092,-0.04554956082250605,0.002547532320022583,0.006309449672698975,-0.04745874974872599,-0.0026591122150421143,-0.013035416603088379,-0.048591044284362894,0.05397908057947992,0.031834176049267686,0.015285207693525937,0.0,0.04431838982920994,0.0455728487611048,0.050459685087693405,0.049970701719834594,0.053462176683018635,0.06277252404756394,1
0.031600356101989746,-0.0012804865837097168,-0.010854317359585863,0.058369070291519165,6.4849853515625e-05,-0.02175779502834807,0.0732221007347107,0.011056005954742432,-0.03295771453525553,0.06842443346977234,0.021342992782592773,-0.04319479737426768,0.06969225406646729,-0.07341235876083374,-0.01604146186258326,0.08062997460365295,-0.00973445177078247,-0.033280879743356806,0.07063129544258118,-0.010304093360900879,-0.046148933954496485,0.064715176820755,-0.027317941188812256,-0.05602190691973696,0.04727482795715332,-0.07208865880966187,-0.020864097885747057,0.0576932430267334,0.0066872239112854,-0.03607475060965548,0.045843929052352905,-0.0033969879150390625,-0.042001791782636744,0.041337013244628906,-0.02454197406768799,-0.04755894888188372,0.022587984800338745,-0.05932736396789551,-0.02749158862974177,0.03305104374885559,0.01584690809249878,-0.03941644776608477,0.0219251811504364,0.003539741039276123,-0.038799692429561716,0.019017934799194336,-0.01712590456008911,-0.03877534020688067,-0.0008869469165802002,-0.040814220905303955,-0.03634246487166415,0.009655892848968506,0.016962707042694092,-0.04554956082250605,0.002547532320022583,0.006309449672698975,-0.04745874974872599,-0.0026591122150421143,-0.013035416603088379,-0.048591044284362894,0.05397908057947992,0.031834176049267686,0.015285207693525937,0.0,0.04431838982920994,0.0455728487611048,0.050459685087693405,0.049970701719834594,0.053462176683018635,0.06277252404756394,1
0.031600356101989746,-0.0012804865837097168,-0.010854317359585863,0.058369070291519165,6.4849853515625e-05,-0.02175779502834807,0.0732221007347107,0.011056005954742432,-0.03295771453525553,0.06842443346977234,0.021342992782592773,-0.04319479737426768,0.06969225406646729,-0.07341235876083374,-0.01604146186258326,0.08062997460365295,-0.00973445177078247,-0.033280879743356806,0.07063129544258118,-0.010304093360900879,-0.046148933954496485,0.064715176820755,-0.027317941188812256,-0.05602190691973696,0.04727482795715332,-0.07208865880966187,-0.020864097885747057,0.0576932430267334,0.0066872239112854,-0.03607475060965548,0.045843929052352905,-0.0033969879150390625,-0.042001791782636744,0.041337013244628906,-0.02454197406768799,-0.04755894888188372,0.022587984800338745,-0.05932736396789551,-0.02749158862974177,0.03305104374885559,0.01584690809249878,-0.03941644776608477,0.0219251811504364,0.003539741039276123,-0.038799692429561716,0.019017934799194336,-0.01712590456008911,-0.03877534020688067,-0.0008869469165802002,-0.040814220905303955,-0.03634246487166415,0.009655892848968506,0.016962707042694092,-0.04554956082250605,0.002547532320022583,0.006309449672698975,-0.04745874974872599,-0.0026591122150421143,-0.013035416603088379,-0.048591044284362894,0.05397908057947992,0.031834176049267686,0.015285207693525937,0.0,0.04431838982920994,0.0455728487611048,0.050459685087693405,0.049970701719834594,0.053462176683018635,0.06277252404756394,1
0.031600356101989746,-0.0012804865837097168,-0.010854317359585863,0.058369070291519165,6.4849853515625e-05,-0.02175779502834807,0.0732221007347107,0.011056005954742432,-0.03295771453525553,0.06842443346977234,0.021342992782592773,-0.04319479737426768,0.06969225406646729,-0.07341235876083374,-0.01604146186258326,0.08062997460365295,-0.00973445177078247,-0.033280879743356806,0.07063129544258118,-0.010304093360900879,-0.046148933954496485,0.064715176820755,-0.027317941188812256,-0.05602190691973696,0.04727482795715332,-0.07208865880966187,-0.020864097885747057,0.0576932430267334,0.0066872239112854,-0.03607475060965548,0.045843929052352905,-0.0033969879150390625,-0.042001791782636744,0.041337013244628906,-0.02454197406768799,-0.04755894888188372,0.022587984800338745,-0.05932736396789551,-0.02749158862974177,0.03305104374885559,0.01584690809249878,-0.03941644776608477,0.0219251811504364,0.003539741039276123,-0.038799692429561716,0.019017934799194336,-0.01712590456008911,-0.03877534020688067,-0.0008869469165802002,-0.040814220905303955,-0.03634246487166415,0.009655892848968506,0.016962707042694092,-0.04554956082250605,0.002547532320022583,0.006309449672698975,-0.04745874974872599,-0.0026591122150421143,-0.013035416603088379,-0.048591044284362894,0.05397908057947992,0.031834176049267686,0.015285207693525937,0.0,0.04431838982920994,0.0455728487611048,0.050459685087693405,0.049970701719834594,0.053462176683018635,0.06277252404756394,1
0.031600356101989746,-0.0012804865837097168,-0.010854317359585863,0.058369070291519165,6.4849853515625e-05,-0.02175779502834807,0.0732221007347107,0.011056005954742432,-0.03295771453525553,0.06842443346977234,0.021342992782592773,-0.04319479737426768,0.06969225406646729,-0.07341235876083374,-0.01604146186258326,0.08062997460365295,-0.00973445177078247,-0.033280879743356806,0.07063129544258118,-0.010304093360900879,-0.046148933954496485,0.064715176820755,-0.027317941188812256,-0.05602190691973696,0.04727482795715332,-0.07208865880966187,-0.020864097885747057,0.0576932430267334,0.0066872239112854,-0.03607475060965548,0.045843929052352905,-0.0033969879150390625,-0.042001791782636744,0.041337013244628906,-0.02454197406768799,-0.04755894888188372,0.022587984800338745,-0.05932736396789551,-0.02749158862974177,0.03305104374885559,0.01584690809249878,-0.03941644776608477,0.0219251811504364,0.003539741039276123,-0.038799692429561716,0.019017934799194336,-0.01712590456008911,-0.03877534020688067,-0.0008869469165802002,-0.040814220905303955,-0.03634246487166415,0.009655892848968506,0.016962707042694092,-0.04554956082250605,0.002547532320022583,0.006309449672698975,-0.04745874974872599,-0.0026591122150421143,-0.013035416603088379,-0.048591044284362894,0.05397908057947992,0.031834176049267686,0.015285207693525937,0.0,0.04431838982920994,0.0455728487611048,0.050459685087693405,0.049970701719834594,0.053462176683018635,0.06277252404756394,1
0.031600356101989746,-0.0012804865837097168,-0.010854317359585863,0.058369070291519165,6.4849853515625e-05,-0.02175779502834807,0.0732221007347107,0.011056005954742432,-0.03295771453525553,0.06842443346977234,0.021342992782592773,-0.04319479737426768,0.06969225406646729,-0.07341235876083374,-0.01604146186258326,0.08062997460365295,-0.00973445177078247,-0.033280879743356806,0.07063129544258118,-0.010304093360900879,-0.046148933954496485,0.064715176820755,-0.027317941188812256,-0.05602190691973696,0.04727482795715332,-0.07208865880966187,-0.020864097885747057,0.0576932430267334,0.0066872239112854,-0.03607475060965548,0.045843929052352905,-0.0033969879150390625,-0.042001791782636744,0.041337013244628906,-0.02454197406768799,-0.04755894888188372,0.022587984800338745,-0.05932736396789551,-0.02749158862974177,0.03305104374885559,0.01584690809249878,-0.03941644776608477,0.0219251811504364,0.003539741039276123,-0.038799692429561716,0.019017934799194336,-0.01712590456008911,-0.03877534020688067,-0.0008869469165802002,-0.040814220905303955,-0.03634246487166415,0.009655892848968506,0.016962707042694092,-0.04554956082250605,0.002547532320022583,0.006309449672698975,-0.04745874974872599,-0.0026591122150421143,-0.013035416603088379,-0.048591044284362894,0.05397908057947992,0.031834176049267686,0.015285207693525937,0.0,0.04431838982920994,0.0455728487611048,0.050459685087693405,0.049970701719834594,0.053462176683018635,0.06277252404756394,1
0.031600356101989746,-0.0012804865837097168,-0.010854317359585863,0.058369070291519165,6.4849853515625e-05,-0.02175779502834807,0.0732221007347107,0.011056005954742432,-0.03295771453525553,0.06842443346977234,0.021342992782592773,-0.04319479737426768,0.06969225406646729,-0.07341235876083374,-0.01604146186258326,0.08062997460365295,-0.00973445177078247,-0.033280879743356806,0.07063129544258118,-0.010304093360900879,-0.046148933954496485,0.064715176820755,-0.027317941188812256,-0.05602190691973696,0.04727482795715332,-0.07208865880966187,-0.020864097885747057,0.0576932430267334,0.0066872239112854,-0.03607475060965548,0.045843929052352905,-0.0033969879150390625,-0.042001791782636744,0.041337013244628906,-0.02454197406768799,-0.04755894888188372,0.022587984800338745,-0.05932736396789551,-0.02749158862974177,0.03305104374885559,0.01584690809249878,-0.03941644776608477,0.0219251811504364,0.003539741039276123,-0.038799692429561716,0.019017934799194336,-0.01712590456008911,-0.03877534020688067,-0.0008869469165802002,-0.040814220905303955,-0.03634246487166415,0.009655892848968506,0.016962707042694092,-0.04554956082250605,0.002547532320022583,0.006309449672698975,-0.04745874974872599,-0.0026591122150421143,-0.013035416603088379,-0.048591044284362894,0.05397908057947992,0.031834176049267686,0.015285207693525937,0.0,0.04431838982920994,0.0455728487611048,0.050459685087693405,0.049970701719834594,0.053462176683018635,0.06277252404756394,1
0.031600356101989746,-0.0012804865837097168,-0.010854317359585863,0.058369070291519165,6.4849853515625e-05,-0.02175779502834807,0.0732221007347107,0.011056005954742432,-0.03295771453525553,0.06842443346977234,0.021342992782592773,-0.04319479737426768,0.06969225406646729,-0.07341235876083374,-0.01604146186258326,0.08062997460365295,-0.00973445177078247,-0.033280879743356806,0.07063129544258118,-0.010304093360900879,-0.046148933954496485,0.064715176820755,-0.027317941188812256,-0.05602190691973696,0.04727482795715332,-0.07208865880966187,-0.020864097885747057,0.0576932430267334,0.0066872239112854,-0.03607475060965548,0.045843929052352905,-0.0033969879150390625,-0.042001791782636744,0.041337013244628906,-0.02454197406768799,-0.04755894888188372,0.022587984800338745,-0.05932736396789551,-0.02749158862974177,0.03305104374885559,0.01584690809249878,-0.03941644776608477,0.0219251811504364,0.003539741039276123,-0.038799692429561716,0.019017934799194336,-0.01712590456008911,-0.03877534020688067,-0.0008869469165802002,-0.040814220905303955,-0.03634246487166415,0.009655892848968506,0.016962707042694092,-0.04554956082250605,0.002547532320022583,0.006309449672698975,-0.04745874974872599,-0.0026591122150421143,-0.013035416603088379,-0.048591044284362894,0.05397908057947992,0.031834176049267686,0.015285207693525937,0.0,0.04431838982920994,0.0455728487611048,0.050459685087693405,0.049970701719834594,0.053462176683018635,0.06277252404756394,1
0.031600356101989746,-0.0012804865837097168,-0.010854317359585863,0.058369070291519165,6.4849853515625e-05,-0.02175779502834807,0.0732221007347107,0.011056005954742432,-0.03295771453525553,0.06842443346977234,0.021342992782592773,-0.04319479737426768,0.06969225406646729,-0.07341235876083374,-0.01604146186258326,0.08062997460365295,-0.00973445177078247,-0.033280879743356806,0.07063129544258118,-0.010304093360900879,-0.046148933954496485,0.064715176820755,-0.027317941188812256,-0.05602190691973696,0.04727482795715332,-0.07208865880966187,-0.020864097885747057,0.0576932430267334,0.0066872239112854,-0.03607475060965548,0.045843929052352905,-0.0033969879150390625,-0.042001791782636744,0.041337013244628906,-0.02454197406768799,-0.04755894888188372,0.022587984800338745,-0.05932736396789551,-0.02749158862974177,0.03305104374885559,0.01584690809249878,-0.03941644776608477,0.0219251811504364,0.003539741039276123,-0.038799692429561716,0.019017934799194336,-0.01712590456008911,-0.03877534020688067,-0.0008869469165802002,-0.040814220905303955,-0.03634246487166415,0.009655892848968506,0.016962707042694092,-0.04554956082250605,0.002547532320022583,0.006309449672698975,-0.04745874974872599,-0.0026591122150421143,-0.013035416603088379,-0.048591044284362894,0.05397908057947992,0.031834176049267686,0.015285207693525937,0.0,0.04431838982920994,0.0455728487611048,0.050459685087693405,0.049970701719834594,0.053462176683018635,0.06277252404756394,1
0.031600356101989746,-0.0012804865837097168,-0.010854317359585863,0.058369070291519165,6.4849853515625e-05,-0.02175779502834807,0.0732221007347107,0.011056005954742432,-0.03295771453525553,0.06842443346977234,0.021342992782592773,-0.04319479737426768,0.06969225406646729,-0.07341235876083374,-0.01604146186258326,0.08062997460365295,-0.00973445177078247,-0.033280879743356806,0.07063129544258118,-0.010304093360900879,-0.046148933954496485,0.064715176820755,-0.027317941188812256,-0.05602190691973696,0.04727482795715332,-0.07208865880966187,-0.020864097885747057,0.0576932430267334,0.0066872239112854,-0.03607475060965548,0.045843929052352905,-0.0033969879150390625,-0.042001791782636744,0.041337013244628906,-0.02454197406768799,-0.04755894888188372,0.022587984800338745,-0.05932736396789551,-0.02749158862974177,0.03305104374885559,0.01584690809249878,-0.03941644776608477,0.0219251811504364,0.003539741039276123,-0.038799692429561716,0.019017934799194336,-0.01712590456008911,-0.03877534020688067,-0.0008869469165802002,-0.040814220905303955,-0.03634246487166415,0.009655892848968506,0.016962707042694092,-0.04554956082250605,0.002547532320022583,0.006309449672698975,-0.04745874974872599,-0.0026591122150421143,-0.013035416603088379,-0.048591044284362894,0.05397908057947992,0.031834176049267686,0.015285207693525937,0.0,0.04431838982920994,0.0455728487611048,0.050459685087693405,0.049970701719834594,0.053462176683018635,0.06277252404756394,1
0.031600356101989746,-0.0012804865837097168,-0.010854317359585863,0.058369070291519165,6.4849853515625e-05,-0.02175779502834807,0.0732221007347107,0.011056005954742432,-0.03295771453525553,0.06842443346977234,0.021342992782592773,-0.04319479737426768,0.06969225406646729,-0.07341235876083374,-0.01604146186258326,0.08062997460365295,-0.00973445177078247,-0.033280879743356806,0.07063129544258118,-0.010304093360900879,-0.046148933954496485,0.064715176820755,-0.027317941188812256,-0.05602190691973696,0.04727482795715332,-0.07208865880966187,-0.020864097885747057,0.0576932430267334,0.0066872239112854,-0.03607475060965548,0.045843929052352905,-0.0033969879150390625,-0.042001791782636744,0.041337013244628906,-0.02454197406768799,-0.04755894888188372,0.022587984800338745,-0.05932736396789551,-0.02749158862974177,0.03305104374885559,0.01584690809249878,-0.03941644776608477,0.0219251811504364,0.003539741039276123,-0.038799692429561716,0.019017934799194336,-0.01712590456008911,-0.03877534020688067,-0.0008869469165802002,-0.040814220905303955,-0.03634246487166415,0.009655892848968506,0.016962707042694092,-0.04554956082250605,0.002547532320022583,0.006309449672698975,-0.04745874974872599,-0.0026591122150421143,-0.013035416603088379,-0.048591044284362894,0.05397908057947992,0.031834176049267686,0.015285207693525937,0.0,0.04431838982920994,0.0455728487611048,0.050459685087693405,0.049970701719834594,0.053462176683018635,0.06277252404756394,1
0.031600356101989746,-0.0012804865837097168,-0.010854317359585863,0.058369070291519165,6.4849853515625e-05,-0.02175779502834807,0.0732221007347107,0.011056005954742432,-0.03295771453525553,0.06842443346977234,0.021342992782592773,-0.04319479737426768,0.06969225406646729,-0.07341235876083374,-0.01604146186258326,0.08062997460365295,-0.00973445177078247,-0.033280879743356806,0.07063129544258118,-0.010304093360900879,-0.046148933954496485,0.064715176820755,-0.027317941188812256,-0.05602190691973696,0.04727482795715332,-0.07208865880966187,-0.020864097885747057,0.0576932430267334,0.0066872239112854,-0.03607475060965548,0.045843929052352905,-0.0033969879150390625,-0.042001791782636744,0.041337013244628906,-0.02454197406768799,-0.04755894888188372,0.022587984800338745,-0.05932736396789551,-0.02749158862974177,0.03305104374885559,0.01584690809249878,-0.03941644776608477,0.0219251811504364,0.003539741039276123,-0.038799692429561716,0.019017934799194336,-0.01712590456008911,-0.03877534020688067,-0.0008869469165802002,-0.040814220905303955,-0.03634246487166415,0.009655892848968506,0.016962707042694092,-0.04554956082250605,0.002547532320022583,0.006309449672698975,-0.04745874974872599,-0.0026591122150421143,-0.013035416603088379,-0.048591044284362894,0.05397908057947992,0.031834176049267686,0.015285207693525937,0.0,0.04431838982920994,0.0455728487611048,0.050459685087693405,0.049970701719834594,0.053462176683018635,0.06277252404756394,1
0.031600356101989746,-0.0012804865837097168,-0.010854317359585863,0.058369070291519165,6.4849853515625e-05,-0.02175779502834807,0.0732221007347107,0.011056005954742432,-0.03295771453525553,0.06842443346977234,0.021342992782592773,-0.04319479737426768,0.06969225406646729,-0.07341235876083374,-0.01604146186258326,0.08062997460365295,-0.00973445177078247,-0.033280879743356806,0.07063129544258118,-0.010304093360900879,-0.046148933954496485,0.064715176820755,-0.027317941188812256,-0.05602190691973696,0.04727482795715332,-0.07208865880966187,-0.020864097885747057,0.0576932430267334,0.0066872239112854,-0.03607475060965548,0.045843929052352905,-0.0033969879150390625,-0.042001791782636744,0.041337013244628906,-0.02454197406768799,-0.04755894888188372,0.022587984800338745,-0.05932736396789551,-0.02749158862974177,0.03305104374885559,0.01584690809249878,-0.03941644776608477,0.0219251811504364,0.003539741039276123,-0.038799692429561716,0.019017934799194336,-0.01712590456008911,-0.03877534020688067,-0.0008869469165802002,-0.040814220905303955,-0.03634246487166415,0.009655892848968506,0.016962707042694092,-0.04554956082250605,0.002547532320022583,0.006309449672698975,-0.04745874974872599,-0.0026591122150421143,-0.013035416603088379,-0.048591044284362894,0.05397908057947992,0.031834176049267686,0.015285207693525937,0.0,0.04431838982920994,0.0455728487611048,0.050459685087693405,0.049970701719834594,0.053462176683018635,0.06277252404756394,1
0.031600356101989746,-0.0012804865837097168,-0.010854317359585863,0.058369070291519165,6.4849853515625e-05,-0.02175779502834807,0.0732221007347107,0.011056005954742432,-0.03295771453525553,0.06842443346977234,0.021342992782592773,-0.04319479737426768,0.06969225406646729,-0.07341235876083374,-0.01604146186258326,0.08062997460365295,-0.00973445177078247,-0.033280879743356806,0.07063129544258118,-0.010304093360900879,-0.046148933954496485,0.064715176820755,-0.027317941188812256,-0.05602190691973696,0.04727482795715332,-0.07208865880966187,-0.020864097885747057,0.0576932430267334,0.0066872239112854,-0.03607475060965548,0.045843929052352905,-0.0033969879150390625,-0.042001791782636744,0.041337013244628906,-0.02454197406768799,-0.04755894888188372,0.022587984800338745,-0.05932736396789551,-0.02749158862974177,0.03305104374885559,0.01584690809249878,-0.03941644776608477,0.0219251811504364,0.003539741039276123,-0.038799692429561716,0.019017934799194336,-0.01712590456008911,-0.03877534020688067,-0.0008869469165802002,-0.040814220905303955,-0.03634246487166415,0.009655892848968506,0.016962707042694092,-0.04554956082250605,0.002547532320022583,0.006309449672698975,-0.04745874974872599,-0.0026591122150421143,-0.013035416603088379,-0.048591044284362894,0.05397908057947992,0.031834176049267686,0.015285207693525937,0.0,0.04431838982920994,0.0455728487611048,0.050459685087693405,0.049970701719834594,0.053462176683018635,0.06277252404756394,1
0.031600356101989746,-0.0012804865837097168,-0.010854317359585863,0.058369070291519165,6.4849853515625e-05,-0.02175779502834807,0.0732221007347107,0.011056005954742432,-0.03295771453525553,0.06842443346977234,0.021342992782592773,-0.04319479737426768,0.06969225406646729,-0.07341235876083374,-0.01604146186258326,0.08062997460365295,-0.00973445177078247,-0.033280879743356806,0.07063129544258118,-0.010304093360900879,-0.046148933954496485,0.064715176820755,-0.027317941188812256,-0.05602190691973696,0.04727482795715332,-0.07208865880966187,-0.020864097885747057,0.0576932430267334,0.0066872239112854,-0.03607475060965548,0.045843929052352905,-0.0033969879150390625,-0.042001791782636744,0.041337013244628906,-0.02454197406768799,-0.04755894888188372,0.022587984800338745,-0.05932736396789551,-0.02749158862974177,0.03305104374885559,0.01584690809249878,-0.03941644776608477,0.0219251811504364,0.003539741039276123,-0.038799692429561716,0.019017934799194336,-0.01712590456008911,-0.03877534020688067,-0.0008869469165802002,-0.040814220905303955,-0.03634246487166415,0.009655892848968506,0.016962707042694092,-0.04554956082250605,0.002547532320022583,0.006309449672698975,-0.04745874974872599,-0.0026591122150421143,-0.013035416603088379,-0.048591044284362894,0.05397908057947992,0.031834176049267686,0.015285207693525937,0.0,0.04431838982920994,0.0455728487611048,0.050459685087693405,0.049970701719834594,0.053462176683018635,0.06277252404756394,1
0.031600356101989746,-0.0012804865837097168,-0.010854317359585863,0.058369070291519165,6.4849853515625e-05,-0.02175779502834807,0.0732221007347107,0.011056005954742432,-0.03295771453525553,0.06842443346977234,0.021342992782592773,-0.04319479737426768,0.06969225406646729,-0.07341235876083374,-0.01604146186258326,0.08062997460365295,-0.00973445177078247,-0.033280879743356806,0.07063129544258118,-0.010304093360900879,-0.046148933954496485,0.064715176820755,-0.027317941188812256,-0.05602190691973696,0.04727482795715332,-0.07208865880966187,-0.020864097885747057,0.0576932430267334,0.0066872239112854,-0.03607475060965548,0.045843929052352905,-0.0033969879150390625,-0.042001791782636744,0.041337013244628906,-0.02454197406768799,-0.04755894888188372,0.022587984800338745,-0.05932736396789551,-0.02749158862974177,0.03305104374885559,0.01584690809249878,-0.03941644776608477,0.0219251811504364,0.003539741039276123,-0.038799692429561716,0.019017934799194336,-0.01712590456008911,-0.03877534020688067,-0.0008869469165802002,-0.040814220905303955,-0.03634246487166415,0.009655892848968506,0.016962707042694092,-0.04554956082250605,0.002547532320022583,0.006309449672698975,-0.04745874974872599,-0.0026591122150421143,-0.013035416603088379,-0.048591044284362894,0.05397908057947992,0.031834176049267686,0.015285207693525937,0.0,0.04431838982920994,0.0455728487611048,0.050459685087693405,0.049970701719834594,0.053462176683018635,0.06277252404756394,1
0.031600356101989746,-0.0012804865837097168,-0.010854317359585863,0.058369070291519165,6.4849853515625e-05,-0.02175779502834807,0.0732221007347107,0.011056005954742432,-0.03295771453525553,0.06842443346977234,0.021342992782592773,-0.04319479737426768,0.06969225406646729,-0.07341235876083374,-0.01604146186258326,0.08062997460365295,-0.00973445177078247,-0.033280879743356806,0.07063129544258118,-0.010304093360900879,-0.046148933954496485,0.064715176820755,-0.027317941188812256,-0.05602190691973696,0.04727482795715332,-0.07208865880966187,-0.020864097885747057,0.0576932430267334,0.0066872239112854,-0.03607475060965548,0.045843929052352905,-0.0033969879150390625,-0.042001791782636744,0.041337013244628906,-0.02454197406768799,-0.04755894888188372,0.022587984800338745,-0.05932736396789551,-0.02749158862974177,0.03305104374885559,0.01584690809249878,-0.03941644776608477,0.0219251811504364,0.003539741039276123,-0.038799692429561716,0.019017934799194336,-0.01712590456008911,-0.03877534020688067,-0.0008869469165802002,-0.040814220905303955,-0.03634246487166415,0.009655892848968506,0.016962707042694092,-0.04554956082250605,0.002547532320022583,0.006309449672698975,-0.04745874974872599,-0.0026591122150421143,-0.013035416603088379,-0.048591044284362894,0.05397908057947992,0.031834176049267686,0.015285207693525937,0.0,0.04431838982920994,0.0455728487611048,0.050459685087693405,0.049970701719834594,0.053462176683018635,0.06277252404756394,1
0.031600356101989746,-0.0012804865837097168,-0.010854317359585863,0.058369070291519165,6.4849853515625e-05,-0.02175779502834807,0.0732221007347107,0.011056005954742432,-0.03295771453525553,0.06842443346977234,0.021342992782592773,-0.04319479737426768,0.06969225406646729,-0.07341235876083374,-0.01604146186258326,0.08062997460365295,-0.00973445177078247,-0.033280879743356806,0.07063129544258118,-0.010304093360900879,-0.046148933954496485,0.064715176820755,-0.027317941188812256,-0.05602190691973696,0.04727482795715332,-0.07208865880966187,-0.020864097885747057,0.0576932430267334,0.0066872239112854,-0.03607475060965548,0.045843929052352905,-0.0033969879150390625,-0.042001791782636744,0.041337013244628906,-0.02454197406768799,-0.04755894888188372,0.022587984800338745,-0.05932736396789551,-0.02749158862974177,0.03305104374885559,0.01584690809249878,-0.03941644776608477,0.0219251811504364,0.003539741039276123,-0.038799692429561716,0.019017934799194336,-0.01712590456008911,-0.03877534020688067,-0.0008869469165802002,-0.040814220905303955,-0.03634246487166415,0.009655892848968506,0.016962707042694092,-0.04554956082250605,0.002547532320022583,0.006309449672698975,-0.04745874974872599,-0.0026591122150421143,-0.013035416603088379,-0.048591044284362894,0.05397908057947992,0.031834176049267686,0.015285207693525937,0.0,0.04431838982920994,0.0455728487611048,0.050459685087693405,0.049970701719834594,0.053462176683018635,0.06277252404756394,1
0.031600356101989746,-0.0012804865837097168,-0.010854317359585863,0.058369070291519165,6.4849853515625e-05,-0.02175779502834807,0.0732221007347107,0.011056005954742432,-0.03295771453525553,0.06842443346977234,0.021342992782592773,-0.04319479737426768,0.06969225406646729,-0.07341235876083374,-0.01604146186258326,0.08062997460365295,-0.00973445177078247,-0.033280879743356806,0.07063129544258118,-0.010304093360900879,-0.046148933954496485,0.064715176820755,-0.027317941188812256,-0.05602190691973696,0.04727482795715332,-0.07208865880966187,-0.020864097885747057,0.0576932430267334,0.0066872239112854,-0.03607475060965548,0.045843929052352905,-0.0033969879150390625,-0.042001791782636744,0.041337013244628906,-0.02454197406768799,-0.04755894888188372,0.022587984800338745,-0.05932736396789551,-0.02749158862974177,0.03305104374885559,0.01584690809249878,-0.03941644776608477,0.0219251811504364,0.003539741039276123,-0.038799692429561716,0.019017934799194336,-0.01712590456008911,-0.03877534020688067,-0.0008869469165802002,-0.040814220905303955,-0.03634246487166415,0.009655892848968506,0.016962707042694092,-0.04554956082250605,0.002547532320022583,0.006309449672698975,-0.04745874974872599,-0.0026591122150421143,-0.013035416603088379,-0.048591044284362894,0.05397908057947992,0.031834176049267686,0.015285207693525937,0.0,0.04431838982920994,0.0455728487611048,0.050459685087693405,0.049970701719834594,0.053462176683018635,0.06277252404756394,1
0.031600356101989746,-0.0012804865837097168,-0.010854317359585863,0.058369070291519165,6.4849853515625e-05,-0.02175779502834807,0.0732221007347107,0.011056005954742432,-0.03295771453525553,0.06842443346977234,0.021342992782592773,-0.04319479737426768,0.06969225406646729,-0.07341235876083374,-0.01604146186258326,0.08062997460365295,-0.00973445177078247,-0.033280879743356806,0.07063129544258118,-0.010304093360900879,-0.046148933954496485,0.064715176820755,-0.027317941188812256,-0.05602190691973696,0.04727482795715332,-0.07208865880966187,-0.020864097885747057,0.0576932430267334,0.0066872239112854,-0.03607475060965548,0.045843929052352905,-0.0033969879150390625,-0.042001791782636744,0.041337013244628906,-0.02454197406768799,-0.04755894888188372,0.022587984800338745,-0.05932736396789551,-0.02749158862974177,0.03305104374885559,0.01584690809249878,-0.03941644776608477,0.0219251811504364,0.003539741039276123,-0.038799692429561716,0.019017934799194336,-0.01712590456008911,-0.03877534020688067,-0.0008869469165802002,-0.040814220905303955,-0.03634246487166415,0.009655892848968506,0.016962707042694092,-0.04554956082250605,0.002547532320022583,0.006309449672698975,-0.04745874974872599,-0.0026591122150421143,-0.013035416603088379,-0.048591044284362894,0.05397908057947992,0.031834176049267686,0.015285207693525937,0.0,0.04431838982920994,0.0455728487611048,0.050459685087693405,0.049970701719834594,0.053462176683018635,0.06277252404756394,1
0.031600356101989746,-0.0012804865837097168,-0.010854317359585863,0.058369070291519165,6.4849853515625e-05,-0.02175779502834807,0.0732221007347107,0.011056005954742432,-0.03295771453525553,0.06842443346977234,0.021342992782592773,-0.04319479737426768,0.06969225406646729,-0.07341235876083374,-0.01604146186258326,0.08062997460365295,-0.00973445177078247,-0.033280879743356806,0.07063129544258118,-0.010304093360900879,-0.046148933954496485,0.064715176820755,-0.027317941188812256,-0.05602190691973696,0.04727482795715332,-0.07208865880966187,-0.020864097885747057,0.0576932430267334,0.0066872239112854,-0.03607475060965548,0.045843929052352905,-0.0033969879150390625,-0.042001791782636744,0.041337013244628906,-0.02454197406768799,-0.04755894888188372,0.022587984800338745,-0.05932736396789551,-0.02749158862974177,0.03305104374885559,0.01584690809249878,-0.03941644776608477,0.0219251811504364,0.003539741039276123,-0.038799692429561716,0.019017934799194336,-0.01712590456008911,-0.03877534020688067,-0.0008869469165802002,-0.040814220905303955,-0.03634246487166415,0.009655892848968506,0.016962707042694092,-0.04554956082250605,0.002547532320022583,0.006309449672698975,-0.04745874974872599,-0.0026591122150421143,-0.013035416603088379,-0.048591044284362894,0.05397908057947992,0.031834176049267686,0.015285207693525937,0.0,0.04431838982920994,0.0455728487611048,0.050459685087693405,0.049970701719834594,0.053462176683018635,0.06277252404756394,1
0.031600356101989746,-0.0012804865837097168,-0.010854317359585863,0.058369070291519165,6.4849853515625e-05,-0.02175779502834807,0.0732221007347107,0.011056005954742432,-0.03295771453525553,0.06842443346977234,0.021342992782592773,-0.04319479737426768,0.06969225406646729,-0.07341235876083374,-0.01604146186258326,0.08062997460365295,-0.00973445177078247,-0.033280879743356806,0.07063129544258118,-0.010304093360900879,-0.046148933954496485,0.064715176820755,-0.027317941188812256,-0.05602190691973696,0.04727482795715332,-0.07208865880966187,-0.020864097885747057,0.0576932430267334,0.0066872239112854,-0.03607475060965548,0.045843929052352905,-0.0033969879150390625,-0.042001791782636744,0.041337013244628906,-0.02454197406768799,-0.04755894888188372,0.022587984800338745,-0.05932736396789551,-0.02749158862974177,0.03305104374885559,0.01584690809249878,-0.03941644776608477,0.0219251811504364,0.003539741039276123,-0.038799692429561716,0.019017934799194336,-0.01712590456008911,-0.03877534020688067,-0.0008869469165802002,-0.040814220905303955,-0.03634246487166415,0.009655892848968506,0.016962707042694092,-0.04554956082250605,0.002547532320022583,0.006309449672698975,-0.04745874974872599,-0.0026591122150421143,-0.013035416603088379,-0.048591044284362894,0.05397908057947992,0.031834176049267686,0.015285207693525937,0.0,0.04431838982920994,0.0455728487611048,0.050459685087693405,0.049970701719834594,0.053462176683018635,0.06277252404756394,1
0.031600356101989746,-0.0012804865837097168,-0.010854317359585863,0.058369070291519165,6.4849853515625e-05,-0.02175779502834807,0.0732221007347107,0.011056005954742432,-0.03295771453525553,0.06842443346977234,0.021342992782592773,-0.04319479737426768,0.06969225406646729,-0.07341235876083374,-0.01604146186258326,0.08062997460365295,-0.00973445177078247,-0.033280879743356806,0.07063129544258118,-0.010304093360900879,-0.046148933954496485,0.064715176820755,-0.027317941188812256,-0.05602190691973696,0.04727482795715332,-0.07208865880966187,-0.020864097885747057,0.0576932430267334,0.0066872239112854,-0.03607475060965548,0.045843929052352905,-0.0033969879150390625,-0.042001791782636744,0.041337013244628906,-0.02454197406768799,-0.04755894888188372,0.022587984800338745,-0.05932736396789551,-0.02749158862974177,0.03305104374885559,0.01584690809249878,-0.03941644776608477,0.0219251811504364,0.003539741039276123,-0.038799692429561716,0.019017934799194336,-0.01712590456008911,-0.03877534020688067,-0.0008869469165802002,-0.040814220905303955,-0.03634246487166415,0.009655892848968506,0.016962707042694092,-0.04554956082250605,0.002547532320022583,0.006309449672698975,-0.04745874974872599,-0.0026591122150421143,-0.013035416603088379,-0.048591044284362894,0.05397908057947992,0.031834176049267686,0.015285207693525937,0.0,0.04431838982920994,0.0455728487611048,0.050459685087693405,0.049970701719834594,0.053462176683018635,0.06277252404756394,1
0.031600356101989746,-0.0012804865837097168,-0.010854317359585863,0.058369070291519165,6.4849853515625e-05,-0.02175779502834807,0.0732221007347107,0.011056005954742432,-0.03295771453525553,0.06842443346977234,0.021342992782592773,-0.04319479737426768,0.06969225406646729,-0.07341235876083374,-0.01604146186258326,0.08062997460365295,-0.00973445177078247,-0.033280879743356806,0.07063129544258118,-0.010304093360900879,-0.046148933954496485,0.064715176820755,-0.027317941188812256,-0.05602190691973696,0.04727482795715332,-0.07208865880966187,-0.020864097885747057,0.0576932430267334,0.0066872239112854,-0.03607475060965548,0.045843929052352905,-0.0033969879150390625,-0.042001791782636744,0.041337013244628906,-0.02454197406768799,-0.04755894888188372,0.022587984800338745,-0.05932736396789551,-0.02749158862974177,0.03305104374885559,0.01584690809249878,-0.03941644776608477,0.0219251811504364,0.003539741039276123,-0.038799692429561716,0.019017934799194336,-0.01712590456008911,-0.03877534020688067,-0.0008869469165802002,-0.040814220905303955,-0.03634246487166415,0.009655892848968506,0.016962707042694092,-0.04554956082250605,0.002547532320022583,0.006309449672698975,-0.04745874974872599,-0.0026591122150421143,-0.013035416603088379,-0.048591044284362894,0.05397908057947992,0.031834176049267686,0.015285207693525937,0.0,0.04431838982920994,0.0455728487611048,0.050459685087693405,0.049970701719834594,0.053462176683018635,0.06277252404756394,1
0.031600356101989746,-0.0012804865837097168,-0.010854317359585863,0.058369070291519165,6.4849853515625e-05,-0.02175779502834807,0.0732221007347107,0.011056005954742432,-0.03295771453525553,0.06842443346977234,0.021342992782592773,-0.04319479737426768,0.06969225406646729,-0.07341235876083374,-0.01604146186258326,0.08062997460365295,-0.00973445177078247,-0.033280879743356806,0.07063129544258118,-0.010304093360900879,-0.046148933954496485,0.064715176820755,-0.027317941188812256,-0.05602190691973696,0.04727482795715332,-0.07208865880966187,-0.020864097885747057,0.0576932430267334,0.0066872239112854,-0.03607475060965548,0.045843929052352905,-0.0033969879150390625,-0.042001791782636744,0.041337013244628906,-0.02454197406768799,-0.04755894888188372,0.022587984800338745,-0.05932736396789551,-0.02749158862974177,0.03305104374885559,0.01584690809249878,-0.03941644776608477,0.0219251811504364,0.003539741039276123,-0.038799692429561716,0.019017934799194336,-0.01712590456008911,-0.03877534020688067,-0.0008869469165802002,-0.040814220905303955,-0.03634246487166415,0.009655892848968506,0.016962707042694092,-0.04554956082250605,0.002547532320022583,0.006309449672698975,-0.04745874974872599,-0.0026591122150421143,-0.013035416603088379,-0.048591044284362894,0.05397908057947992,0.031834176049267686,0.015285207693525937,0.0,0.04431838982920994,0.0455728487611048,0.050459685087693405,0.049970701719834594,0.053462176683018635,0.06277252404756394,1
0.031600356101989746,-0.0012804865837097168,-0.010854317359585863,0.058369070291519165,6.4849853515625e-05,-0.02175779502834807,0.0732221007347107,0.011056005954742432,-0.03295771453525553,0.06842443346977234,0.021342992782592773,-0.04319479737426768,0.06969225406646729,-0.07341235876083374,-0.01604146186258326,0.08062997460365295,-0.00973445177078247,-0.033280879743356806,0.07063129544258118,-0.010304093360900879,-0.046148933954496485,0.064715176820755,-0.027317941188812256,-0.05602190691973696,0.04727482795715332,-0.07208865880966187,-0.020864097885747057,0.0576932430267334,0.0066872239112854,-0.03607475060965548,0.045843929052352905,-0.0033969879150390625,-0.042001791782636744,0.041337013244628906,-0.02454197406768799,-0.04755894888188372,0.022587984800338745,-0.05932736396789551,-0.02749158862974177,0.03305104374885559,0.01584690809249878,-0.03941644776608477,0.0219251811504364,0.003539741039276123,-0.038799692429561716,0.019017934799194336,-0.01712590456008911,-0.03877534020688067,-0.0008869469165802002,-0.040814220905303955,-0.03634246487166415,0.009655892848968506,0.016962707042694092,-0.04554956082250605,0.002547532320022583,0.006309449672698975,-0.04745874974872599,-0.0026591122150421143,-0.013035416603088379,-0.048591044284362894,0.05397908057947992,0.031834176049267686,0.015285207693525937,0.0,0.04431838982920994,0.0455728487611048,0.050459685087693405,0.049970701719834594,0.053462176683018635,0.06277252404756394,1
0.031600356101989746,-0.0012804865837097168,-0.010854317359585863,0.058369070291519165,6.4849853515625e-05,-0.02175779502834807,0.0732221007347107,0.011056005954742432,-0.03295771453525553,0.06842443346977234,0.021342992782592773,-0.04319479737426768,0.06969225406646729,-0.07341235876083374,-0.01604146186258326,0.08062997460365295,-0.00973445177078247,-0.033280879743356806,0.07063129544258118,-0.010304093360900879,-0.046148933954496485,0.064715176820755,-0.027317941188812256,-0.05602190691973696,0.04727482795715332,-0.07208865880966187,-0.020864097885747057,0.0576932430267334,0.0066872239112854,-0.03607475060965548,0.045843929052352905,-0.0033969879150390625,-0.042001791782636744,0.041337013244628906,-0.02454197406768799,-0.04755894888188372,0.022587984800338745,-0.05932736396789551,-0.02749158862974177,0.03305104374885559,0.01584690809249878,-0.03941644776608477,0.0219251811504364,0.003539741039276123,-0.038799692429561716,0.019017934799194336,-0.01712590456008911,-0.03877534020688067,-0.0008869469165802002,-0.040814220905303955,-0.03634246487166415,0.009655892848968506,0.016962707042694092,-0.04554956082250605,0.002547532320022583,0.006309449672698975,-0.04745874974872599,-0.0026591122150421143,-0.013035416603088379,-0.048591044284362894,0.05397908057947992,0.031834176049267686,0.015285207693525937,0.0,0.04431838982920994,0.0455728487611048,0.050459685087693405,0.049970701719834594,0.053462176683018635,0.06277252404756394,1
0.031600356101989746,-0.0012804865837097168,-0.010854317359585863,0.058369070291519165,6.4849853515625e-05,-0.02175779502834807,0.0732221007347107,0.011056005954742432,-0.03295771453525553,0.06842443346977234,0.021342992782592773,-0.04319479737426768,0.06969225406646729,-0.07341235876083374,-0.01604146186258326,0.08062997460365295,-0.00973445177078247,-0.033280879743356806,0.07063129544258118,-0.010304093360900879,-0.046148933954496485,0.064715176820755,-0.027317941188812256,-0.05602190691973696,0.04727482795715332,-0.07208865880966187,-0.020864097885747057,0.0576932430267334,0.0066872239112854,-0.03607475060965548,0.045843929052352905,-0.0033969879150390625,-0.042001791782636744,0.041337013244628906,-0.02454197406768799,-0.04755894888188372,0.022587984800338745,-0.05932736396789551,-0.02749158862974177,0.03305104374885559,0.01584690809249878,-0.03941644776608477,0.0219251811504364,0.003539741039276123,-0.038799692429561716,0.019017934799194336,-0.01712590456008911,-0.03877534020688067,-0.0008869469165802002,-0.040814220905303955,-0.03634246487166415,0.009655892848968506,0.016962707042694092,-0.04554956082250605,0.002547532320022583,0.006309449672698975,-0.04745874974872599,-0.0026591122150421143,-0.013035416603088379,-0.048591044284362894,0.05397908057947992,0.031834176049267686,0.015285207693525937,0.0,0.04431838982920994,0.0455728487611048,0.050459685087693405,0.049970701719834594,0.053462176683018635,0.06277252404756394,1
0.031600356101989746,-0.0012804865837097168,-0.010854317359585863,0.058369070291519165,6.4849853515625e-05,-0.02175779502834807,0.0732221007347107,0.011056005954742432,-0.03295771453525553,0.06842443346977234,0.021342992782592773,-0.04319479737426768,0.06969225406646729,-0.07341235876083374,-0.01604146186258326,0.08062997460365295,-0.00973445177078247,-0.033280879743356806,0.07063129544258118,-0.010304093360900879,-0.046148933954496485,0.064715176820755,-0.027317941188812256,-0.05602190691973696,0.04727482795715332,-0.07208865880966187,-0.020864097885747057,0.0576932430267334,0.0066872239112854,-0.03607475060965548,0.045843929052352905,-0.0033969879150390625,-0.042001791782636744,0.041337013244628906,-0.02454197406768799,-0.04755894888188372,0.022587984800338745,-0.05932736396789551,-0.02749158862974177,0.03305104374885559,0.01584690809249878,-0.03941644776608477,0.0219251811504364,0.003539741039276123,-0.038799692429561716,0.019017934799194336,-0.01712590456008911,-0.03877534020688067,-0.0008869469165802002,-0.040814220905303955,-0.03634246487166415,0.009655892848968506,0.016962707042694092,-0.04554956082250605,0.002547532320022583,0.006309449672698975,-0.04745874974872599,-0.0026591122150421143,-0.013035416603088379,-0.048591044284362894,0.05397908057947992,0.031834176049267686,0.015285207693525937,0.0,0.04431838982920994,0.0455728487611048,0.050459685087693405,0.049970701719834594,0.053462176683018635,0.06277252404756394,1
0.031600356101989746,-0.0012804865837097168,-0.010854317359585863,0.058369070291519165,6.4849853515625e-05,-0.02175779502834807,0.0732221007347107,0.011056005954742432,-0.03295771453525553,0.06842443346977234,0.021342992782592773,-0.04319479737426768,0.06969225406646729,-0.07341235876083374,-0.01604146186258326,0.08062997460365295,-0.00973445177078247,-0.033280879743356806,0.07063129544258118,-0.010304093360900879,-0.046148933954496485,0.064715176820755,-0.027317941188812256,-0.05602190691973696,0.04727482795715332,-0.07208865880966187,-0.020864097885747057,0.0576932430267334,0.0066872239112854,-0.03607475060965548,0.045843929052352905,-0.0033969879150390625,-0.042001791782636744,0.041337013244628906,-0.02454197406768799,-0.04755894888188372,0.022587984800338745,-0.05932736396789551,-0.02749158862974177,0.03305104374885559,0.01584690809249878,-0.03941644776608477,0.0219251811504364,0.003539741039276123,-0.038799692429561716,0.019017934799194336,-0.01712590456008911,-0.03877534020688067,-0.0008869469165802002,-0.040814220905303955,-0.03634246487166415,0.009655892848968506,0.016962707042694092,-0.04554956082250605,0.002547532320022583,0.006309449672698975,-0.04745874974872599,-0.0026591122150421143,-0.013035416603088379,-0.048591044284362894,0.05397908057947992,0.031834176049267686,0.015285207693525937,0.0,0.04431838982920994,0.0455728487611048,0.050459685087693405,0.049970701719834594,0.053462176683018635,0.06277252404756394,1
0.042390137910842896,-0.05825066566467285,-0.004419923262105385,0.06951189041137695,-0.11756503582000732,-0.012029171423421303,0.09256669878959656,-0.16215473413467407,-0.023375019864545266,0.1061985194683075,-0.20834606885910034,-0.0346548151833872,0.027312055230140686,-0.1843981146812439,-0.0007921050096797444,0.05330631136894226,-0.2259630560874939,-0.025215963335142533,0.08667075634002686,-0.23686867952346802,-0.0447154421968321,0.11453127861022949,-0.23260021209716797,-0.054150566892133156,0.006764709949493408,-0.19294673204421997,-0.012800388471589486,0.005048036575317383,-0.280783474445343,-0.03182047648857633,0.03616246581077576,-0.3059636950492859,-0.04215426041315595,0.06474164128303528,-0.29900985956192017,-0.04550569920371572,-0.013477593660354614,-0.18104010820388794,-0.027991731153235833,-0.02634584903717041,-0.2657383680343628,-0.04737563847135107,0.003543451428413391,-0.29341405630111694,-0.052198052839742104,0.033907949924468994,-0.29088151454925537,-0.050891027287946144,-0.030488431453704834,-0.15587365627288818,-0.044265099303231636,-0.04605528712272644,-0.22376126050949097,-0.061272427873120705,-0.025074362754821777,-0.25444477796554565,-0.06354510454963247,0.0015287995338439941,-0.25738418102264404,-0.060994476513371865,0.1658743147885541,0.10049390263473004,0.049464125596996936,0.0,0.13051455493985345,0.07995087508532,0.03221463446663732,0.1413977586419385,0.1002812912636043,0.11091276222215957,3
0.042390137910842896,-0.05825066566467285,-0.004419923262105385,0.06951189041137695,-0.11756503582000732,-0.012029171423421303,0.09256669878959656,-0.16215473413467407,-0.023375019864545266,0.1061985194683075,-0.20834606885910034,-0.0346548151833872,0.027312055230140686,-0.1843981146812439,-0.0007921050096797444,0.05330631136894226,-0.2259630560874939,-0.025215963335142533,0.08667075634002686,-0.23686867952346802,-0.0447154421968321,0.11453127861022949,-0.23260021209716797,-0.054150566892133156,0.006764709949493408,-0.19294673204421997,-0.012800388471589486,0.005048036575317383,-0.280783474445343,-0.03182047648857633,0.03616246581077576,-0.3059636950492859,-0.04215426041315595,0.06474164128303528,-0.29900985956192017,-0.04550569920371572,-0.013477593660354614,-0.18104010820388794,-0.027991731153235833,-0.02634584903717041,-0.2657383680343628,-0.04737563847135107,0.003543451428413391,-0.29341405630111694,-0.052198052839742104,0.033907949924468994,-0.29088151454925537,-0.050891027287946144,-0.030488431453704834,-0.15587365627288818,-0.044265099303231636,-0.04605528712272644,-0.22376126050949097,-0.061272427873120705,-0.025074362754821777,-0.25444477796554565,-0.06354510454963247,0.0015287995338439941,-0.25738418102264404,-0.060994476513371865,0.1658743147885541,0.10049390263473004,0.049464125596996936,0.0,0.13051455493985345,0.07995087508532,0.03221463446663732,0.1413977586419385,0.1002812912636043,0.11091276222215957,3
0.042390137910842896,-0.05825066566467285,-0.004419923262105385,0.06951189041137695,-0.11756503582000732,-0.012029171423421303,0.09256669878959656,-0.16215473413467407,-0.023375019864545266,0.1061985194683075,-0.20834606885910034,-0.0346548151833872,0.027312055230140686,-0.1843981146812439,-0.0007921050096797444,0.05330631136894226,-0.2259630560874939,-0.025215963335142533,0.08667075634002686,-0.23686867952346802,-0.0447154421968321,0.11453127861022949,-0.23260021209716797,-0.054150566892133156,0.006764709949493408,-0.19294673204421997,-0.012800388471589486,0.005048036575317383,-0.280783474445343,-0.03182047648857633,0.03616246581077576,-0.3059636950492859,-0.04215426041315595,0.06474164128303528,-0.29900985956192017,-0.04550569920371572,-0.013477593660354614,-0.18104010820388794,-0.027991731153235833,-0.02634584903717041,-0.2657383680343628,-0.04737563847135107,0.003543451428413391,-0.29341405630111694,-0.052198052839742104,0.033907949924468994,-0.29088151454925537,-0.050891027287946144,-0.030488431453704834,-0.15587365627288818,-0.044265099303231636,-0.04605528712272644,-0.22376126050949097,-0.061272427873120705,-0.025074362754821777,-0.25444477796554565,-0.06354510454963247,0.0015287995338439941,-0.25738418102264404,-0.060994476513371865,0.1658743147885541,0.10049390263473004,0.049464125596996936,0.0,0.13051455493985345,0.07995087508532,0.03221463446663732,0.1413977586419385,0.1002812912636043,0.11091276222215957,3
0.042390137910842896,-0.05825066566467285,-0.004419923262105385,0.06951189041137695,-0.11756503582000732,-0.012029171423421303,0.09256669878959656,-0.16215473413467407,-0.023375019864545266,0.1061985194683075,-0.20834606885910034,-0.0346548151833872,0.027312055230140686,-0.1843981146812439,-0.0007921050096797444,0.05330631136894226,-0.2259630560874939,-0.025215963335142533,0.08667075634002686,-0.23686867952346802,-0.0447154421968321,0.11453127861022949,-0.23260021209716797,-0.054150566892133156,0.006764709949493408,-0.19294673204421997,-0.012800388471589486,0.005048036575317383,-0.280783474445343,-0.03182047648857633,0.03616246581077576,-0.3059636950492859,-0.04215426041315595,0.06474164128303528,-0.29900985956192017,-0.04550569920371572,-0.013477593660354614,-0.18104010820388794,-0.027991731153235833,-0.02634584903717041,-0.2657383680343628,-0.04737563847135107,0.003543451428413391,-0.29341405630111694,-0.052198052839742104,0.033907949924468994,-0.29088151454925537,-0.050891027287946144,-0.030488431453704834,-0.15587365627288818,-0.044265099303231636,-0.04605528712272644,-0.22376126050949097,-0.061272427873120705,-0.025074362754821777,-0.25444477796554565,-0.06354510454963247,0.0015287995338439941,-0.25738418102264404,-0.060994476513371865,0.1658743147885541,0.10049390263473004,0.049464125596996936,0.0,0.13051455493985345,0.07995087508532,0.03221463446663732,0.1413977586419385,0.1002812912636043,0.11091276222215957,3
0.042390137910842896,-0.05825066566467285,-0.004419923262105385,0.06951189041137695,-0.11756503582000732,-0.012029171423421303,0.09256669878959656,-0.16215473413467407,-0.023375019864545266,0.1061985194683075,-0.20834606885910034,-0.0346548151833872,0.027312055230140686,-0.1843981146812439,-0.0007921050096797444,0.05330631136894226,-0.2259630560874939,-0.025215963335142533,0.08667075634002686,-0.23686867952346802,-0.0447154421968321,0.11453127861022949,-0.23260021209716797,-0.054150566892133156,0.006764709949493408,-0.19294673204421997,-0.012800388471589486,0.005048036575317383,-0.280783474445343,-0.03182047648857633,0.03616246581077576,-0.3059636950492859,-0.04215426041315595,0.06474164128303528,-0.29900985956192017,-0.04550569920371572,-0.013477593660354614,-0.18104010820388794,-0.027991731153235833,-0.02634584903717041,-0.2657383680343628,-0.04737563847135107,0.003543451428413391,-0.29341405630111694,-0.052198052839742104,0.033907949924468994,-0.29088151454925537,-0.050891027287946144,-0.030488431453704834,-0.15587365627288818,-0.044265099303231636,-0.04605528712272644,-0.22376126050949097,-0.061272427873120705,-0.025074362754821777,-0.25444477796554565,-0.06354510454963247,0.0015287995338439941,-0.25738418102264404,-0.060994476513371865,0.1658743147885541,0.10049390263473004,0.049464125596996936,0.0,0.13051455493985345,0.07995087508532,0.03221463446663732,0.1413977586419385,0.1002812912636043,0.11091276222215957,3
0.042390137910842896,-0.05825066566467285,-0.004419923262105385,0.06951189041137695,-0.11756503582000732,-0.012029171423421303,0.09256669878959656,-0.16215473413467407,-0.023375019864545266,0.1061985194683075,-0.20834606885910034,-0.0346548151833872,0.027312055230140686,-0.1843981146812439,-0.0007921050096797444,0.05330631136894226,-0.2259630560874939,-0.025215963335142533,0.08667075634002686,-0.23686867952346802,-0.0447154421968321,0.11453127861022949,-0.23260021209716797,-0.054150566892133156,0.006764709949493408,-0.19294673204421997,-0.012800388471589486,0.005048036575317383,-0.280783474445343,-0.03182047648857633,0.03616246581077576,-0.3059636950492859,-0.04215426041315595,0.06474164128303528,-0.29900985956192017,-0.04550569920371572,-0.013477593660354614,-0.18104010820388794,-0.027991731153235833,-0.02634584903717041,-0.2657383680343628,-0.04737563847135107,0.003543451428413391,-0.29341405630111694,-0.052198052839742104,0.033907949924468994,-0.29088151454925537,-0.050891027287946144,-0.030488431453704834,-0.15587365627288818,-0.044265099303231636,-0.04605528712272644,-0.22376126050949097,-0.061272427873120705,-0.025074362754821777,-0.25444477796554565,-0.06354510454963247,0.0015287995338439941,-0.25738418102264404,-0.060994476513371865,0.1658743147885541,0.10049390263473004,0.049464125596996936,0.0,0.13051455493985345,0.07995087508532,0.03221463446663732,0.1413977586419385,0.1002812912636043,0.11091276222215957,3
0.042390137910842896,-0.05825066566467285,-0.004419923262105385,0.06951189041137695,-0.11756503582000732,-0.012029171423421303,0.09256669878959656,-0.16215473413467407,-0.023375019864545266,0.1061985194683075,-0.20834606885910034,-0.0346548151833872,0.027312055230140686,-0.1843981146812439,-0.0007921050096797444,0.05330631136894226,-0.2259630560874939,-0.025215963335142533,0.08667075634002686,-0.23686867952346802,-0.0447154421968321,0.11453127861022949,-0.23260021209716797,-0.054150566892133156,0.006764709949493408,-0.19294673204421997,-0.012800388471589486,0.005048036575317383,-0.280783474445343,-0.03182047648857633,0.03616246581077576,-0.3059636950492859,-0.04215426041315595,0.06474164128303528,-0.29900985956192017,-0.04550569920371572,-0.013477593660354614,-0.18104010820388794,-0.027991731153235833,-0.02634584903717041,-0.2657383680343628,-0.04737563847135107,0.003543451428413391,-0.29341405630111694,-0.052198052839742104,0.033907949924468994,-0.29088151454925537,-0.050891027287946144,-0.030488431453704834,-0.15587365627288818,-0.044265099303231636,-0.04605528712272644,-0.22376126050949097,-0.061272427873120705,-0.025074362754821777,-0.25444477796554565,-0.06354510454963247,0.0015287995338439941,-0.25738418102264404,-0.060994476513371865,0.1658743147885541,0.10049390263473004,0.049464125596996936,0.0,0.13051455493985345,0.07995087508532,0.03221463446663732,0.1413977586419385,0.1002812912636043,0.11091276222215957,3
0.042390137910842896,-0.05825066566467285,-0.004419923262105385,0.06951189041137695,-0.11756503582000732,-0.012029171423421303,0.09256669878959656,-0.16215473413467407,-0.023375019864545266,0.1061985194683075,-0.20834606885910034,-0.0346548151833872,0.027312055230140686,-0.1843981146812439,-0.0007921050096797444,0.05330631136894226,-0.2259630560874939,-0.025215963335142533,0.08667075634002686,-0.23686867952346802,-0.0447154421968321,0.11453127861022949,-0.23260021209716797,-0.054150566892133156,0.006764709949493408,-0.19294673204421997,-0.012800388471589486,0.005048036575317383,-0.280783474445343,-0.03182047648857633,0.03616246581077576,-0.3059636950492859,-0.04215426041315595,0.06474164128303528,-0.29900985956192017,-0.04550569920371572,-0.013477593660354614,-0.18104010820388794,-0.027991731153235833,-0.02634584903717041,-0.2657383680343628,-0.04737563847135107,0.003543451428413391,-0.29341405630111694,-0.052198052839742104,0.033907949924468994,-0.29088151454925537,-0.050891027287946144,-0.030488431453704834,-0.15587365627288818,-0.044265099303231636,-0.04605528712272644,-0.22376126050949097,-0.061272427873120705,-0.025074362754821777,-0.25444477796554565,-0.06354510454963247,0.0015287995338439941,-0.25738418102264404,-0.060994476513371865,0.1658743147885541,0.10049390263473004,0.049464125596996936,0.0,0.13051455493985345,0.07995087508532,0.03221463446663732,0.1413977586419385,0.1002812912636043,0.11091276222215957,3
0.042390137910842896,-0.05825066566467285,-0.004419923262105385,0.06951189041137695,-0.11756503582000732,-0.012029171423421303,0.09256669878959656,-0.16215473413467407,-0.023375019864545266,0.1061985194683075,-0.20834606885910034,-0.0346548151833872,0.027312055230140686,-0.1843981146812439,-0.0007921050096797444,0.05330631136894226,-0.2259630560874939,-0.025215963335142533,0.08667075634002686,-0.23686867952346802,-0.0447154421968321,0.11453127861022949,-0.23260021209716797,-0.054150566892133156,0.006764709949493408,-0.19294673204421997,-0.012800388471589486,0.005048036575317383,-0.280783474445343,-0.03182047648857633,0.03616246581077576,-0.3059636950492859,-0.04215426041315595,0.06474164128303528,-0.29900985956192017,-0.04550569920371572,-0.013477593660354614,-0.18104010820388794,-0.027991731153235833,-0.02634584903717041,-0.2657383680343628,-0.04737563847135107,0.003543451428413391,-0.29341405630111694,-0.052198052839742104,0.033907949924468994,-0.29088151454925537,-0.050891027287946144,-0.030488431453704834,-0.15587365627288818,-0.044265099303231636,-0.04605528712272644,-0.22376126050949097,-0.061272427873120705,-0.025074362754821777,-0.25444477796554565,-0.06354510454963247,0.0015287995338439941,-0.25738418102264404,-0.060994476513371865,0.1658743147885541,0.10049390263473004,0.049464125596996936,0.0,0.13051455493985345,0.07995087508532,0.03221463446663732,0.1413977586419385,0.1002812912636043,0.11091276222215957,3
0.042390137910842896,-0.05825066566467285,-0.004419923262105385,0.06951189041137695,-0.11756503582000732,-0.012029171423421303,0.09256669878959656,-0.16215473413467407,-0.023375019864545266,0.1061985194683075,-0.20834606885910034,-0.0346548151833872,0.027312055230140686,-0.1843981146812439,-0.0007921050096797444,0.05330631136894226,-0.2259630560874939,-0.025215963335142533,0.08667075634002686,-0.23686867952346802,-0.0447154421968321,0.11453127861022949,-0.23260021209716797,-0.054150566892133156,0.006764709949493408,-0.19294673204421997,-0.012800388471589486,0.005048036575317383,-0.280783474445343,-0.03182047648857633,0.03616246581077576,-0.3059636950492859,-0.04215426041315595,0.06474164128303528,-0.29900985956192017,-0.04550569920371572,-0.013477593660354614,-0.18104010820388794,-0.027991731153235833,-0.02634584903717041,-0.2657383680343628,-0.04737563847135107,0.003543451428413391,-0.29341405630111694,-0.052198052839742104,0.033907949924468994,-0.29088151454925537,-0.050891027287946144,-0.030488431453704834,-0.15587365627288818,-0.044265099303231636,-0.04605528712272644,-0.22376126050949097,-0.061272427873120705,-0.025074362754821777,-0.25444477796554565,-0.06354510454963247,0.0015287995338439941,-0.25738418102264404,-0.060994476513371865,0.1658743147885541,0.10049390263473004,0.049464125596996936,0.0,0.13051455493985345,0.07995087508532,0.03221463446663732,0.1413977586419385,0.1002812912636043,0.11091276222215957,3
0.042390137910842896,-0.05825066566467285,-0.004419923262105385,0.06951189041137695,-0.11756503582000732,-0.012029171423421303,0.09256669878959656,-0.16215473413467407,-0.023375019864545266,0.1061985194683075,-0.20834606885910034,-0.0346548151833872,0.027312055230140686,-0.1843981146812439,-0.0007921050096797444,0.05330631136894226,-0.2259630560874939,-0.025215963335142533,0.08667075634002686,-0.23686867952346802,-0.0447154421968321,0.11453127861022949,-0.23260021209716797,-0.054150566892133156,0.006764709949493408,-0.19294673204421997,-0.012800388471589486,0.005048036575317383,-0.280783474445343,-0.03182047648857633,0.03616246581077576,-0.3059636950492859,-0.04215426041315595,0.06474164128303528,-0.29900985956192017,-0.04550569920371572,-0.013477593660354614,-0.18104010820388794,-0.027991731153235833,-0.02634584903717041,-0.2657383680343628,-0.04737563847135107,0.003543451428413391,-0.29341405630111694,-0.052198052839742104,0.033907949924468994,-0.29088151454925537,-0.050891027287946144,-0.030488431453704834,-0.15587365627288818,-0.044265099303231636,-0.04605528712272644,-0.22376126050949097,-0.061272427873120705,-0.025074362754821777,-0.25444477796554565,-0.06354510454963247,0.0015287995338439941,-0.25738418102264404,-0.060994476513371865,0.1658743147885541,0.10049390263473004,0.049464125596996936,0.0,0.13051455493985345,0.07995087508532,0.03221463446663732,0.1413977586419385,0.1002812912636043,0.11091276222215957,3
0.042390137910842896,-0.05825066566467285,-0.004419923262105385,0.06951189041137695,-0.11756503582000732,-0.012029171423421303,0.09256669878959656,-0.16215473413467407,-0.023375019864545266,0.1061985194683075,-0.20834606885910034,-0.0346548151833872,0.027312055230140686,-0.1843981146812439,-0.0007921050096797444,0.05330631136894226,-0.2259630560874939,-0.025215963335142533,0.08667075634002686,-0.23686867952346802,-0.0447154421968321,0.11453127861022949,-0.23260021209716797,-0.054150566892133156,0.006764709949493408,-0.19294673204421997,-0.012800388471589486,0.005048036575317383,-0.280783474445343,-0.03182047648857633,0.03616246581077576,-0.3059636950492859,-0.04215426041315595,0.06474164128303528,-0.29900985956192017,-0.04550569920371572,-0.013477593660354614,-0.18104010820388794,-0.027991731153235833,-0.02634584903717041,-0.2657383680343628,-0.04737563847135107,0.003543451428413391,-0.29341405630111694,-0.052198052839742104,0.033907949924468994,-0.29088151454925537,-0.050891027287946144,-0.030488431453704834,-0.15587365627288818,-0.044265099303231636,-0.04605528712272644,-0.22376126050949097,-0.061272427873120705,-0.025074362754821777,-0.25444477796554565,-0.06354510454963247,0.0015287995338439941,-0.25738418102264404,-0.060994476513371865,0.1658743147885541,0.10049390263473004,0.049464125596996936,0.0,0.13051455493985345,0.07995087508532,0.03221463446663732,0.1413977586419385,0.1002812912636043,0.11091276222215957,3
0.042390137910842896,-0.05825066566467285,-0.004419923262105385,0.06951189041137695,-0.11756503582000732,-0.012029171423421303,0.09256669878959656,-0.16215473413467407,-0.023375019864545266,0.1061985194683075,-0.20834606885910034,-0.0346548151833872,0.027312055230140686,-0.1843981146812439,-0.0007921050096797444,0.05330631136894226,-0.2259630560874939,-0.025215963335142533,0.08667075634002686,-0.23686867952346802,-0.0447154421968321,0.11453127861022949,-0.23260021209716797,-0.054150566892133156,0.006764709949493408,-0.19294673204421997,-0.012800388471589486,0.005048036575317383,-0.280783474445343,-0.03182047648857633,0.03616246581077576,-0.3059636950492859,-0.04215426041315595,0.06474164128303528,-0.29900985956192017,-0.04550569920371572,-0.013477593660354614,-0.18104010820388794,-0.027991731153235833,-0.02634584903717041,-0.2657383680343628,-0.04737563847135107,0.003543451428413391,-0.29341405630111694,-0.052198052839742104,0.033907949924468994,-0.29088151454925537,-0.050891027287946144,-0.030488431453704834,-0.15587365627288818,-0.044265099303231636,-0.04605528712272644,-0.22376126050949097,-0.061272427873120705,-0.025074362754821777,-0.25444477796554565,-0.06354510454963247,0.0015287995338439941,-0.25738418102264404,-0.060994476513371865,0.1658743147885541,0.10049390263473004,0.049464125596996936,0.0,0.13051455493985345,0.07995087508532,0.03221463446663732,0.1413977586419385,0.1002812912636043,0.11091276222215957,3
0.042390137910842896,-0.05825066566467285,-0.004419923262105385,0.06951189041137695,-0.11756503582000732,-0.012029171423421303,0.09256669878959656,-0.16215473413467407,-0.023375019864545266,0.1061985194683075,-0.20834606885910034,-0.0346548151833872,0.027312055230140686,-0.1843981146812439,-0.0007921050096797444,0.05330631136894226,-0.2259630560874939,-0.025215963335142533,0.08667075634002686,-0.23686867952346802,-0.0447154421968321,0.11453127861022949,-0.23260021209716797,-0.054150566892133156,0.006764709949493408,-0.19294673204421997,-0.012800388471589486,0.005048036575317383,-0.280783474445343,-0.03182047648857633,0.03616246581077576,-0.3059636950492859,-0.04215426041315595,0.06474164128303528,-0.29900985956192017,-0.04550569920371572,-0.013477593660354614,-0.18104010820388794,-0.027991731153235833,-0.02634584903717041,-0.2657383680343628,-0.04737563847135107,0.003543451428413391,-0.29341405630111694,-0.052198052839742104,0.033907949924468994,-0.29088151454925537,-0.050891027287946144,-0.030488431453704834,-0.15587365627288818,-0.044265099303231636,-0.04605528712272644,-0.22376126050949097,-0.061272427873120705,-0.025074362754821777,-0.25444477796554565,-0.06354510454963247,0.0015287995338439941,-0.25738418102264404,-0.060994476513371865,0.1658743147885541,0.10049390263473004,0.049464125596996936,0.0,0.13051455493985345,0.07995087508532,0.03221463446663732,0.1413977586419385,0.1002812912636043,0.11091276222215957,3
0.042390137910842896,-0.05825066566467285,-0.004419923262105385,0.06951189041137695,-0.11756503582000732,-0.012029171423421303,0.09256669878959656,-0.16215473413467407,-0.023375019864545266,0.1061985194683075,-0.20834606885910034,-0.0346548151833872,0.027312055230140686,-0.1843981146812439,-0.0007921050096797444,0.05330631136894226,-0.2259630560874939,-0.025215963335142533,0.08667075634002686,-0.23686867952346802,-0.0447154421968321,0.11453127861022949,-0.23260021209716797,-0.054150566892133156,0.006764709949493408,-0.19294673204421997,-0.012800388471589486,0.005048036575317383,-0.280783474445343,-0.03182047648857633,0.03616246581077576,-0.3059636950492859,-0.04215426041315595,0.06474164128303528,-0.29900985956192017,-0.04550569920371572,-0.013477593660354614,-0.18104010820388794,-0.027991731153235833,-0.02634584903717041,-0.2657383680343628,-0.04737563847135107,0.003543451428413391,-0.29341405630111694,-0.052198052839742104,0.033907949924468994,-0.29088151454925537,-0.050891027287946144,-0.030488431453704834,-0.15587365627288818,-0.044265099303231636,-0.04605528712272644,-0.22376126050949097,-0.061272427873120705,-0.025074362754821777,-0.25444477796554565,-0.06354510454963247,0.0015287995338439941,-0.25738418102264404,-0.060994476513371865,0.1658743147885541,0.10049390263473004,0.049464125596996936,0.0,0.13051455493985345,0.07995087508532,0.03221463446663732,0.1413977586419385,0.1002812912636043,0.11091276222215957,3
0.042390137910842896,-0.05825066566467285,-0.004419923262105385,0.06951189041137695,-0.11756503582000732,-0.012029171423421303,0.09256669878959656,-0.16215473413467407,-0.023375019864545266,0.1061985194683075,-0.20834606885910034,-0.0346548151833872,0.027312055230140686,-0.1843981146812439,-0.0007921050096797444,0.05330631136894226,-0.2259630560874939,-0.025215963335142533,0.08667075634002686,-0.23686867952346802,-0.0447154421968321,0.11453127861022949,-0.23260021209716797,-0.054150566892133156,0.006764709949493408,-0.19294673204421997,-0.012800388471589486,0.005048036575317383,-0.280783474445343,-0.03182047648857633,0.03616246581077576,-0.3059636950492859,-0.04215426041315595,0.06474164128303528,-0.29900985956192017,-0.04550569920371572,-0.013477593660354614,-0.18104010820388794,-0.027991731153235833,-0.02634584903717041,-0.2657383680343628,-0.04737563847135107,0.003543451428413391,-0.29341405630111694,-0.052198052839742104,0.033907949924468994,-0.29088151454925537,-0.050891027287946144,-0.030488431453704834,-0.15587365627288818,-0.044265099303231636,-0.04605528712272644,-0.22376126050949097,-0.061272427873120705,-0.025074362754821777,-0.25444477796554565,-0.06354510454963247,0.0015287995338439941,-0.25738418102264404,-0.060994476513371865,0.1658743147885541,0.10049390263473004,0.049464125596996936,0.0,0.13051455493985345,0.07995087508532,0.03221463446663732,0.1413977586419385,0.1002812912636043,0.11091276222215957,3
0.042390137910842896,-0.05825066566467285,-0.004419923262105385,0.06951189041137695,-0.11756503582000732,-0.012029171423421303,0.09256669878959656,-0.16215473413467407,-0.023375019864545266,0.1061985194683075,-0.20834606885910034,-0.0346548151833872,0.027312055230140686,-0.1843981146812439,-0.0007921050096797444,0.05330631136894226,-0.2259630560874939,-0.025215963335142533,0.08667075634002686,-0.23686867952346802,-0.0447154421968321,0.11453127861022949,-0.23260021209716797,-0.054150566892133156,0.006764709949493408,-0.19294673204421997,-0.012800388471589486,0.005048036575317383,-0.280783474445343,-0.03182047648857633,0.03616246581077576,-0.3059636950492859,-0.04215426041315595,0.06474164128303528,-0.29900985956192017,-0.04550569920371572,-0.013477593660354614,-0.18104010820388794,-0.027991731153235833,-0.02634584903717041,-0.2657383680343628,-0.04737563847135107,0.003543451428413391,-0.29341405630111694,-0.052198052839742104,0.033907949924468994,-0.29088151454925537,-0.050891027287946144,-0.030488431453704834,-0.15587365627288818,-0.044265099303231636,-0.04605528712272644,-0.22376126050949097,-0.061272427873120705,-0.025074362754821777,-0.25444477796554565,-0.06354510454963247,0.0015287995338439941,-0.25738418102264404,-0.060994476513371865,0.1658743147885541,0.10049390263473004,0.049464125596996936,0.0,0.13051455493985345,0.07995087508532,0.03221463446663732,0.1413977586419385,0.1002812912636043,0.11091276222215957,3
0.042390137910842896,-0.05825066566467285,-0.004419923262105385,0.06951189041137695,-0.11756503582000732,-0.012029171423421303,0.09256669878959656,-0.16215473413467407,-0.023375019864545266,0.1061985194683075,-0.20834606885910034,-0.0346548151833872,0.027312055230140686,-0.1843981146812439,-0.0007921050096797444,0.05330631136894226,-0.2259630560874939,-0.025215963335142533,0.08667075634002686,-0.23686867952346802,-0.0447154421968321,0.11453127861022949,-0.23260021209716797,-0.054150566892133156,0.006764709949493408,-0.19294673204421997,-0.012800388471589486,0.005048036575317383,-0.280783474445343,-0.03182047648857633,0.03616246581077576,-0.3059636950492859,-0.04215426041315595,0.06474164128303528,-0.29900985956192017,-0.04550569920371572,-0.013477593660354614,-0.18104010820388794,-0.027991731153235833,-0.02634584903717041,-0.2657383680343628,-0.04737563847135107,0.003543451428413391,-0.29341405630111694,-0.052198052839742104,0.033907949924468994,-0.29088151454925537,-0.050891027287946144,-0.030488431453704834,-0.15587365627288818,-0.044265099303231636,-0.04605528712272644,-0.22376126050949097,-0.061272427873120705,-0.025074362754821777,-0.25444477796554565,-0.06354510454963247,0.0015287995338439941,-0.25738418102264404,-0.060994476513371865,0.1658743147885541,0.10049390263473004,0.049464125596996936,0.0,0.13051455493985345,0.07995087508532,0.03221463446663732,0.1413977586419385,0.1002812912636043,0.11091276222215957,3
0.042390137910842896,-0.05825066566467285,-0.004419923262105385,0.06951189041137695,-0.11756503582000732,-0.012029171423421303,0.09256669878959656,-0.16215473413467407,-0.023375019864545266,0.1061985194683075,-0.20834606885910034,-0.0346548151833872,0.027312055230140686,-0.1843981146812439,-0.0007921050096797444,0.05330631136894226,-0.2259630560874939,-0.025215963335142533,0.08667075634002686,-0.23686867952346802,-0.0447154421968321,0.11453127861022949,-0.23260021209716797,-0.054150566892133156,0.006764709949493408,-0.19294673204421997,-0.012800388471589486,0.005048036575317383,-0.280783474445343,-0.03182047648857633,0.03616246581077576,-0.3059636950492859,-0.04215426041315595,0.06474164128303528,-0.29900985956192017,-0.04550569920371572,-0.013477593660354614,-0.18104010820388794,-0.027991731153235833,-0.02634584903717041,-0.2657383680343628,-0.04737563847135107,0.003543451428413391,-0.29341405630111694,-0.052198052839742104,0.033907949924468994,-0.29088151454925537,-0.050891027287946144,-0.030488431453704834,-0.15587365627288818,-0.044265099303231636,-0.04605528712272644,-0.22376126050949097,-0.061272427873120705,-0.025074362754821777,-0.25444477796554565,-0.06354510454963247,0.0015287995338439941,-0.25738418102264404,-0.060994476513371865,0.1658743147885541,0.10049390263473004,0.049464125596996936,0.0,0.13051455493985345,0.07995087508532,0.03221463446663732,0.1413977586419385,0.1002812912636043,0.11091276222215957,3
0.042390137910842896,-0.05825066566467285,-0.004419923262105385,0.06951189041137695,-0.11756503582000732,-0.012029171423421303,0.09256669878959656,-0.16215473413467407,-0.023375019864545266,0.1061985194683075,-0.20834606885910034,-0.0346548151833872,0.027312055230140686,-0.1843981146812439,-0.0007921050096797444,0.05330631136894226,-0.2259630560874939,-0.025215963335142533,0.08667075634002686,-0.23686867952346802,-0.0447154421968321,0.11453127861022949,-0.23260021209716797,-0.054150566892133156,0.006764709949493408,-0.19294673204421997,-0.012800388471589486,0.005048036575317383,-0.280783474445343,-0.03182047648857633,0.03616246581077576,-0.3059636950492859,-0.04215426041315595,0.06474164128303528,-0.29900985956192017,-0.04550569920371572,-0.013477593660354614,-0.18104010820388794,-0.027991731153235833,-0.02634584903717041,-0.2657383680343628,-0.04737563847135107,0.003543451428413391,-0.29341405630111694,-0.052198052839742104,0.033907949924468994,-0.29088151454925537,-0.050891027287946144,-0.030488431453704834,-0.15587365627288818,-0.044265099303231636,-0.04605528712272644,-0.22376126050949097,-0.061272427873120705,-0.025074362754821777,-0.25444477796554565,-0.06354510454963247,0.0015287995338439941,-0.25738418102264404,-0.060994476513371865,0.1658743147885541,0.10049390263473004,0.049464125596996936,0.0,0.13051455493985345,0.07995087508532,0.03221463446663732,0.1413977586419385,0.1002812912636043,0.11091276222215957,3
0.042390137910842896,-0.05825066566467285,-0.004419923262105385,0.06951189041137695,-0.11756503582000732,-0.012029171423421303,0.09256669878959656,-0.16215473413467407,-0.023375019864545266,0.1061985194683075,-0.20834606885910034,-0.0346548151833872,0.027312055230140686,-0.1843981146812439,-0.0007921050096797444,0.05330631136894226,-0.2259630560874939,-0.025215963335142533,0.08667075634002686,-0.23686867952346802,-0.0447154421968321,0.11453127861022949,-0.23260021209716797,-0.054150566892133156,0.006764709949493408,-0.19294673204421997,-0.012800388471589486,0.005048036575317383,-0.280783474445343,-0.03182047648857633,0.03616246581077576,-0.3059636950492859,-0.04215426041315595,0.06474164128303528,-0.29900985956192017,-0.04550569920371572,-0.013477593660354614,-0.18104010820388794,-0.027991731153235833,-0.02634584903717041,-0.2657383680343628,-0.04737563847135107,0.003543451428413391,-0.29341405630111694,-0.052198052839742104,0.033907949924468994,-0.29088151454925537,-0.050891027287946144,-0.030488431453704834,-0.15587365627288818,-0.044265099303231636,-0.04605528712272644,-0.22376126050949097,-0.061272427873120705,-0.025074362754821777,-0.25444477796554565,-0.06354510454963247,0.0015287995338439941,-0.25738418102264404,-0.060994476513371865,0.1658743147885541,0.10049390263473004,0.049464125596996936,0.0,0.13051455493985345,0.07995087508532,0.03221463446663732,0.1413977586419385,0.1002812912636043,0.11091276222215957,3
0.042390137910842896,-0.05825066566467285,-0.004419923262105385,0.06951189041137695,-0.11756503582000732,-0.012029171423421303,0.09256669878959656,-0.16215473413467407,-0.023375019864545266,0.1061985194683075,-0.20834606885910034,-0.0346548151833872,0.027312055230140686,-0.1843981146812439,-0.0007921050096797444,0.05330631136894226,-0.2259630560874939,-0.025215963335142533,0.08667075634002686,-0.23686867952346802,-0.0447154421968321,0.11453127861022949,-0.23260021209716797,-0.054150566892133156,0.006764709949493408,-0.19294673204421997,-0.012800388471589486,0.005048036575317383,-0.280783474445343,-0.03182047648857633,0.03616246581077576,-0.3059636950492859,-0.04215426041315595,0.06474164128303528,-0.29900985956192017,-0.04550569920371572,-0.013477593660354614,-0.18104010820388794,-0.027991731153235833,-0.02634584903717041,-0.2657383680343628,-0.04737563847135107,0.003543451428413391,-0.29341405630111694,-0.052198052839742104,0.033907949924468994,-0.29088151454925537,-0.050891027287946144,-0.030488431453704834,-0.15587365627288818,-0.044265099303231636,-0.04605528712272644,-0.22376126050949097,-0.061272427873120705,-0.025074362754821777,-0.25444477796554565,-0.06354510454963247,0.0015287995338439941,-0.25738418102264404,-0.060994476513371865,0.1658743147885541,0.10049390263473004,0.049464125596996936,0.0,0.13051455493985345,0.07995087508532,0.03221463446663732,0.1413977586419385,0.1002812912636043,0.11091276222215957,3
0.042390137910842896,-0.05825066566467285,-0.004419923262105385,0.06951189041137695,-0.11756503582000732,-0.012029171423421303,0.09256669878959656,-0.16215473413467407,-0.023375019864545266,0.1061985194683075,-0.20834606885910034,-0.0346548151833872,0.027312055230140686,-0.1843981146812439,-0.0007921050096797444,0.05330631136894226,-0.2259630560874939,-0.025215963335142533,0.08667075634002686,-0.23686867952346802,-0.0447154421968321,0.11453127861022949,-0.23260021209716797,-0.054150566892133156,0.006764709949493408,-0.19294673204421997,-0.012800388471589486,0.005048036575317383,-0.280783474445343,-0.03182047648857633,0.03616246581077576,-0.3059636950492859,-0.04215426041315595,0.06474164128303528,-0.29900985956192017,-0.04550569920371572,-0.013477593660354614,-0.18104010820388794,-0.027991731153235833,-0.02634584903717041,-0.2657383680343628,-0.04737563847135107,0.003543451428413391,-0.29341405630111694,-0.052198052839742104,0.033907949924468994,-0.29088151454925537,-0.050891027287946144,-0.030488431453704834,-0.15587365627288818,-0.044265099303231636,-0.04605528712272644,-0.22376126050949097,-0.061272427873120705,-0.025074362754821777,-0.25444477796554565,-0.06354510454963247,0.0015287995338439941,-0.25738418102264404,-0.060994476513371865,0.1658743147885541,0.10049390263473004,0.049464125596996936,0.0,0.13051455493985345,0.07995087508532,0.03221463446663732,0.1413977586419385,0.1002812912636043,0.11091276222215957,3
0.042390137910842896,-0.05825066566467285,-0.004419923262105385,0.06951189041137695,-0.11756503582000732,-0.012029171423421303,0.09256669878959656,-0.16215473413467407,-0.023375019864545266,0.1061985194683075,-0.20834606885910034,-0.0346548151833872,0.027312055230140686,-0.1843981146812439,-0.0007921050096797444,0.05330631136894226,-0.2259630560874939,-0.025215963335142533,0.08667075634002686,-0.23686867952346802,-0.0447154421968321,0.11453127861022949,-0.23260021209716797,-0.054150566892133156,0.006764709949493408,-0.19294673204421997,-0.012800388471589486,0.005048036575317383,-0.280783474445343,-0.03182047648857633,0.03616246581077576,-0.3059636950492859,-0.04215426041315595,0.06474164128303528,-0.29900985956192017,-0.04550569920371572,-0.013477593660354614,-0.18104010820388794,-0.027991731153235833,-0.02634584903717041,-0.2657383680343628,-0.04737563847135107,0.003543451428413391,-0.29341405630111694,-0.052198052839742104,0.033907949924468994,-0.29088151454925537,-0.050891027287946144,-0.030488431453704834,-0.15587365627288818,-0.044265099303231636,-0.04605528712272644,-0.22376126050949097,-0.061272427873120705,-0.025074362754821777,-0.25444477796554565,-0.06354510454963247,0.0015287995338439941,-0.25738418102264404,-0.060994476513371865,0.1658743147885541,0.10049390263473004,0.049464125596996936,0.0,0.13051455493985345,0.07995087508532,0.03221463446663732,0.1413977586419385,0.1002812912636043,0.11091276222215957,3
0.042390137910842896,-0.05825066566467285,-0.004419923262105385,0.06951189041137695,-0.11756503582000732,-0.012029171423421303,0.09256669878959656,-0.16215473413467407,-0.023375019864545266,0.1061985194683075,-0.20834606885910034,-0.0346548151833872,0.027312055230140686,-0.1843981146812439,-0.0007921050096797444,0.05330631136894226,-0.2259630560874939,-0.025215963335142533,0.08667075634002686,-0.23686867952346802,-0.0447154421968321,0.11453127861022949,-0.23260021209716797,-0.054150566892133156,0.006764709949493408,-0.19294673204421997,-0.012800388471589486,0.005048036575317383,-0.280783474445343,-0.03182047648857633,0.03616246581077576,-0.3059636950492859,-0.04215426041315595,0.06474164128303528,-0.29900985956192017,-0.04550569920371572,-0.013477593660354614,-0.18104010820388794,-0.027991731153235833,-0.02634584903717041,-0.2657383680343628,-0.04737563847135107,0.003543451428413391,-0.29341405630111694,-0.052198052839742104,0.033907949924468994,-0.29088151454925537,-0.050891027287946144,-0.030488431453704834,-0.15587365627288818,-0.044265099303231636,-0.04605528712272644,-0.22376126050949097,-0.061272427873120705,-0.025074362754821777,-0.25444477796554565,-0.06354510454963247,0.0015287995338439941,-0.25738418102264404,-0.060994476513371865,0.1658743147885541,0.10049390263473004,0.049464125596996936,0.0,0.13051455493985345,0.07995087508532,0.03221463446663732,0.1413977586419385,0.1002812912636043,0.11091276222215957,3
0.042390137910842896,-0.05825066566467285,-0.004419923262105385,0.06951189041137695,-0.11756503582000732,-0.012029171423421303,0.09256669878959656,-0.16215473413467407,-0.023375019864545266,0.1061985194683075,-0.20834606885910034,-0.0346548151833872,0.027312055230140686,-0.1843981146812439,-0.0007921050096797444,0.05330631136894226,-0.2259630560874939,-0.025215963335142533,0.08667075634002686,-0.23686867952346802,-0.0447154421968321,0.11453127861022949,-0.23260021209716797,-0.054150566892133156,0.006764709949493408,-0.19294673204421997,-0.012800388471589486,0.005048036575317383,-0.280783474445343,-0.03182047648857633,0.03616246581077576,-0.3059636950492859,-0.04215426041315595,0.06474164128303528,-0.29900985956192017,-0.04550569920371572,-0.013477593660354614,-0.18104010820388794,-0.027991731153235833,-0.02634584903717041,-0.2657383680343628,-0.04737563847135107,0.003543451428413391,-0.29341405630111694,-0.052198052839742104,0.033907949924468994,-0.29088151454925537,-0.050891027287946144,-0.030488431453704834,-0.15587365627288818,-0.044265099303231636,-0.04605528712272644,-0.22376126050949097,-0.061272427873120705,-0.025074362754821777,-0.25444477796554565,-0.06354510454963247,0.0015287995338439941,-0.25738418102264404,-0.060994476513371865,0.1658743147885541,0.10049390263473004,0.049464125596996936,0.0,0.13051455493985345,0.07995087508532,0.03221463446663732,0.1413977586419385,0.1002812912636043,0.11091276222215957,3
0.042390137910842896,-0.05825066566467285,-0.004419923262105385,0.06951189041137695,-0.11756503582000732,-0.012029171423421303,0.09256669878959656,-0.16215473413467407,-0.023375019864545266,0.1061985194683075,-0.20834606885910034,-0.0346548151833872,0.027312055230140686,-0.1843981146812439,-0.0007921050096797444,0.05330631136894226,-0.2259630560874939,-0.025215963335142533,0.08667075634002686,-0.23686867952346802,-0.0447154421968321,0.11453127861022949,-0.23260021209716797,-0.054150566892133156,0.006764709949493408,-0.19294673204421997,-0.012800388471589486,0.005048036575317383,-0.280783474445343,-0.03182047648857633,0.03616246581077576,-0.3059636950492859,-0.04215426041315595,0.06474164128303528,-0.29900985956192017,-0.04550569920371572,-0.013477593660354614,-0.18104010820388794,-0.027991731153235833,-0.02634584903717041,-0.2657383680343628,-0.04737563847135107,0.003543451428413391,-0.29341405630111694,-0.052198052839742104,0.033907949924468994,-0.29088151454925537,-0.050891027287946144,-0.030488431453704834,-0.15587365627288818,-0.044265099303231636,-0.04605528712272644,-0.22376126050949097,-0.061272427873120705,-0.025074362754821777,-0.25444477796554565,-0.06354510454963247,0.0015287995338439941,-0.25738418102264404,-0.060994476513371865,0.1658743147885541,0.10049390263473004,0.049464125596996936,0.0,0.13051455493985345,0.07995087508532,0.03221463446663732,0.1413977586419385,0.1002812912636043,0.11091276222215957,3
0.042390137910842896,-0.05825066566467285,-0.004419923262105385,0.06951189041137695,-0.11756503582000732,-0.012029171423421303,0.09256669878959656,-0.16215473413467407,-0.023375019864545266,0.1061985194683075,-0.20834606885910034,-0.0346548151833872,0.027312055230140686,-0.1843981146812439,-0.0007921050096797444,0.05330631136894226,-0.2259630560874939,-0.025215963335142533,0.08667075634002686,-0.23686867952346802,-0.0447154421968321,0.11453127861022949,-0.23260021209716797,-0.054150566892133156,0.006764709949493408,-0.19294673204421997,-0.012800388471589486,0.005048036575317383,-0.280783474445343,-0.03182047648857633,0.03616246581077576,-0.3059636950492859,-0.04215426041315595,0.06474164128303528,-0.29900985956192017,-0.04550569920371572,-0.013477593660354614,-0.18104010820388794,-0.027991731153235833,-0.02634584903717041,-0.2657383680343628,-0.04737563847135107,0.003543451428413391,-0.29341405630111694,-0.052198052839742104,0.033907949924468994,-0.29088151454925537,-0.050891027287946144,-0.030488431453704834,-0.15587365627288818,-0.044265099303231636,-0.04605528712272644,-0.22376126050949097,-0.061272427873120705,-0.025074362754821777,-0.25444477796554565,-0.06354510454963247,0.0015287995338439941,-0.25738418102264404,-0.060994476513371865,0.1658743147885541,0.10049390263473004,0.049464125596996936,0.0,0.13051455493985345,0.07995087508532,0.03221463446663732,0.1413977586419385,0.1002812912636043,0.11091276222215957,3
0.042390137910842896,-0.05825066566467285,-0.004419923262105385,0.06951189041137695,-0.11756503582000732,-0.012029171423421303,0.09256669878959656,-0.16215473413467407,-0.023375019864545266,0.1061985194683075,-0.20834606885910034,-0.0346548151833872,0.027312055230140686,-0.1843981146812439,-0.0007921050096797444,0.05330631136894226,-0.2259630560874939,-0.025215963335142533,0.08667075634002686,-0.23686867952346802,-0.0447154421968321,0.11453127861022949,-0.23260021209716797,-0.054150566892133156,0.006764709949493408,-0.19294673204421997,-0.012800388471589486,0.005048036575317383,-0.280783474445343,-0.03182047648857633,0.03616246581077576,-0.3059636950492859,-0.04215426041315595,0.06474164128303528,-0.29900985956192017,-0.04550569920371572,-0.013477593660354614,-0.18104010820388794,-0.027991731153235833,-0.02634584903717041,-0.2657383680343628,-0.04737563847135107,0.003543451428413391,-0.29341405630111694,-0.052198052839742104,0.033907949924468994,-0.29088151454925537,-0.050891027287946144,-0.030488431453704834,-0.15587365627288818,-0.044265099303231636,-0.04605528712272644,-0.22376126050949097,-0.061272427873120705,-0.025074362754821777,-0.25444477796554565,-0.06354510454963247,0.0015287995338439941,-0.25738418102264404,-0.060994476513371865,0.1658743147885541,0.10049390263473004,0.049464125596996936,0.0,0.13051455493985345,0.07995087508532,0.03221463446663732,0.1413977586419385,0.1002812912636043,0.11091276222215957,3
0.042390137910842896,-0.05825066566467285,-0.004419923262105385,0.06951189041137695,-0.11756503582000732,-0.012029171423421303,0.09256669878959656,-0.16215473413467407,-0.023375019864545266,0.1061985194683075,-0.20834606885910034,-0.0346548151833872,0.027312055230140686,-0.1843981146812439,-0.0007921050096797444,0.05330631136894226,-0.2259630560874939,-0.025215963335142533,0.08667075634002686,-0.23686867952346802,-0.0447154421968321,0.11453127861022949,-0.23260021209716797,-0.054150566892133156,0.006764709949493408,-0.19294673204421997,-0.012800388471589486,0.005048036575317383,-0.280783474445343,-0.03182047648857633,0.03616246581077576,-0.3059636950492859,-0.04215426041315595,0.06474164128303528,-0.29900985956192017,-0.04550569920371572,-0.013477593660354614,-0.18104010820388794,-0.027991731153235833,-0.02634584903717041,-0.2657383680343628,-0.04737563847135107,0.003543451428413391,-0.29341405630111694,-0.052198052839742104,0.033907949924468994,-0.29088151454925537,-0.050891027287946144,-0.030488431453704834,-0.15587365627288818,-0.044265099303231636,-0.04605528712272644,-0.22376126050949097,-0.061272427873120705,-0.025074362754821777,-0.25444477796554565,-0.06354510454963247,0.0015287995338439941,-0.25738418102264404,-0.060994476513371865,0.1658743147885541,0.10049390263473004,0.049464125596996936,0.0,0.13051455493985345,0.07995087508532,0.03221463446663732,0.1413977586419385,0.1002812912636043,0.11091276222215957,3
0.042390137910842896,-0.05825066566467285,-0.004419923262105385,0.06951189041137695,-0.11756503582000732,-0.012029171423421303,0.09256669878959656,-0.16215473413467407,-0.023375019864545266,0.1061985194683075,-0.20834606885910034,-0.0346548151833872,0.027312055230140686,-0.1843981146812439,-0.0007921050096797444,0.05330631136894226,-0.2259630560874939,-0.025215963335142533,0.08667075634002686,-0.23686867952346802,-0.0447154421968321,0.11453127861022949,-0.23260021209716797,-0.054150566892133156,0.006764709949493408,-0.19294673204421997,-0.012800388471589486,0.005048036575317383,-0.280783474445343,-0.03182047648857633,0.03616246581077576,-0.3059636950492859,-0.04215426041315595,0.06474164128303528,-0.29900985956192017,-0.04550569920371572,-0.013477593660354614,-0.18104010820388794,-0.027991731153235833,-0.02634584903717041,-0.2657383680343628,-0.04737563847135107,0.003543451428413391,-0.29341405630111694,-0.052198052839742104,0.033907949924468994,-0.29088151454925537,-0.050891027287946144,-0.030488431453704834,-0.15587365627288818,-0.044265099303231636,-0.04605528712272644,-0.22376126050949097,-0.061272427873120705,-0.025074362754821777,-0.25444477796554565,-0.06354510454963247,0.0015287995338439941,-0.25738418102264404,-0.060994476513371865,0.1658743147885541,0.10049390263473004,0.049464125596996936,0.0,0.13051455493985345,0.07995087508532,0.03221463446663732,0.1413977586419385,0.1002812912636043,0.11091276222215957,3
0.042390137910842896,-0.05825066566467285,-0.004419923262105385,0.06951189041137695,-0.11756503582000732,-0.012029171423421303,0.09256669878959656,-0.16215473413467407,-0.023375019864545266,0.1061985194683075,-0.20834606885910034,-0.0346548151833872,0.027312055230140686,-0.1843981146812439,-0.0007921050096797444,0.05330631136894226,-0.2259630560874939,-0.025215963335142533,0.08667075634002686,-0.23686867952346802,-0.0447154421968321,0.11453127861022949,-0.23260021209716797,-0.054150566892133156,0.006764709949493408,-0.19294673204421997,-0.012800388471589486,0.005048036575317383,-0.280783474445343,-0.03182047648857633,0.03616246581077576,-0.3059636950492859,-0.04215426041315595,0.06474164128303528,-0.29900985956192017,-0.04550569920371572,-0.013477593660354614,-0.18104010820388794,-0.027991731153235833,-0.02634584903717041,-0.2657383680343628,-0.04737563847135107,0.003543451428413391,-0.29341405630111694,-0.052198052839742104,0.033907949924468994,-0.29088151454925537,-0.050891027287946144,-0.030488431453704834,-0.15587365627288818,-0.044265099303231636,-0.04605528712272644,-0.22376126050949097,-0.061272427873120705,-0.025074362754821777,-0.25444477796554565,-0.06354510454963247,0.0015287995338439941,-0.25738418102264404,-0.060994476513371865,0.1658743147885541,0.10049390263473004,0.049464125596996936,0.0,0.13051455493985345,0.07995087508532,0.03221463446663732,0.1413977586419385,0.1002812912636043,0.11091276222215957,3
0.042390137910842896,-0.05825066566467285,-0.004419923262105385,0.06951189041137695,-0.11756503582000732,-0.012029171423421303,0.09256669878959656,-0.16215473413467407,-0.023375019864545266,0.1061985194683075,-0.20834606885910034,-0.0346548151833872,0.027312055230140686,-0.1843981146812439,-0.0007921050096797444,0.05330631136894226,-0.2259630560874939,-0.025215963335142533,0.08667075634002686,-0.23686867952346802,-0.0447154421968321,0.11453127861022949,-0.23260021209716797,-0.054150566892133156,0.006764709949493408,-0.19294673204421997,-0.012800388471589486,0.005048036575317383,-0.280783474445343,-0.03182047648857633,0.03616246581077576,-0.3059636950492859,-0.04215426041315595,0.06474164128303528,-0.29900985956192017,-0.04550569920371572,-0.013477593660354614,-0.18104010820388794,-0.027991731153235833,-0.02634584903717041,-0.2657383680343628,-0.04737563847135107,0.003543451428413391,-0.29341405630111694,-0.052198052839742104,0.033907949924468994,-0.29088151454925537,-0.050891027287946144,-0.030488431453704834,-0.15587365627288818,-0.044265099303231636,-0.04605528712272644,-0.22376126050949097,-0.061272427873120705,-0.025074362754821777,-0.25444477796554565,-0.06354510454963247,0.0015287995338439941,-0.25738418102264404,-0.060994476513371865,0.1658743147885541,0.10049390263473004,0.049464125596996936,0.0,0.13051455493985345,0.07995087508532,0.03221463446663732,0.1413977586419385,0.1002812912636043,0.11091276222215957,3
0.042390137910842896,-0.05825066566467285,-0.004419923262105385,0.06951189041137695,-0.11756503582000732,-0.012029171423421303,0.09256669878959656,-0.16215473413467407,-0.023375019864545266,0.1061985194683075,-0.20834606885910034,-0.0346548151833872,0.027312055230140686,-0.1843981146812439,-0.0007921050096797444,0.05330631136894226,-0.2259630560874939,-0.025215963335142533,0.08667075634002686,-0.23686867952346802,-0.0447154421968321,0.11453127861022949,-0.23260021209716797,-0.054150566892133156,0.006764709949493408,-0.19294673204421997,-0.012800388471589486,0.005048036575317383,-0.280783474445343,-0.03182047648857633,0.03616246581077576,-0.3059636950492859,-0.04215426041315595,0.06474164128303528,-0.29900985956192017,-0.04550569920371572,-0.013477593660354614,-0.18104010820388794,-0.027991731153235833,-0.02634584903717041,-0.2657383680343628,-0.04737563847135107,0.003543451428413391,-0.29341405630111694,-0.052198052839742104,0.033907949924468994,-0.29088151454925537,-0.050891027287946144,-0.030488431453704834,-0.15587365627288818,-0.044265099303231636,-0.04605528712272644,-0.22376126050949097,-0.061272427873120705,-0.025074362754821777,-0.25444477796554565,-0.06354510454963247,0.0015287995338439941,-0.25738418102264404,-0.060994476513371865,0.1658743147885541,0.10049390263473004,0.049464125596996936,0.0,0.13051455493985345,0.07995087508532,0.03221463446663732,0.1413977586419385,0.1002812912636043,0.11091276222215957,3
0.042390137910842896,-0.05825066566467285,-0.004419923262105385,0.06951189041137695,-0.11756503582000732,-0.012029171423421303,0.09256669878959656,-0.16215473413467407,-0.023375019864545266,0.1061985194683075,-0.20834606885910034,-0.0346548151833872,0.027312055230140686,-0.1843981146812439,-0.0007921050096797444,0.05330631136894226,-0.2259630560874939,-0.025215963335142533,0.08667075634002686,-0.23686867952346802,-0.0447154421968321,0.11453127861022949,-0.23260021209716797,-0.054150566892133156,0.006764709949493408,-0.19294673204421997,-0.012800388471589486,0.005048036575317383,-0.280783474445343,-0.03182047648857633,0.03616246581077576,-0.3059636950492859,-0.04215426041315595,0.06474164128303528,-0.29900985956192017,-0.04550569920371572,-0.013477593660354614,-0.18104010820388794,-0.027991731153235833,-0.02634584903717041,-0.2657383680343628,-0.04737563847135107,0.003543451428413391,-0.29341405630111694,-0.052198052839742104,0.033907949924468994,-0.29088151454925537,-0.050891027287946144,-0.030488431453704834,-0.15587365627288818,-0.044265099303231636,-0.04605528712272644,-0.22376126050949097,-0.061272427873120705,-0.025074362754821777,-0.25444477796554565,-0.06354510454963247,0.0015287995338439941,-0.25738418102264404,-0.060994476513371865,0.1658743147885541,0.10049390263473004,0.049464125596996936,0.0,0.13051455493985345,0.07995087508532,0.03221463446663732,0.1413977586419385,0.1002812912636043,0.11091276222215957,3
0.042390137910842896,-0.05825066566467285,-0.004419923262105385,0.06951189041137695,-0.11756503582000732,-0.012029171423421303,0.09256669878959656,-0.16215473413467407,-0.023375019864545266,0.1061985194683075,-0.20834606885910034,-0.0346548151833872,0.027312055230140686,-0.1843981146812439,-0.0007921050096797444,0.05330631136894226,-0.2259630560874939,-0.025215963335142533,0.08667075634002686,-0.23686867952346802,-0.0447154421968321,0.11453127861022949,-0.23260021209716797,-0.054150566892133156,0.006764709949493408,-0.19294673204421997,-0.012800388471589486,0.005048036575317383,-0.280783474445343,-0.03182047648857633,0.03616246581077576,-0.3059636950492859,-0.04215426041315595,0.06474164128303528,-0.29900985956192017,-0.04550569920371572,-0.013477593660354614,-0.18104010820388794,-0.027991731153235833,-0.02634584903717041,-0.2657383680343628,-0.04737563847135107,0.003543451428413391,-0.29341405630111694,-0.052198052839742104,0.033907949924468994,-0.29088151454925537,-0.050891027287946144,-0.030488431453704834,-0.15587365627288818,-0.044265099303231636,-0.04605528712272644,-0.22376126050949097,-0.061272427873120705,-0.025074362754821777,-0.25444477796554565,-0.06354510454963247,0.0015287995338439941,-0.25738418102264404,-0.060994476513371865,0.1658743147885541,0.10049390263473004,0.049464125596996936,0.0,0.13051455493985345,0.07995087508532,0.03221463446663732,0.1413977586419385,0.1002812912636043,0.11091276222215957,3
0.042390137910842896,-0.05825066566467285,-0.004419923262105385,0.06951189041137695,-0.11756503582000732,-0.012029171423421303,0.09256669878959656,-0.16215473413467407,-0.023375019864545266,0.1061985194683075,-0.20834606885910034,-0.0346548151833872,0.027312055230140686,-0.1843981146812439,-0.0007921050096797444,0.05330631136894226,-0.2259630560874939,-0.025215963335142533,0.08667075634002686,-0.23686867952346802,-0.0447154421968321,0.11453127861022949,-0.23260021209716797,-0.054150566892133156,0.006764709949493408,-0.19294673204421997,-0.012800388471589486,0.005048036575317383,-0.280783474445343,-0.03182047648857633,0.03616246581077576,-0.3059636950492859,-0.04215426041315595,0.06474164128303528,-0.29900985956192017,-0.04550569920371572,-0.013477593660354614,-0.18104010820388794,-0.027991731153235833,-0.02634584903717041,-0.2657383680343628,-0.04737563847135107,0.003543451428413391,-0.29341405630111694,-0.052198052839742104,0.033907949924468994,-0.29088151454925537,-0.050891027287946144,-0.030488431453704834,-0.15587365627288818,-0.044265099303231636,-0.04605528712272644,-0.22376126050949097,-0.061272427873120705,-0.025074362754821777,-0.25444477796554565,-0.06354510454963247,0.0015287995338439941,-0.25738418102264404,-0.060994476513371865,0.1658743147885541,0.10049390263473004,0.049464125596996936,0.0,0.13051455493985345,0.07995087508532,0.03221463446663732,0.1413977586419385,0.1002812912636043,0.11091276222215957,3
0.042390137910842896,-0.05825066566467285,-0.004419923262105385,0.06951189041137695,-0.11756503582000732,-0.012029171423421303,0.09256669878959656,-0.16215473413467407,-0.023375019864545266,0.1061985194683075,-0.20834606885910034,-0.0346548151833872,0.027312055230140686,-0.1843981146812439,-0.0007921050096797444,0.05330631136894226,-0.2259630560874939,-0.025215963335142533,0.08667075634002686,-0.23686867952346802,-0.0447154421968321,0.11453127861022949,-0.23260021209716797,-0.054150566892133156,0.006764709949493408,-0.19294673204421997,-0.012800388471589486,0.005048036575317383,-0.280783474445343,-0.03182047648857633,0.03616246581077576,-0.3059636950492859,-0.04215426041315595,0.06474164128303528,-0.29900985956192017,-0.04550569920371572,-0.013477593660354614,-0.18104010820388794,-0.027991731153235833,-0.02634584903717041,-0.2657383680343628,-0.04737563847135107,0.003543451428413391,-0.29341405630111694,-0.052198052839742104,0.033907949924468994,-0.29088151454925537,-0.050891027287946144,-0.030488431453704834,-0.15587365627288818,-0.044265099303231636,-0.04605528712272644,-0.22376126050949097,-0.061272427873120705,-0.025074362754821777,-0.25444477796554565,-0.06354510454963247,0.0015287995338439941,-0.25738418102264404,-0.060994476513371865,0.1658743147885541,0.10049390263473004,0.049464125596996936,0.0,0.13051455493985345,0.07995087508532,0.03221463446663732,0.1413977586419385,0.1002812912636043,0.11091276222215957,3
0.042390137910842896,-0.05825066566467285,-0.004419923262105385,0.06951189041137695,-0.11756503582000732,-0.012029171423421303,0.09256669878959656,-0.16215473413467407,-0.023375019864545266,0.1061985194683075,-0.20834606885910034,-0.0346548151833872,0.027312055230140686,-0.1843981146812439,-0.0007921050096797444,0.05330631136894226,-0.2259630560874939,-0.025215963335142533,0.08667075634002686,-0.23686867952346802,-0.0447154421968321,0.11453127861022949,-0.23260021209716797,-0.054150566892133156,0.006764709949493408,-0.19294673204421997,-0.012800388471589486,0.005048036575317383,-0.280783474445343,-0.03182047648857633,0.03616246581077576,-0.3059636950492859,-0.04215426041315595,0.06474164128303528,-0.29900985956192017,-0.04550569920371572,-0.013477593660354614,-0.18104010820388794,-0.027991731153235833,-0.02634584903717041,-0.2657383680343628,-0.04737563847135107,0.003543451428413391,-0.29341405630111694,-0.052198052839742104,0.033907949924468994,-0.29088151454925537,-0.050891027287946144,-0.030488431453704834,-0.15587365627288818,-0.044265099303231636,-0.04605528712272644,-0.22376126050949097,-0.061272427873120705,-0.025074362754821777,-0.25444477796554565,-0.06354510454963247,0.0015287995338439941,-0.25738418102264404,-0.060994476513371865,0.1658743147885541,0.10049390263473004,0.049464125596996936,0.0,0.13051455493985345,0.07995087508532,0.03221463446663732,0.1413977586419385,0.1002812912636043,0.11091276222215957,3
0.042390137910842896,-0.05825066566467285,-0.004419923262105385,0.06951189041137695,-0.11756503582000732,-0.012029171423421303,0.09256669878959656,-0.16215473413467407,-0.023375019864545266,0.1061985194683075,-0.20834606885910034,-0.0346548151833872,0.027312055230140686,-0.1843981146812439,-0.0007921050096797444,0.05330631136894226,-0.2259630560874939,-0.025215963335142533,0.08667075634002686,-0.23686867952346802,-0.0447154421968321,0.11453127861022949,-0.23260021209716797,-0.054150566892133156,0.006764709949493408,-0.19294673204421997,-0.012800388471589486,0.005048036575317383,-0.280783474445343,-0.03182047648857633,0.03616246581077576,-0.3059636950492859,-0.04215426041315595,0.06474164128303528,-0.29900985956192017,-0.04550569920371572,-0.013477593660354614,-0.18104010820388794,-0.027991731153235833,-0.02634584903717041,-0.2657383680343628,-0.04737563847135107,0.003543451428413391,-0.29341405630111694,-0.052198052839742104,0.033907949924468994,-0.29088151454925537,-0.050891027287946144,-0.030488431453704834,-0.15587365627288818,-0.044265099303231636,-0.04605528712272644,-0.22376126050949097,-0.061272427873120705,-0.025074362754821777,-0.25444477796554565,-0.06354510454963247,0.0015287995338439941,-0.25738418102264404,-0.060994476513371865,0.1658743147885541,0.10049390263473004,0.049464125596996936,0.0,0.13051455493985345,0.07995087508532,0.03221463446663732,0.1413977586419385,0.1002812912636043,0.11091276222215957,3
0.042390137910842896,-0.05825066566467285,-0.004419923262105385,0.06951189041137695,-0.11756503582000732,-0.012029171423421303,0.09256669878959656,-0.16215473413467407,-0.023375019864545266,0.1061985194683075,-0.20834606885910034,-0.0346548151833872,0.027312055230140686,-0.1843981146812439,-0.0007921050096797444,0.05330631136894226,-0.2259630560874939,-0.025215963335142533,0.08667075634002686,-0.23686867952346802,-0.0447154421968321,0.11453127861022949,-0.23260021209716797,-0.054150566892133156,0.006764709949493408,-0.19294673204421997,-0.012800388471589486,0.005048036575317383,-0.280783474445343,-0.03182047648857633,0.03616246581077576,-0.3059636950492859,-0.04215426041315595,0.06474164128303528,-0.29900985956192017,-0.04550569920371572,-0.013477593660354614,-0.18104010820388794,-0.027991731153235833,-0.02634584903717041,-0.2657383680343628,-0.04737563847135107,0.003543451428413391,-0.29341405630111694,-0.052198052839742104,0.033907949924468994,-0.29088151454925537,-0.050891027287946144,-0.030488431453704834,-0.15587365627288818,-0.044265099303231636,-0.04605528712272644,-0.22376126050949097,-0.061272427873120705,-0.025074362754821777,-0.25444477796554565,-0.06354510454963247,0.0015287995338439941,-0.25738418102264404,-0.060994476513371865,0.1658743147885541,0.10049390263473004,0.049464125596996936,0.0,0.13051455493985345,0.07995087508532,0.03221463446663732,0.1413977586419385,0.1002812912636043,0.11091276222215957,3
0.042390137910842896,-0.05825066566467285,-0.004419923262105385,0.06951189041137695,-0.11756503582000732,-0.012029171423421303,0.09256669878959656,-0.16215473413467407,-0.023375019864545266,0.1061985194683075,-0.20834606885910034,-0.0346548151833872,0.027312055230140686,-0.1843981146812439,-0.0007921050096797444,0.05330631136894226,-0.2259630560874939,-0.025215963335142533,0.08667075634002686,-0.23686867952346802,-0.0447154421968321,0.11453127861022949,-0.23260021209716797,-0.054150566892133156,0.006764709949493408,-0.19294673204421997,-0.012800388471589486,0.005048036575317383,-0.280783474445343,-0.03182047648857633,0.03616246581077576,-0.3059636950492859,-0.04215426041315595,0.06474164128303528,-0.29900985956192017,-0.04550569920371572,-0.013477593660354614,-0.18104010820388794,-0.027991731153235833,-0.02634584903717041,-0.2657383680343628,-0.04737563847135107,0.003543451428413391,-0.29341405630111694,-0.052198052839742104,0.033907949924468994,-0.29088151454925537,-0.050891027287946144,-0.030488431453704834,-0.15587365627288818,-0.044265099303231636,-0.04605528712272644,-0.22376126050949097,-0.061272427873120705,-0.025074362754821777,-0.25444477796554565,-0.06354510454963247,0.0015287995338439941,-0.25738418102264404,-0.060994476513371865,0.1658743147885541,0.10049390263473004,0.049464125596996936,0.0,0.13051455493985345,0.07995087508532,0.03221463446663732,0.1413977586419385,0.1002812912636043,0.11091276222215957,3
0.042390137910842896,-0.05825066566467285,-0.004419923262105385,0.06951189041137695,-0.11756503582000732,-0.012029171423421303,0.09256669878959656,-0.16215473413467407,-0.023375019864545266,0.1061985194683075,-0.20834606885910034,-0.0346548151833872,0.027312055230140686,-0.1843981146812439,-0.0007921050096797444,0.05330631136894226,-0.2259630560874939,-0.025215963335142533,0.08667075634002686,-0.23686867952346802,-0.0447154421968321,0.11453127861022949,-0.23260021209716797,-0.054150566892133156,0.006764709949493408,-0.19294673204421997,-0.012800388471589486,0.005048036575317383,-0.280783474445343,-0.03182047648857633,0.03616246581077576,-0.3059636950492859,-0.04215426041315595,0.06474164128303528,-0.29900985956192017,-0.04550569920371572,-0.013477593660354614,-0.18104010820388794,-0.027991731153235833,-0.02634584903717041,-0.2657383680343628,-0.04737563847135107,0.003543451428413391,-0.29341405630111694,-0.052198052839742104,0.033907949924468994,-0.29088151454925537,-0.050891027287946144,-0.030488431453704834,-0.15587365627288818,-0.044265099303231636,-0.04605528712272644,-0.22376126050949097,-0.061272427873120705,-0.025074362754821777,-0.25444477796554565,-0.06354510454963247,0.0015287995338439941,-0.25738418102264404,-0.060994476513371865,0.1658743147885541,0.10049390263473004,0.049464125596996936,0.0,0.13051455493985345,0.07995087508532,0.03221463446663732,0.1413977586419385,0.1002812912636043,0.11091276222215957,3
0.042390137910842896,-0.05825066566467285,-0.004419923262105385,0.06951189041137695,-0.11756503582000732,-0.012029171423421303,0.09256669878959656,-0.16215473413467407,-0.023375019864545266,0.1061985194683075,-0.20834606885910034,-0.0346548151833872,0.027312055230140686,-0.1843981146812439,-0.0007921050096797444,0.05330631136894226,-0.2259630560874939,-0.025215963335142533,0.08667075634002686,-0.23686867952346802,-0.0447154421968321,0.11453127861022949,-0.23260021209716797,-0.054150566892133156,0.006764709949493408,-0.19294673204421997,-0.012800388471589486,0.005048036575317383,-0.280783474445343,-0.03182047648857633,0.03616246581077576,-0.3059636950492859,-0.04215426041315595,0.06474164128303528,-0.29900985956192017,-0.04550569920371572,-0.013477593660354614,-0.18104010820388794,-0.027991731153235833,-0.02634584903717041,-0.2657383680343628,-0.04737563847135107,0.003543451428413391,-0.29341405630111694,-0.052198052839742104,0.033907949924468994,-0.29088151454925537,-0.050891027287946144,-0.030488431453704834,-0.15587365627288818,-0.044265099303231636,-0.04605528712272644,-0.22376126050949097,-0.061272427873120705,-0.025074362754821777,-0.25444477796554565,-0.06354510454963247,0.0015287995338439941,-0.25738418102264404,-0.060994476513371865,0.1658743147885541,0.10049390263473004,0.049464125596996936,0.0,0.13051455493985345,0.07995087508532,0.03221463446663732,0.1413977586419385,0.1002812912636043,0.11091276222215957,3
0.042390137910842896,-0.05825066566467285,-0.004419923262105385,0.06951189041137695,-0.11756503582000732,-0.012029171423421303,0.09256669878959656,-0.16215473413467407,-0.023375019864545266,0.1061985194683075,-0.20834606885910034,-0.0346548151833872,0.027312055230140686,-0.1843981146812439,-0.0007921050096797444,0.05330631136894226,-0.2259630560874939,-0.025215963335142533,0.08667075634002686,-0.23686867952346802,-0.0447154421968321,0.11453127861022949,-0.23260021209716797,-0.054150566892133156,0.006764709949493408,-0.19294673204421997,-0.012800388471589486,0.005048036575317383,-0.280783474445343,-0.03182047648857633,0.03616246581077576,-0.3059636950492859,-0.04215426041315595,0.06474164128303528,-0.29900985956192017,-0.04550569920371572,-0.013477593660354614,-0.18104010820388794,-0.027991731153235833,-0.02634584903717041,-0.2657383680343628,-0.04737563847135107,0.003543451428413391,-0.29341405630111694,-0.052198052839742104,0.033907949924468994,-0.29088151454925537,-0.050891027287946144,-0.030488431453704834,-0.15587365627288818,-0.044265099303231636,-0.04605528712272644,-0.22376126050949097,-0.061272427873120705,-0.025074362754821777,-0.25444477796554565,-0.06354510454963247,0.0015287995338439941,-0.25738418102264404,-0.060994476513371865,0.1658743147885541,0.10049390263473004,0.049464125596996936,0.0,0.13051455493985345,0.07995087508532,0.03221463446663732,0.1413977586419385,0.1002812912636043,0.11091276222215957,3
0.042390137910842896,-0.05825066566467285,-0.004419923262105385,0.06951189041137695,-0.11756503582000732,-0.012029171423421303,0.09256669878959656,-0.16215473413467407,-0.023375019864545266,0.1061985194683075,-0.20834606885910034,-0.0346548151833872,0.027312055230140686,-0.1843981146812439,-0.0007921050096797444,0.05330631136894226,-0.2259630560874939,-0.025215963335142533,0.08667075634002686,-0.23686867952346802,-0.0447154421968321,0.11453127861022949,-0.23260021209716797,-0.054150566892133156,0.006764709949493408,-0.19294673204421997,-0.012800388471589486,0.005048036575317383,-0.280783474445343,-0.03182047648857633,0.03616246581077576,-0.3059636950492859,-0.04215426041315595,0.06474164128303528,-0.29900985956192017,-0.04550569920371572,-0.013477593660354614,-0.18104010820388794,-0.027991731153235833,-0.02634584903717041,-0.2657383680343628,-0.04737563847135107,0.003543451428413391,-0.29341405630111694,-0.052198052839742104,0.033907949924468994,-0.29088151454925537,-0.050891027287946144,-0.030488431453704834,-0.15587365627288818,-0.044265099303231636,-0.04605528712272644,-0.22376126050949097,-0.061272427873120705,-0.025074362754821777,-0.25444477796554565,-0.06354510454963247,0.0015287995338439941,-0.25738418102264404,-0.060994476513371865,0.1658743147885541,0.10049390263473004,0.049464125596996936,0.0,0.13051455493985345,0.07995087508532,0.03221463446663732,0.1413977586419385,0.1002812912636043,0.11091276222215957,3
0.042390137910842896,-0.05825066566467285,-0.004419923262105385,0.06951189041137695,-0.11756503582000732,-0.012029171423421303,0.09256669878959656,-0.16215473413467407,-0.023375019864545266,0.1061985194683075,-0.20834606885910034,-0.0346548151833872,0.027312055230140686,-0.1843981146812439,-0.0007921050096797444,0.05330631136894226,-0.2259630560874939,-0.025215963335142533,0.08667075634002686,-0.23686867952346802,-0.0447154421968321,0.11453127861022949,-0.23260021209716797,-0.054150566892133156,0.006764709949493408,-0.19294673204421997,-0.012800388471589486,0.005048036575317383,-0.280783474445343,-0.03182047648857633,0.03616246581077576,-0.3059636950492859,-0.04215426041315595,0.06474164128303528,-0.29900985956192017,-0.04550569920371572,-0.013477593660354614,-0.18104010820388794,-0.027991731153235833,-0.02634584903717041,-0.2657383680343628,-0.04737563847135107,0.003543451428413391,-0.29341405630111694,-0.052198052839742104,0.033907949924468994,-0.29088151454925537,-0.050891027287946144,-0.030488431453704834,-0.15587365627288818,-0.044265099303231636,-0.04605528712272644,-0.22376126050949097,-0.061272427873120705,-0.025074362754821777,-0.25444477796554565,-0.06354510454963247,0.0015287995338439941,-0.25738418102264404,-0.060994476513371865,0.1658743147885541,0.10049390263473004,0.049464125596996936,0.0,0.13051455493985345,0.07995087508532,0.03221463446663732,0.1413977586419385,0.1002812912636043,0.11091276222215957,3
0.042390137910842896,-0.05825066566467285,-0.004419923262105385,0.06951189041137695,-0.11756503582000732,-0.012029171423421303,0.09256669878959656,-0.16215473413467407,-0.023375019864545266,0.1061985194683075,-0.20834606885910034,-0.0346548151833872,0.027312055230140686,-0.1843981146812439,-0.0007921050096797444,0.05330631136894226,-0.2259630560874939,-0.025215963335142533,0.08667075634002686,-0.23686867952346802,-0.0447154421968321,0.11453127861022949,-0.23260021209716797,-0.054150566892133156,0.006764709949493408,-0.19294673204421997,-0.012800388471589486,0.005048036575317383,-0.280783474445343,-0.03182047648857633,0.03616246581077576,-0.3059636950492859,-0.04215426041315595,0.06474164128303528,-0.29900985956192017,-0.04550569920371572,-0.013477593660354614,-0.18104010820388794,-0.027991731153235833,-0.02634584903717041,-0.2657383680343628,-0.04737563847135107,0.003543451428413391,-0.29341405630111694,-0.052198052839742104,0.033907949924468994,-0.29088151454925537,-0.050891027287946144,-0.030488431453704834,-0.15587365627288818,-0.044265099303231636,-0.04605528712272644,-0.22376126050949097,-0.061272427873120705,-0.025074362754821777,-0.25444477796554565,-0.06354510454963247,0.0015287995338439941,-0.25738418102264404,-0.060994476513371865,0.1658743147885541,0.10049390263473004,0.049464125596996936,0.0,0.13051455493985345,0.07995087508532,0.03221463446663732,0.1413977586419385,0.1002812912636043,0.11091276222215957,3
0.042390137910842896,-0.05825066566467285,-0.004419923262105385,0.06951189041137695,-0.11756503582000732,-0.012029171423421303,0.09256669878959656,-0.16215473413467407,-0.023375019864545266,0.1061985194683075,-0.20834606885910034,-0.0346548151833872,0.027312055230140686,-0.1843981146812439,-0.0007921050096797444,0.05330631136894226,-0.2259630560874939,-0.025215963335142533,0.08667075634002686,-0.23686867952346802,-0.0447154421968321,0.11453127861022949,-0.23260021209716797,-0.054150566892133156,0.006764709949493408,-0.19294673204421997,-0.012800388471589486,0.005048036575317383,-0.280783474445343,-0.03182047648857633,0.03616246581077576,-0.3059636950492859,-0.04215426041315595,0.06474164128303528,-0.29900985956192017,-0.04550569920371572,-0.013477593660354614,-0.18104010820388794,-0.027991731153235833,-0.02634584903717041,-0.2657383680343628,-0.04737563847135107,0.003543451428413391,-0.29341405630111694,-0.052198052839742104,0.033907949924468994,-0.29088151454925537,-0.050891027287946144,-0.030488431453704834,-0.15587365627288818,-0.044265099303231636,-0.04605528712272644,-0.22376126050949097,-0.061272427873120705,-0.025074362754821777,-0.25444477796554565,-0.06354510454963247,0.0015287995338439941,-0.25738418102264404,-0.060994476513371865,0.1658743147885541,0.10049390263473004,0.049464125596996936,0.0,0.13051455493985345,0.07995087508532,0.03221463446663732,0.1413977586419385,0.1002812912636043,0.11091276222215957,3
0.042390137910842896,-0.05825066566467285,-0.004419923262105385,0.06951189041137695,-0.11756503582000732,-0.012029171423421303,0.09256669878959656,-0.16215473413467407,-0.023375019864545266,0.1061985194683075,-0.20834606885910034,-0.0346548151833872,0.027312055230140686,-0.1843981146812439,-0.0007921050096797444,0.05330631136894226,-0.2259630560874939,-0.025215963335142533,0.08667075634002686,-0.23686867952346802,-0.0447154421968321,0.11453127861022949,-0.23260021209716797,-0.054150566892133156,0.006764709949493408,-0.19294673204421997,-0.012800388471589486,0.005048036575317383,-0.280783474445343,-0.03182047648857633,0.03616246581077576,-0.3059636950492859,-0.04215426041315595,0.06474164128303528,-0.29900985956192017,-0.04550569920371572,-0.013477593660354614,-0.18104010820388794,-0.027991731153235833,-0.02634584903717041,-0.2657383680343628,-0.04737563847135107,0.003543451428413391,-0.29341405630111694,-0.052198052839742104,0.033907949924468994,-0.29088151454925537,-0.050891027287946144,-0.030488431453704834,-0.15587365627288818,-0.044265099303231636,-0.04605528712272644,-0.22376126050949097,-0.061272427873120705,-0.025074362754821777,-0.25444477796554565,-0.06354510454963247,0.0015287995338439941,-0.25738418102264404,-0.060994476513371865,0.1658743147885541,0.10049390263473004,0.049464125596996936,0.0,0.13051455493985345,0.07995087508532,0.03221463446663732,0.1413977586419385,0.1002812912636043,0.11091276222215957,3
0.042390137910842896,-0.05825066566467285,-0.004419923262105385,0.06951189041137695,-0.11756503582000732,-0.012029171423421303,0.09256669878959656,-0.16215473413467407,-0.023375019864545266,0.1061985194683075,-0.20834606885910034,-0.0346548151833872,0.027312055230140686,-0.1843981146812439,-0.0007921050096797444,0.05330631136894226,-0.2259630560874939,-0.025215963335142533,0.08667075634002686,-0.23686867952346802,-0.0447154421968321,0.11453127861022949,-0.23260021209716797,-0.054150566892133156,0.006764709949493408,-0.19294673204421997,-0.012800388471589486,0.005048036575317383,-0.280783474445343,-0.03182047648857633,0.03616246581077576,-0.3059636950492859,-0.04215426041315595,0.06474164128303528,-0.29900985956192017,-0.04550569920371572,-0.013477593660354614,-0.18104010820388794,-0.027991731153235833,-0.02634584903717041,-0.2657383680343628,-0.04737563847135107,0.003543451428413391,-0.29341405630111694,-0.052198052839742104,0.033907949924468994,-0.29088151454925537,-0.050891027287946144,-0.030488431453704834,-0.15587365627288818,-0.044265099303231636,-0.04605528712272644,-0.22376126050949097,-0.061272427873120705,-0.025074362754821777,-0.25444477796554565,-0.06354510454963247,0.0015287995338439941,-0.25738418102264404,-0.060994476513371865,0.1658743147885541,0.10049390263473004,0.049464125596996936,0.0,0.13051455493985345,0.07995087508532,0.03221463446663732,0.1413977586419385,0.1002812912636043,0.11091276222215957,3
0.042390137910842896,-0.05825066566467285,-0.004419923262105385,0.06951189041137695,-0.11756503582000732,-0.012029171423421303,0.09256669878959656,-0.16215473413467407,-0.023375019864545266,0.1061985194683075,-0.20834606885910034,-0.0346548151833872,0.027312055230140686,-0.1843981146812439,-0.0007921050096797444,0.05330631136894226,-0.2259630560874939,-0.025215963335142533,0.08667075634002686,-0.23686867952346802,-0.0447154421968321,0.11453127861022949,-0.23260021209716797,-0.054150566892133156,0.006764709949493408,-0.19294673204421997,-0.012800388471589486,0.005048036575317383,-0.280783474445343,-0.03182047648857633,0.03616246581077576,-0.3059636950492859,-0.04215426041315595,0.06474164128303528,-0.29900985956192017,-0.04550569920371572,-0.013477593660354614,-0.18104010820388794,-0.027991731153235833,-0.02634584903717041,-0.2657383680343628,-0.04737563847135107,0.003543451428413391,-0.29341405630111694,-0.052198052839742104,0.033907949924468994,-0.29088151454925537,-0.050891027287946144,-0.030488431453704834,-0.15587365627288818,-0.044265099303231636,-0.04605528712272644,-0.22376126050949097,-0.061272427873120705,-0.025074362754821777,-0.25444477796554565,-0.06354510454963247,0.0015287995338439941,-0.25738418102264404,-0.060994476513371865,0.1658743147885541,0.10049390263473004,0.049464125596996936,0.0,0.13051455493985345,0.07995087508532,0.03221463446663732,0.1413977586419385,0.1002812912636043,0.11091276222215957,3
0.042390137910842896,-0.05825066566467285,-0.004419923262105385,0.06951189041137695,-0.11756503582000732,-0.012029171423421303,0.09256669878959656,-0.16215473413467407,-0.023375019864545266,0.1061985194683075,-0.20834606885910034,-0.0346548151833872,0.027312055230140686,-0.1843981146812439,-0.0007921050096797444,0.05330631136894226,-0.2259630560874939,-0.025215963335142533,0.08667075634002686,-0.23686867952346802,-0.0447154421968321,0.11453127861022949,-0.23260021209716797,-0.054150566892133156,0.006764709949493408,-0.19294673204421997,-0.012800388471589486,0.005048036575317383,-0.280783474445343,-0.03182047648857633,0.03616246581077576,-0.3059636950492859,-0.04215426041315595,0.06474164128303528,-0.29900985956192017,-0.04550569920371572,-0.013477593660354614,-0.18104010820388794,-0.027991731153235833,-0.02634584903717041,-0.2657383680343628,-0.04737563847135107,0.003543451428413391,-0.29341405630111694,-0.052198052839742104,0.033907949924468994,-0.29088151454925537,-0.050891027287946144,-0.030488431453704834,-0.15587365627288818,-0.044265099303231636,-0.04605528712272644,-0.22376126050949097,-0.061272427873120705,-0.025074362754821777,-0.25444477796554565,-0.06354510454963247,0.0015287995338439941,-0.25738418102264404,-0.060994476513371865,0.1658743147885541,0.10049390263473004,0.049464125596996936,0.0,0.13051455493985345,0.07995087508532,0.03221463446663732,0.1413977586419385,0.1002812912636043,0.11091276222215957,3
0.042390137910842896,-0.05825066566467285,-0.004419923262105385,0.06951189041137695,-0.11756503582000732,-0.012029171423421303,0.09256669878959656,-0.16215473413467407,-0.023375019864545266,0.1061985194683075,-0.20834606885910034,-0.0346548151833872,0.027312055230140686,-0.1843981146812439,-0.0007921050096797444,0.05330631136894226,-0.2259630560874939,-0.025215963335142533,0.08667075634002686,-0.23686867952346802,-0.0447154421968321,0.11453127861022949,-0.23260021209716797,-0.054150566892133156,0.006764709949493408,-0.19294673204421997,-0.012800388471589486,0.005048036575317383,-0.280783474445343,-0.03182047648857633,0.03616246581077576,-0.3059636950492859,-0.04215426041315595,0.06474164128303528,-0.29900985956192017,-0.04550569920371572,-0.013477593660354614,-0.18104010820388794,-0.027991731153235833,-0.02634584903717041,-0.2657383680343628,-0.04737563847135107,0.003543451428413391,-0.29341405630111694,-0.052198052839742104,0.033907949924468994,-0.29088151454925537,-0.050891027287946144,-0.030488431453704834,-0.15587365627288818,-0.044265099303231636,-0.04605528712272644,-0.22376126050949097,-0.061272427873120705,-0.025074362754821777,-0.25444477796554565,-0.06354510454963247,0.0015287995338439941,-0.25738418102264404,-0.060994476513371865,0.1658743147885541,0.10049390263473004,0.049464125596996936,0.0,0.13051455493985345,0.07995087508532,0.03221463446663732,0.1413977586419385,0.1002812912636043,0.11091276222215957,3
0.042390137910842896,-0.05825066566467285,-0.004419923262105385,0.06951189041137695,-0.11756503582000732,-0.012029171423421303,0.09256669878959656,-0.16215473413467407,-0.023375019864545266,0.1061985194683075,-0.20834606885910034,-0.0346548151833872,0.027312055230140686,-0.1843981146812439,-0.0007921050096797444,0.05330631136894226,-0.2259630560874939,-0.025215963335142533,0.08667075634002686,-0.23686867952346802,-0.0447154421968321,0.11453127861022949,-0.23260021209716797,-0.054150566892133156,0.006764709949493408,-0.19294673204421997,-0.012800388471589486,0.005048036575317383,-0.280783474445343,-0.03182047648857633,0.03616246581077576,-0.3059636950492859,-0.04215426041315595,0.06474164128303528,-0.29900985956192017,-0.04550569920371572,-0.013477593660354614,-0.18104010820388794,-0.027991731153235833,-0.02634584903717041,-0.2657383680343628,-0.04737563847135107,0.003543451428413391,-0.29341405630111694,-0.052198052839742104,0.033907949924468994,-0.29088151454925537,-0.050891027287946144,-0.030488431453704834,-0.15587365627288818,-0.044265099303231636,-0.04605528712272644,-0.22376126050949097,-0.061272427873120705,-0.025074362754821777,-0.25444477796554565,-0.06354510454963247,0.0015287995338439941,-0.25738418102264404,-0.060994476513371865,0.1658743147885541,0.10049390263473004,0.049464125596996936,0.0,0.13051455493985345,0.07995087508532,0.03221463446663732,0.1413977586419385,0.1002812912636043,0.11091276222215957,3
0.042390137910842896,-0.05825066566467285,-0.004419923262105385,0.06951189041137695,-0.11756503582000732,-0.012029171423421303,0.09256669878959656,-0.16215473413467407,-0.023375019864545266,0.1061985194683075,-0.20834606885910034,-0.0346548151833872,0.027312055230140686,-0.1843981146812439,-0.0007921050096797444,0.05330631136894226,-0.2259630560874939,-0.025215963335142533,0.08667075634002686,-0.23686867952346802,-0.0447154421968321,0.11453127861022949,-0.23260021209716797,-0.054150566892133156,0.006764709949493408,-0.19294673204421997,-0.012800388471589486,0.005048036575317383,-0.280783474445343,-0.03182047648857633,0.03616246581077576,-0.3059636950492859,-0.04215426041315595,0.06474164128303528,-0.29900985956192017,-0.04550569920371572,-0.013477593660354614,-0.18104010820388794,-0.027991731153235833,-0.02634584903717041,-0.2657383680343628,-0.04737563847135107,0.003543451428413391,-0.29341405630111694,-0.052198052839742104,0.033907949924468994,-0.29088151454925537,-0.050891027287946144,-0.030488431453704834,-0.15587365627288818,-0.044265099303231636,-0.04605528712272644,-0.22376126050949097,-0.061272427873120705,-0.025074362754821777,-0.25444477796554565,-0.06354510454963247,0.0015287995338439941,-0.25738418102264404,-0.060994476513371865,0.1658743147885541,0.10049390263473004,0.049464125596996936,0.0,0.13051455493985345,0.07995087508532,0.03221463446663732,0.1413977586419385,0.1002812912636043,0.11091276222215957,3
0.042390137910842896,-0.05825066566467285,-0.004419923262105385,0.06951189041137695,-0.11756503582000732,-0.012029171423421303,0.09256669878959656,-0.16215473413467407,-0.023375019864545266,0.1061985194683075,-0.20834606885910034,-0.0346548151833872,0.027312055230140686,-0.1843981146812439,-0.0007921050096797444,0.05330631136894226,-0.2259630560874939,-0.025215963335142533,0.08667075634002686,-0.23686867952346802,-0.0447154421968321,0.11453127861022949,-0.23260021209716797,-0.054150566892133156,0.006764709949493408,-0.19294673204421997,-0.012800388471589486,0.005048036575317383,-0.280783474445343,-0.03182047648857633,0.03616246581077576,-0.3059636950492859,-0.04215426041315595,0.06474164128303528,-0.29900985956192017,-0.04550569920371572,-0.013477593660354614,-0.18104010820388794,-0.027991731153235833,-0.02634584903717041,-0.2657383680343628,-0.04737563847135107,0.003543451428413391,-0.29341405630111694,-0.052198052839742104,0.033907949924468994,-0.29088151454925537,-0.050891027287946144,-0.030488431453704834,-0.15587365627288818,-0.044265099303231636,-0.04605528712272644,-0.22376126050949097,-0.061272427873120705,-0.025074362754821777,-0.25444477796554565,-0.06354510454963247,0.0015287995338439941,-0.25738418102264404,-0.060994476513371865,0.1658743147885541,0.10049390263473004,0.049464125596996936,0.0,0.13051455493985345,0.07995087508532,0.03221463446663732,0.1413977586419385,0.1002812912636043,0.11091276222215957,3
0.042390137910842896,-0.05825066566467285,-0.004419923262105385,0.06951189041137695,-0.11756503582000732,-0.012029171423421303,0.09256669878959656,-0.16215473413467407,-0.023375019864545266,0.1061985194683075,-0.20834606885910034,-0.0346548151833872,0.027312055230140686,-0.1843981146812439,-0.0007921050096797444,0.05330631136894226,-0.2259630560874939,-0.025215963335142533,0.08667075634002686,-0.23686867952346802,-0.0447154421968321,0.11453127861022949,-0.23260021209716797,-0.054150566892133156,0.006764709949493408,-0.19294673204421997,-0.012800388471589486,0.005048036575317383,-0.280783474445343,-0.03182047648857633,0.03616246581077576,-0.3059636950492859,-0.04215426041315595,0.06474164128303528,-0.29900985956192017,-0.04550569920371572,-0.013477593660354614,-0.18104010820388794,-0.027991731153235833,-0.02634584903717041,-0.2657383680343628,-0.04737563847135107,0.003543451428413391,-0.29341405630111694,-0.052198052839742104,0.033907949924468994,-0.29088151454925537,-0.050891027287946144,-0.030488431453704834,-0.15587365627288818,-0.044265099303231636,-0.04605528712272644,-0.22376126050949097,-0.061272427873120705,-0.025074362754821777,-0.25444477796554565,-0.06354510454963247,0.0015287995338439941,-0.25738418102264404,-0.060994476513371865,0.1658743147885541,0.10049390263473004,0.049464125596996936,0.0,0.13051455493985345,0.07995087508532,0.03221463446663732,0.1413977586419385,0.1002812912636043,0.11091276222215957,3
0.042390137910842896,-0.05825066566467285,-0.004419923262105385,0.06951189041137695,-0.11756503582000732,-0.012029171423421303,0.09256669878959656,-0.16215473413467407,-0.023375019864545266,0.1061985194683075,-0.20834606885910034,-0.0346548151833872,0.027312055230140686,-0.1843981146812439,-0.0007921050096797444,0.05330631136894226,-0.2259630560874939,-0.025215963335142533,0.08667075634002686,-0.23686867952346802,-0.0447154421968321,0.11453127861022949,-0.23260021209716797,-0.054150566892133156,0.006764709949493408,-0.19294673204421997,-0.012800388471589486,0.005048036575317383,-0.280783474445343,-0.03182047648857633,0.03616246581077576,-0.3059636950492859,-0.04215426041315595,0.06474164128303528,-0.29900985956192017,-0.04550569920371572,-0.013477593660354614,-0.18104010820388794,-0.027991731153235833,-0.02634584903717041,-0.2657383680343628,-0.04737563847135107,0.003543451428413391,-0.29341405630111694,-0.052198052839742104,0.033907949924468994,-0.29088151454925537,-0.050891027287946144,-0.030488431453704834,-0.15587365627288818,-0.044265099303231636,-0.04605528712272644,-0.22376126050949097,-0.061272427873120705,-0.025074362754821777,-0.25444477796554565,-0.06354510454963247,0.0015287995338439941,-0.25738418102264404,-0.060994476513371865,0.1658743147885541,0.10049390263473004,0.049464125596996936,0.0,0.13051455493985345,0.07995087508532,0.03221463446663732,0.1413977586419385,0.1002812912636043,0.11091276222215957,3
0.042390137910842896,-0.05825066566467285,-0.004419923262105385,0.06951189041137695,-0.11756503582000732,-0.012029171423421303,0.09256669878959656,-0.16215473413467407,-0.023375019864545266,0.1061985194683075,-0.20834606885910034,-0.0346548151833872,0.027312055230140686,-0.1843981146812439,-0.0007921050096797444,0.05330631136894226,-0.2259630560874939,-0.025215963335142533,0.08667075634002686,-0.23686867952346802,-0.0447154421968321,0.11453127861022949,-0.23260021209716797,-0.054150566892133156,0.006764709949493408,-0.19294673204421997,-0.012800388471589486,0.005048036575317383,-0.280783474445343,-0.03182047648857633,0.03616246581077576,-0.3059636950492859,-0.04215426041315595,0.06474164128303528,-0.29900985956192017,-0.04550569920371572,-0.013477593660354614,-0.18104010820388794,-0.027991731153235833,-0.02634584903717041,-0.2657383680343628,-0.04737563847135107,0.003543451428413391,-0.29341405630111694,-0.052198052839742104,0.033907949924468994,-0.29088151454925537,-0.050891027287946144,-0.030488431453704834,-0.15587365627288818,-0.044265099303231636,-0.04605528712272644,-0.22376126050949097,-0.061272427873120705,-0.025074362754821777,-0.25444477796554565,-0.06354510454963247,0.0015287995338439941,-0.25738418102264404,-0.060994476513371865,0.1658743147885541,0.10049390263473004,0.049464125596996936,0.0,0.13051455493985345,0.07995087508532,0.03221463446663732,0.1413977586419385,0.1002812912636043,0.11091276222215957,3
0.042390137910842896,-0.05825066566467285,-0.004419923262105385,0.06951189041137695,-0.11756503582000732,-0.012029171423421303,0.09256669878959656,-0.16215473413467407,-0.023375019864545266,0.1061985194683075,-0.20834606885910034,-0.0346548151833872,0.027312055230140686,-0.1843981146812439,-0.0007921050096797444,0.05330631136894226,-0.2259630560874939,-0.025215963335142533,0.08667075634002686,-0.23686867952346802,-0.0447154421968321,0.11453127861022949,-0.23260021209716797,-0.054150566892133156,0.006764709949493408,-0.19294673204421997,-0.012800388471589486,0.005048036575317383,-0.280783474445343,-0.03182047648857633,0.03616246581077576,-0.3059636950492859,-0.04215426041315595,0.06474164128303528,-0.29900985956192017,-0.04550569920371572,-0.013477593660354614,-0.18104010820388794,-0.027991731153235833,-0.02634584903717041,-0.2657383680343628,-0.04737563847135107,0.003543451428413391,-0.29341405630111694,-0.052198052839742104,0.033907949924468994,-0.29088151454925537,-0.050891027287946144,-0.030488431453704834,-0.15587365627288818,-0.044265099303231636,-0.04605528712272644,-0.22376126050949097,-0.061272427873120705,-0.025074362754821777,-0.25444477796554565,-0.06354510454963247,0.0015287995338439941,-0.25738418102264404,-0.060994476513371865,0.1658743147885541,0.10049390263473004,0.049464125596996936,0.0,0.13051455493985345,0.07995087508532,0.03221463446663732,0.1413977586419385,0.1002812912636043,0.11091276222215957,3
0.042390137910842896,-0.05825066566467285,-0.004419923262105385,0.06951189041137695,-0.11756503582000732,-0.012029171423421303,0.09256669878959656,-0.16215473413467407,-0.023375019864545266,0.1061985194683075,-0.20834606885910034,-0.0346548151833872,0.027312055230140686,-0.1843981146812439,-0.0007921050096797444,0.05330631136894226,-0.2259630560874939,-0.025215963335142533,0.08667075634002686,-0.23686867952346802,-0.0447154421968321,0.11453127861022949,-0.23260021209716797,-0.054150566892133156,0.006764709949493408,-0.19294673204421997,-0.012800388471589486,0.005048036575317383,-0.280783474445343,-0.03182047648857633,0.03616246581077576,-0.3059636950492859,-0.04215426041315595,0.06474164128303528,-0.29900985956192017,-0.04550569920371572,-0.013477593660354614,-0.18104010820388794,-0.027991731153235833,-0.02634584903717041,-0.2657383680343628,-0.04737563847135107,0.003543451428413391,-0.29341405630111694,-0.052198052839742104,0.033907949924468994,-0.29088151454925537,-0.050891027287946144,-0.030488431453704834,-0.15587365627288818,-0.044265099303231636,-0.04605528712272644,-0.22376126050949097,-0.061272427873120705,-0.025074362754821777,-0.25444477796554565,-0.06354510454963247,0.0015287995338439941,-0.25738418102264404,-0.060994476513371865,0.1658743147885541,0.10049390263473004,0.049464125596996936,0.0,0.13051455493985345,0.07995087508532,0.03221463446663732,0.1413977586419385,0.1002812912636043,0.11091276222215957,3
0.042390137910842896,-0.05825066566467285,-0.004419923262105385,0.06951189041137695,-0.11756503582000732,-0.012029171423421303,0.09256669878959656,-0.16215473413467407,-0.023375019864545266,0.1061985194683075,-0.20834606885910034,-0.0346548151833872,0.027312055230140686,-0.1843981146812439,-0.0007921050096797444,0.05330631136894226,-0.2259630560874939,-0.025215963335142533,0.08667075634002686,-0.23686867952346802,-0.0447154421968321,0.11453127861022949,-0.23260021209716797,-0.054150566892133156,0.006764709949493408,-0.19294673204421997,-0.012800388471589486,0.005048036575317383,-0.280783474445343,-0.03182047648857633,0.03616246581077576,-0.3059636950492859,-0.04215426041315595,0.06474164128303528,-0.29900985956192017,-0.04550569920371572,-0.013477593660354614,-0.18104010820388794,-0.027991731153235833,-0.02634584903717041,-0.2657383680343628,-0.04737563847135107,0.003543451428413391,-0.29341405630111694,-0.052198052839742104,0.033907949924468994,-0.29088151454925537,-0.050891027287946144,-0.030488431453704834,-0.15587365627288818,-0.044265099303231636,-0.04605528712272644,-0.22376126050949097,-0.061272427873120705,-0.025074362754821777,-0.25444477796554565,-0.06354510454963247,0.0015287995338439941,-0.25738418102264404,-0.060994476513371865,0.1658743147885541,0.10049390263473004,0.049464125596996936,0.0,0.13051455493985345,0.07995087508532,0.03221463446663732,0.1413977586419385,0.1002812912636043,0.11091276222215957,3
0.042390137910842896,-0.05825066566467285,-0.004419923262105385,0.06951189041137695,-0.11756503582000732,-0.012029171423421303,0.09256669878959656,-0.16215473413467407,-0.023375019864545266,0.1061985194683075,-0.20834606885910034,-0.0346548151833872,0.027312055230140686,-0.1843981146812439,-0.0007921050096797444,0.05330631136894226,-0.2259630560874939,-0.025215963335142533,0.08667075634002686,-0.23686867952346802,-0.0447154421968321,0.11453127861022949,-0.23260021209716797,-0.054150566892133156,0.006764709949493408,-0.19294673204421997,-0.012800388471589486,0.005048036575317383,-0.280783474445343,-0.03182047648857633,0.03616246581077576,-0.3059636950492859,-0.04215426041315595,0.06474164128303528,-0.29900985956192017,-0.04550569920371572,-0.013477593660354614,-0.18104010820388794,-0.027991731153235833,-0.02634584903717041,-0.2657383680343628,-0.04737563847135107,0.003543451428413391,-0.29341405630111694,-0.052198052839742104,0.033907949924468994,-0.29088151454925537,-0.050891027287946144,-0.030488431453704834,-0.15587365627288818,-0.044265099303231636,-0.04605528712272644,-0.22376126050949097,-0.061272427873120705,-0.025074362754821777,-0.25444477796554565,-0.06354510454963247,0.0015287995338439941,-0.25738418102264404,-0.060994476513371865,0.1658743147885541,0.10049390263473004,0.049464125596996936,0.0,0.13051455493985345,0.07995087508532,0.03221463446663732,0.1413977586419385,0.1002812912636043,0.11091276222215957,3
0.042390137910842896,-0.05825066566467285,-0.004419923262105385,0.06951189041137695,-0.11756503582000732,-0.012029171423421303,0.09256669878959656,-0.16215473413467407,-0.023375019864545266,0.1061985194683075,-0.20834606885910034,-0.0346548151833872,0.027312055230140686,-0.1843981146812439,-0.0007921050096797444,0.05330631136894226,-0.2259630560874939,-0.025215963335142533,0.08667075634002686,-0.23686867952346802,-0.0447154421968321,0.11453127861022949,-0.23260021209716797,-0.054150566892133156,0.006764709949493408,-0.19294673204421997,-0.012800388471589486,0.005048036575317383,-0.280783474445343,-0.03182047648857633,0.03616246581077576,-0.3059636950492859,-0.04215426041315595,0.06474164128303528,-0.29900985956192017,-0.04550569920371572,-0.013477593660354614,-0.18104010820388794,-0.027991731153235833,-0.02634584903717041,-0.2657383680343628,-0.04737563847135107,0.003543451428413391,-0.29341405630111694,-0.052198052839742104,0.033907949924468994,-0.29088151454925537,-0.050891027287946144,-0.030488431453704834,-0.15587365627288818,-0.044265099303231636,-0.04605528712272644,-0.22376126050949097,-0.061272427873120705,-0.025074362754821777,-0.25444477796554565,-0.06354510454963247,0.0015287995338439941,-0.25738418102264404,-0.060994476513371865,0.1658743147885541,0.10049390263473004,0.049464125596996936,0.0,0.13051455493985345,0.07995087508532,0.03221463446663732,0.1413977586419385,0.1002812912636043,0.11091276222215957,3
0.042390137910842896,-0.05825066566467285,-0.004419923262105385,0.06951189041137695,-0.11756503582000732,-0.012029171423421303,0.09256669878959656,-0.16215473413467407,-0.023375019864545266,0.1061985194683075,-0.20834606885910034,-0.0346548151833872,0.027312055230140686,-0.1843981146812439,-0.0007921050096797444,0.05330631136894226,-0.2259630560874939,-0.025215963335142533,0.08667075634002686,-0.23686867952346802,-0.0447154421968321,0.11453127861022949,-0.23260021209716797,-0.054150566892133156,0.006764709949493408,-0.19294673204421997,-0.012800388471589486,0.005048036575317383,-0.280783474445343,-0.03182047648857633,0.03616246581077576,-0.3059636950492859,-0.04215426041315595,0.06474164128303528,-0.29900985956192017,-0.04550569920371572,-0.013477593660354614,-0.18104010820388794,-0.027991731153235833,-0.02634584903717041,-0.2657383680343628,-0.04737563847135107,0.003543451428413391,-0.29341405630111694,-0.052198052839742104,0.033907949924468994,-0.29088151454925537,-0.050891027287946144,-0.030488431453704834,-0.15587365627288818,-0.044265099303231636,-0.04605528712272644,-0.22376126050949097,-0.061272427873120705,-0.025074362754821777,-0.25444477796554565,-0.06354510454963247,0.0015287995338439941,-0.25738418102264404,-0.060994476513371865,0.1658743147885541,0.10049390263473004,0.049464125596996936,0.0,0.13051455493985345,0.07995087508532,0.03221463446663732,0.1413977586419385,0.1002812912636043,0.11091276222215957,3
0.042390137910842896,-0.05825066566467285,-0.004419923262105385,0.06951189041137695,-0.11756503582000732,-0.012029171423421303,0.09256669878959656,-0.16215473413467407,-0.023375019864545266,0.1061985194683075,-0.20834606885910034,-0.0346548151833872,0.027312055230140686,-0.1843981146812439,-0.0007921050096797444,0.05330631136894226,-0.2259630560874939,-0.025215963335142533,0.08667075634002686,-0.23686867952346802,-0.0447154421968321,0.11453127861022949,-0.23260021209716797,-0.054150566892133156,0.006764709949493408,-0.19294673204421997,-0.012800388471589486,0.005048036575317383,-0.280783474445343,-0.03182047648857633,0.03616246581077576,-0.3059636950492859,-0.04215426041315595,0.06474164128303528,-0.29900985956192017,-0.04550569920371572,-0.013477593660354614,-0.18104010820388794,-0.027991731153235833,-0.02634584903717041,-0.2657383680343628,-0.04737563847135107,0.003543451428413391,-0.29341405630111694,-0.052198052839742104,0.033907949924468994,-0.29088151454925537,-0.050891027287946144,-0.030488431453704834,-0.15587365627288818,-0.044265099303231636,-0.04605528712272644,-0.22376126050949097,-0.061272427873120705,-0.025074362754821777,-0.25444477796554565,-0.06354510454963247,0.0015287995338439941,-0.25738418102264404,-0.060994476513371865,0.1658743147885541,0.10049390263473004,0.049464125596996936,0.0,0.13051455493985345,0.07995087508532,0.03221463446663732,0.1413977586419385,0.1002812912636043,0.11091276222215957,3
0.042390137910842896,-0.05825066566467285,-0.004419923262105385,0.06951189041137695,-0.11756503582000732,-0.012029171423421303,0.09256669878959656,-0.16215473413467407,-0.023375019864545266,0.1061985194683075,-0.20834606885910034,-0.0346548151833872,0.027312055230140686,-0.1843981146812439,-0.0007921050096797444,0.05330631136894226,-0.2259630560874939,-0.025215963335142533,0.08667075634002686,-0.23686867952346802,-0.0447154421968321,0.11453127861022949,-0.23260021209716797,-0.054150566892133156,0.006764709949493408,-0.19294673204421997,-0.012800388471589486,0.005048036575317383,-0.280783474445343,-0.03182047648857633,0.03616246581077576,-0.3059636950492859,-0.04215426041315595,0.06474164128303528,-0.29900985956192017,-0.04550569920371572,-0.013477593660354614,-0.18104010820388794,-0.027991731153235833,-0.02634584903717041,-0.2657383680343628,-0.04737563847135107,0.003543451428413391,-0.29341405630111694,-0.052198052839742104,0.033907949924468994,-0.29088151454925537,-0.050891027287946144,-0.030488431453704834,-0.15587365627288818,-0.044265099303231636,-0.04605528712272644,-0.22376126050949097,-0.061272427873120705,-0.025074362754821777,-0.25444477796554565,-0.06354510454963247,0.0015287995338439941,-0.25738418102264404,-0.060994476513371865,0.1658743147885541,0.10049390263473004,0.049464125596996936,0.0,0.13051455493985345,0.07995087508532,0.03221463446663732,0.1413977586419385,0.1002812912636043,0.11091276222215957,3
0.042390137910842896,-0.05825066566467285,-0.004419923262105385,0.06951189041137695,-0.11756503582000732,-0.012029171423421303,0.09256669878959656,-0.16215473413467407,-0.023375019864545266,0.1061985194683075,-0.20834606885910034,-0.0346548151833872,0.027312055230140686,-0.1843981146812439,-0.0007921050096797444,0.05330631136894226,-0.2259630560874939,-0.025215963335142533,0.08667075634002686,-0.23686867952346802,-0.0447154421968321,0.11453127861022949,-0.23260021209716797,-0.054150566892133156,0.006764709949493408,-0.19294673204421997,-0.012800388471589486,0.005048036575317383,-0.280783474445343,-0.03182047648857633,0.03616246581077576,-0.3059636950492859,-0.04215426041315595,0.06474164128303528,-0.29900985956192017,-0.04550569920371572,-0.013477593660354614,-0.18104010820388794,-0.027991731153235833,-0.02634584903717041,-0.2657383680343628,-0.04737563847135107,0.003543451428413391,-0.29341405630111694,-0.052198052839742104,0.033907949924468994,-0.29088151454925537,-0.050891027287946144,-0.030488431453704834,-0.15587365627288818,-0.044265099303231636,-0.04605528712272644,-0.22376126050949097,-0.061272427873120705,-0.025074362754821777,-0.25444477796554565,-0.06354510454963247,0.0015287995338439941,-0.25738418102264404,-0.060994476513371865,0.1658743147885541,0.10049390263473004,0.049464125596996936,0.0,0.13051455493985345,0.07995087508532,0.03221463446663732,0.1413977586419385,0.1002812912636043,0.11091276222215957,3
0.042390137910842896,-0.05825066566467285,-0.004419923262105385,0.06951189041137695,-0.11756503582000732,-0.012029171423421303,0.09256669878959656,-0.16215473413467407,-0.023375019864545266,0.1061985194683075,-0.20834606885910034,-0.0346548151833872,0.027312055230140686,-0.1843981146812439,-0.0007921050096797444,0.05330631136894226,-0.2259630560874939,-0.025215963335142533,0.08667075634002686,-0.23686867952346802,-0.0447154421968321,0.11453127861022949,-0.23260021209716797,-0.054150566892133156,0.006764709949493408,-0.19294673204421997,-0.012800388471589486,0.005048036575317383,-0.280783474445343,-0.03182047648857633,0.03616246581077576,-0.3059636950492859,-0.04215426041315595,0.06474164128303528,-0.29900985956192017,-0.04550569920371572,-0.013477593660354614,-0.18104010820388794,-0.027991731153235833,-0.02634584903717041,-0.2657383680343628,-0.04737563847135107,0.003543451428413391,-0.29341405630111694,-0.052198052839742104,0.033907949924468994,-0.29088151454925537,-0.050891027287946144,-0.030488431453704834,-0.15587365627288818,-0.044265099303231636,-0.04605528712272644,-0.22376126050949097,-0.061272427873120705,-0.025074362754821777,-0.25444477796554565,-0.06354510454963247,0.0015287995338439941,-0.25738418102264404,-0.060994476513371865,0.1658743147885541,0.10049390263473004,0.049464125596996936,0.0,0.13051455493985345,0.07995087508532,0.03221463446663732,0.1413977586419385,0.1002812912636043,0.11091276222215957,3
0.042390137910842896,-0.05825066566467285,-0.004419923262105385,0.06951189041137695,-0.11756503582000732,-0.012029171423421303,0.09256669878959656,-0.16215473413467407,-0.023375019864545266,0.1061985194683075,-0.20834606885910034,-0.0346548151833872,0.027312055230140686,-0.1843981146812439,-0.0007921050096797444,0.05330631136894226,-0.2259630560874939,-0.025215963335142533,0.08667075634002686,-0.23686867952346802,-0.0447154421968321,0.11453127861022949,-0.23260021209716797,-0.054150566892133156,0.006764709949493408,-0.19294673204421997,-0.012800388471589486,0.005048036575317383,-0.280783474445343,-0.03182047648857633,0.03616246581077576,-0.3059636950492859,-0.04215426041315595,0.06474164128303528,-0.29900985956192017,-0.04550569920371572,-0.013477593660354614,-0.18104010820388794,-0.027991731153235833,-0.02634584903717041,-0.2657383680343628,-0.04737563847135107,0.003543451428413391,-0.29341405630111694,-0.052198052839742104,0.033907949924468994,-0.29088151454925537,-0.050891027287946144,-0.030488431453704834,-0.15587365627288818,-0.044265099303231636,-0.04605528712272644,-0.22376126050949097,-0.061272427873120705,-0.025074362754821777,-0.25444477796554565,-0.06354510454963247,0.0015287995338439941,-0.25738418102264404,-0.060994476513371865,0.1658743147885541,0.10049390263473004,0.049464125596996936,0.0,0.13051455493985345,0.07995087508532,0.03221463446663732,0.1413977586419385,0.1002812912636043,0.11091276222215957,3
0.042390137910842896,-0.05825066566467285,-0.004419923262105385,0.06951189041137695,-0.11756503582000732,-0.012029171423421303,0.09256669878959656,-0.16215473413467407,-0.023375019864545266,0.1061985194683075,-0.20834606885910034,-0.0346548151833872,0.027312055230140686,-0.1843981146812439,-0.0007921050096797444,0.05330631136894226,-0.2259630560874939,-0.025215963335142533,0.08667075634002686,-0.23686867952346802,-0.0447154421968321,0.11453127861022949,-0.23260021209716797,-0.054150566892133156,0.006764709949493408,-0.19294673204421997,-0.012800388471589486,0.005048036575317383,-0.280783474445343,-0.03182047648857633,0.03616246581077576,-0.3059636950492859,-0.04215426041315595,0.06474164128303528,-0.29900985956192017,-0.04550569920371572,-0.013477593660354614,-0.18104010820388794,-0.027991731153235833,-0.02634584903717041,-0.2657383680343628,-0.04737563847135107,0.003543451428413391,-0.29341405630111694,-0.052198052839742104,0.033907949924468994,-0.29088151454925537,-0.050891027287946144,-0.030488431453704834,-0.15587365627288818,-0.044265099303231636,-0.04605528712272644,-0.22376126050949097,-0.061272427873120705,-0.025074362754821777,-0.25444477796554565,-0.06354510454963247,0.0015287995338439941,-0.25738418102264404,-0.060994476513371865,0.1658743147885541,0.10049390263473004,0.049464125596996936,0.0,0.13051455493985345,0.07995087508532,0.03221463446663732,0.1413977586419385,0.1002812912636043,0.11091276222215957,3
0.042390137910842896,-0.05825066566467285,-0.004419923262105385,0.06951189041137695,-0.11756503582000732,-0.012029171423421303,0.09256669878959656,-0.16215473413467407,-0.023375019864545266,0.1061985194683075,-0.20834606885910034,-0.0346548151833872,0.027312055230140686,-0.1843981146812439,-0.0007921050096797444,0.05330631136894226,-0.2259630560874939,-0.025215963335142533,0.08667075634002686,-0.23686867952346802,-0.0447154421968321,0.11453127861022949,-0.23260021209716797,-0.054150566892133156,0.006764709949493408,-0.19294673204421997,-0.012800388471589486,0.005048036575317383,-0.280783474445343,-0.03182047648857633,0.03616246581077576,-0.3059636950492859,-0.04215426041315595,0.06474164128303528,-0.29900985956192017,-0.04550569920371572,-0.013477593660354614,-0.18104010820388794,-0.027991731153235833,-0.02634584903717041,-0.2657383680343628,-0.04737563847135107,0.003543451428413391,-0.29341405630111694,-0.052198052839742104,0.033907949924468994,-0.29088151454925537,-0.050891027287946144,-0.030488431453704834,-0.15587365627288818,-0.044265099303231636,-0.04605528712272644,-0.22376126050949097,-0.061272427873120705,-0.025074362754821777,-0.25444477796554565,-0.06354510454963247,0.0015287995338439941,-0.25738418102264404,-0.060994476513371865,0.1658743147885541,0.10049390263473004,0.049464125596996936,0.0,0.13051455493985345,0.07995087508532,0.03221463446663732,0.1413977586419385,0.1002812912636043,0.11091276222215957,3
0.042390137910842896,-0.05825066566467285,-0.004419923262105385,0.06951189041137695,-0.11756503582000732,-0.012029171423421303,0.09256669878959656,-0.16215473413467407,-0.023375019864545266,0.1061985194683075,-0.20834606885910034,-0.0346548151833872,0.027312055230140686,-0.1843981146812439,-0.0007921050096797444,0.05330631136894226,-0.2259630560874939,-0.025215963335142533,0.08667075634002686,-0.23686867952346802,-0.0447154421968321,0.11453127861022949,-0.23260021209716797,-0.054150566892133156,0.006764709949493408,-0.19294673204421997,-0.012800388471589486,0.005048036575317383,-0.280783474445343,-0.03182047648857633,0.03616246581077576,-0.3059636950492859,-0.04215426041315595,0.06474164128303528,-0.29900985956192017,-0.04550569920371572,-0.013477593660354614,-0.18104010820388794,-0.027991731153235833,-0.02634584903717041,-0.2657383680343628,-0.04737563847135107,0.003543451428413391,-0.29341405630111694,-0.052198052839742104,0.033907949924468994,-0.29088151454925537,-0.050891027287946144,-0.030488431453704834,-0.15587365627288818,-0.044265099303231636,-0.04605528712272644,-0.22376126050949097,-0.061272427873120705,-0.025074362754821777,-0.25444477796554565,-0.06354510454963247,0.0015287995338439941,-0.25738418102264404,-0.060994476513371865,0.1658743147885541,0.10049390263473004,0.049464125596996936,0.0,0.13051455493985345,0.07995087508532,0.03221463446663732,0.1413977586419385,0.1002812912636043,0.11091276222215957,3
0.042390137910842896,-0.05825066566467285,-0.004419923262105385,0.06951189041137695,-0.11756503582000732,-0.012029171423421303,0.09256669878959656,-0.16215473413467407,-0.023375019864545266,0.1061985194683075,-0.20834606885910034,-0.0346548151833872,0.027312055230140686,-0.1843981146812439,-0.0007921050096797444,0.05330631136894226,-0.2259630560874939,-0.025215963335142533,0.08667075634002686,-0.23686867952346802,-0.0447154421968321,0.11453127861022949,-0.23260021209716797,-0.054150566892133156,0.006764709949493408,-0.19294673204421997,-0.012800388471589486,0.005048036575317383,-0.280783474445343,-0.03182047648857633,0.03616246581077576,-0.3059636950492859,-0.04215426041315595,0.06474164128303528,-0.29900985956192017,-0.04550569920371572,-0.013477593660354614,-0.18104010820388794,-0.027991731153235833,-0.02634584903717041,-0.2657383680343628,-0.04737563847135107,0.003543451428413391,-0.29341405630111694,-0.052198052839742104,0.033907949924468994,-0.29088151454925537,-0.050891027287946144,-0.030488431453704834,-0.15587365627288818,-0.044265099303231636,-0.04605528712272644,-0.22376126050949097,-0.061272427873120705,-0.025074362754821777,-0.25444477796554565,-0.06354510454963247,0.0015287995338439941,-0.25738418102264404,-0.060994476513371865,0.1658743147885541,0.10049390263473004,0.049464125596996936,0.0,0.13051455493985345,0.07995087508532,0.03221463446663732,0.1413977586419385,0.1002812912636043,0.11091276222215957,3
0.042390137910842896,-0.05825066566467285,-0.004419923262105385,0.06951189041137695,-0.11756503582000732,-0.012029171423421303,0.09256669878959656,-0.16215473413467407,-0.023375019864545266,0.1061985194683075,-0.20834606885910034,-0.0346548151833872,0.027312055230140686,-0.1843981146812439,-0.0007921050096797444,0.05330631136894226,-0.2259630560874939,-0.025215963335142533,0.08667075634002686,-0.23686867952346802,-0.0447154421968321,0.11453127861022949,-0.23260021209716797,-0.054150566892133156,0.006764709949493408,-0.19294673204421997,-0.012800388471589486,0.005048036575317383,-0.280783474445343,-0.03182047648857633,0.03616246581077576,-0.3059636950492859,-0.04215426041315595,0.06474164128303528,-0.29900985956192017,-0.04550569920371572,-0.013477593660354614,-0.18104010820388794,-0.027991731153235833,-0.02634584903717041,-0.2657383680343628,-0.04737563847135107,0.003543451428413391,-0.29341405630111694,-0.052198052839742104,0.033907949924468994,-0.29088151454925537,-0.050891027287946144,-0.030488431453704834,-0.15587365627288818,-0.044265099303231636,-0.04605528712272644,-0.22376126050949097,-0.061272427873120705,-0.025074362754821777,-0.25444477796554565,-0.06354510454963247,0.0015287995338439941,-0.25738418102264404,-0.060994476513371865,0.1658743147885541,0.10049390263473004,0.049464125596996936,0.0,0.13051455493985345,0.07995087508532,0.03221463446663732,0.1413977586419385,0.1002812912636043,0.11091276222215957,3
0.042390137910842896,-0.05825066566467285,-0.004419923262105385,0.06951189041137695,-0.11756503582000732,-0.012029171423421303,0.09256669878959656,-0.16215473413467407,-0.023375019864545266,0.1061985194683075,-0.20834606885910034,-0.0346548151833872,0.027312055230140686,-0.1843981146812439,-0.0007921050096797444,0.05330631136894226,-0.2259630560874939,-0.025215963335142533,0.08667075634002686,-0.23686867952346802,-0.0447154421968321,0.11453127861022949,-0.23260021209716797,-0.054150566892133156,0.006764709949493408,-0.19294673204421997,-0.012800388471589486,0.005048036575317383,-0.280783474445343,-0.03182047648857633,0.03616246581077576,-0.3059636950492859,-0.04215426041315595,0.06474164128303528,-0.29900985956192017,-0.04550569920371572,-0.013477593660354614,-0.18104010820388794,-0.027991731153235833,-0.02634584903717041,-0.2657383680343628,-0.04737563847135107,0.003543451428413391,-0.29341405630111694,-0.052198052839742104,0.033907949924468994,-0.29088151454925537,-0.050891027287946144,-0.030488431453704834,-0.15587365627288818,-0.044265099303231636,-0.04605528712272644,-0.22376126050949097,-0.061272427873120705,-0.025074362754821777,-0.25444477796554565,-0.06354510454963247,0.0015287995338439941,-0.25738418102264404,-0.060994476513371865,0.1658743147885541,0.10049390263473004,0.049464125596996936,0.0,0.13051455493985345,0.07995087508532,0.03221463446663732,0.1413977586419385,0.1002812912636043,0.11091276222215957,3
0.042390137910842896,-0.05825066566467285,-0.004419923262105385,0.06951189041137695,-0.11756503582000732,-0.012029171423421303,0.09256669878959656,-0.16215473413467407,-0.023375019864545266,0.1061985194683075,-0.20834606885910034,-0.0346548151833872,0.027312055230140686,-0.1843981146812439,-0.0007921050096797444,0.05330631136894226,-0.2259630560874939,-0.025215963335142533,0.08667075634002686,-0.23686867952346802,-0.0447154421968321,0.11453127861022949,-0.23260021209716797,-0.054150566892133156,0.006764709949493408,-0.19294673204421997,-0.012800388471589486,0.005048036575317383,-0.280783474445343,-0.03182047648857633,0.03616246581077576,-0.3059636950492859,-0.04215426041315595,0.06474164128303528,-0.29900985956192017,-0.04550569920371572,-0.013477593660354614,-0.18104010820388794,-0.027991731153235833,-0.02634584903717041,-0.2657383680343628,-0.04737563847135107,0.003543451428413391,-0.29341405630111694,-0.052198052839742104,0.033907949924468994,-0.29088151454925537,-0.050891027287946144,-0.030488431453704834,-0.15587365627288818,-0.044265099303231636,-0.04605528712272644,-0.22376126050949097,-0.061272427873120705,-0.025074362754821777,-0.25444477796554565,-0.06354510454963247,0.0015287995338439941,-0.25738418102264404,-0.060994476513371865,0.1658743147885541,0.10049390263473004,0.049464125596996936,0.0,0.13051455493985345,0.07995087508532,0.03221463446663732,0.1413977586419385,0.1002812912636043,0.11091276222215957,3
0.042390137910842896,-0.05825066566467285,-0.004419923262105385,0.06951189041137695,-0.11756503582000732,-0.012029171423421303,0.09256669878959656,-0.16215473413467407,-0.023375019864545266,0.1061985194683075,-0.20834606885910034,-0.0346548151833872,0.027312055230140686,-0.1843981146812439,-0.0007921050096797444,0.05330631136894226,-0.2259630560874939,-0.025215963335142533,0.08667075634002686,-0.23686867952346802,-0.0447154421968321,0.11453127861022949,-0.23260021209716797,-0.054150566892133156,0.006764709949493408,-0.19294673204421997,-0.012800388471589486,0.005048036575317383,-0.280783474445343,-0.03182047648857633,0.03616246581077576,-0.3059636950492859,-0.04215426041315595,0.06474164128303528,-0.29900985956192017,-0.04550569920371572,-0.013477593660354614,-0.18104010820388794,-0.027991731153235833,-0.02634584903717041,-0.2657383680343628,-0.04737563847135107,0.003543451428413391,-0.29341405630111694,-0.052198052839742104,0.033907949924468994,-0.29088151454925537,-0.050891027287946144,-0.030488431453704834,-0.15587365627288818,-0.044265099303231636,-0.04605528712272644,-0.22376126050949097,-0.061272427873120705,-0.025074362754821777,-0.25444477796554565,-0.06354510454963247,0.0015287995338439941,-0.25738418102264404,-0.060994476513371865,0.1658743147885541,0.10049390263473004,0.049464125596996936,0.0,0.13051455493985345,0.07995087508532,0.03221463446663732,0.1413977586419385,0.1002812912636043,0.11091276222215957,3
0.042390137910842896,-0.05825066566467285,-0.004419923262105385,0.06951189041137695,-0.11756503582000732,-0.012029171423421303,0.09256669878959656,-0.16215473413467407,-0.023375019864545266,0.1061985194683075,-0.20834606885910034,-0.0346548151833872,0.027312055230140686,-0.1843981146812439,-0.0007921050096797444,0.05330631136894226,-0.2259630560874939,-0.025215963335142533,0.08667075634002686,-0.23686867952346802,-0.0447154421968321,0.11453127861022949,-0.23260021209716797,-0.054150566892133156,0.006764709949493408,-0.19294673204421997,-0.012800388471589486,0.005048036575317383,-0.280783474445343,-0.03182047648857633,0.03616246581077576,-0.3059636950492859,-0.04215426041315595,0.06474164128303528,-0.29900985956192017,-0.04550569920371572,-0.013477593660354614,-0.18104010820388794,-0.027991731153235833,-0.02634584903717041,-0.2657383680343628,-0.04737563847135107,0.003543451428413391,-0.29341405630111694,-0.052198052839742104,0.033907949924468994,-0.29088151454925537,-0.050891027287946144,-0.030488431453704834,-0.15587365627288818,-0.044265099303231636,-0.04605528712272644,-0.22376126050949097,-0.061272427873120705,-0.025074362754821777,-0.25444477796554565,-0.06354510454963247,0.0015287995338439941,-0.25738418102264404,-0.060994476513371865,0.1658743147885541,0.10049390263473004,0.049464125596996936,0.0,0.13051455493985345,0.07995087508532,0.03221463446663732,0.1413977586419385,0.1002812912636043,0.11091276222215957,3
0.042390137910842896,-0.05825066566467285,-0.004419923262105385,0.06951189041137695,-0.11756503582000732,-0.012029171423421303,0.09256669878959656,-0.16215473413467407,-0.023375019864545266,0.1061985194683075,-0.20834606885910034,-0.0346548151833872,0.027312055230140686,-0.1843981146812439,-0.0007921050096797444,0.05330631136894226,-0.2259630560874939,-0.025215963335142533,0.08667075634002686,-0.23686867952346802,-0.0447154421968321,0.11453127861022949,-0.23260021209716797,-0.054150566892133156,0.006764709949493408,-0.19294673204421997,-0.012800388471589486,0.005048036575317383,-0.280783474445343,-0.03182047648857633,0.03616246581077576,-0.3059636950492859,-0.04215426041315595,0.06474164128303528,-0.29900985956192017,-0.04550569920371572,-0.013477593660354614,-0.18104010820388794,-0.027991731153235833,-0.02634584903717041,-0.2657383680343628,-0.04737563847135107,0.003543451428413391,-0.29341405630111694,-0.052198052839742104,0.033907949924468994,-0.29088151454925537,-0.050891027287946144,-0.030488431453704834,-0.15587365627288818,-0.044265099303231636,-0.04605528712272644,-0.22376126050949097,-0.061272427873120705,-0.025074362754821777,-0.25444477796554565,-0.06354510454963247,0.0015287995338439941,-0.25738418102264404,-0.060994476513371865,0.1658743147885541,0.10049390263473004,0.049464125596996936,0.0,0.13051455493985345,0.07995087508532,0.03221463446663732,0.1413977586419385,0.1002812912636043,0.11091276222215957,3
0.042390137910842896,-0.05825066566467285,-0.004419923262105385,0.06951189041137695,-0.11756503582000732,-0.012029171423421303,0.09256669878959656,-0.16215473413467407,-0.023375019864545266,0.1061985194683075,-0.20834606885910034,-0.0346548151833872,0.027312055230140686,-0.1843981146812439,-0.0007921050096797444,0.05330631136894226,-0.2259630560874939,-0.025215963335142533,0.08667075634002686,-0.23686867952346802,-0.0447154421968321,0.11453127861022949,-0.23260021209716797,-0.054150566892133156,0.006764709949493408,-0.19294673204421997,-0.012800388471589486,0.005048036575317383,-0.280783474445343,-0.03182047648857633,0.03616246581077576,-0.3059636950492859,-0.04215426041315595,0.06474164128303528,-0.29900985956192017,-0.04550569920371572,-0.013477593660354614,-0.18104010820388794,-0.027991731153235833,-0.02634584903717041,-0.2657383680343628,-0.04737563847135107,0.003543451428413391,-0.29341405630111694,-0.052198052839742104,0.033907949924468994,-0.29088151454925537,-0.050891027287946144,-0.030488431453704834,-0.15587365627288818,-0.044265099303231636,-0.04605528712272644,-0.22376126050949097,-0.061272427873120705,-0.025074362754821777,-0.25444477796554565,-0.06354510454963247,0.0015287995338439941,-0.25738418102264404,-0.060994476513371865,0.1658743147885541,0.10049390263473004,0.049464125596996936,0.0,0.13051455493985345,0.07995087508532,0.03221463446663732,0.1413977586419385,0.1002812912636043,0.11091276222215957,3
0.042390137910842896,-0.05825066566467285,-0.004419923262105385,0.06951189041137695,-0.11756503582000732,-0.012029171423421303,0.09256669878959656,-0.16215473413467407,-0.023375019864545266,0.1061985194683075,-0.20834606885910034,-0.0346548151833872,0.027312055230140686,-0.1843981146812439,-0.0007921050096797444,0.05330631136894226,-0.2259630560874939,-0.025215963335142533,0.08667075634002686,-0.23686867952346802,-0.0447154421968321,0.11453127861022949,-0.23260021209716797,-0.054150566892133156,0.006764709949493408,-0.19294673204421997,-0.012800388471589486,0.005048036575317383,-0.280783474445343,-0.03182047648857633,0.03616246581077576,-0.3059636950492859,-0.04215426041315595,0.06474164128303528,-0.29900985956192017,-0.04550569920371572,-0.013477593660354614,-0.18104010820388794,-0.027991731153235833,-0.02634584903717041,-0.2657383680343628,-0.04737563847135107,0.003543451428413391,-0.29341405630111694,-0.052198052839742104,0.033907949924468994,-0.29088151454925537,-0.050891027287946144,-0.030488431453704834,-0.15587365627288818,-0.044265099303231636,-0.04605528712272644,-0.22376126050949097,-0.061272427873120705,-0.025074362754821777,-0.25444477796554565,-0.06354510454963247,0.0015287995338439941,-0.25738418102264404,-0.060994476513371865,0.1658743147885541,0.10049390263473004,0.049464125596996936,0.0,0.13051455493985345,0.07995087508532,0.03221463446663732,0.1413977586419385,0.1002812912636043,0.11091276222215957,3
0.042390137910842896,-0.05825066566467285,-0.004419923262105385,0.06951189041137695,-0.11756503582000732,-0.012029171423421303,0.09256669878959656,-0.16215473413467407,-0.023375019864545266,0.1061985194683075,-0.20834606885910034,-0.0346548151833872,0.027312055230140686,-0.1843981146812439,-0.0007921050096797444,0.05330631136894226,-0.2259630560874939,-0.025215963335142533,0.08667075634002686,-0.23686867952346802,-0.0447154421968321,0.11453127861022949,-0.23260021209716797,-0.054150566892133156,0.006764709949493408,-0.19294673204421997,-0.012800388471589486,0.005048036575317383,-0.280783474445343,-0.03182047648857633,0.03616246581077576,-0.3059636950492859,-0.04215426041315595,0.06474164128303528,-0.29900985956192017,-0.04550569920371572,-0.013477593660354614,-0.18104010820388794,-0.027991731153235833,-0.02634584903717041,-0.2657383680343628,-0.04737563847135107,0.003543451428413391,-0.29341405630111694,-0.052198052839742104,0.033907949924468994,-0.29088151454925537,-0.050891027287946144,-0.030488431453704834,-0.15587365627288818,-0.044265099303231636,-0.04605528712272644,-0.22376126050949097,-0.061272427873120705,-0.025074362754821777,-0.25444477796554565,-0.06354510454963247,0.0015287995338439941,-0.25738418102264404,-0.060994476513371865,0.1658743147885541,0.10049390263473004,0.049464125596996936,0.0,0.13051455493985345,0.07995087508532,0.03221463446663732,0.1413977586419385,0.1002812912636043,0.11091276222215957,3
0.042390137910842896,-0.05825066566467285,-0.004419923262105385,0.06951189041137695,-0.11756503582000732,-0.012029171423421303,0.09256669878959656,-0.16215473413467407,-0.023375019864545266,0.1061985194683075,-0.20834606885910034,-0.0346548151833872,0.027312055230140686,-0.1843981146812439,-0.0007921050096797444,0.05330631136894226,-0.2259630560874939,-0.025215963335142533,0.08667075634002686,-0.23686867952346802,-0.0447154421968321,0.11453127861022949,-0.23260021209716797,-0.054150566892133156,0.006764709949493408,-0.19294673204421997,-0.012800388471589486,0.005048036575317383,-0.280783474445343,-0.03182047648857633,0.03616246581077576,-0.3059636950492859,-0.04215426041315595,0.06474164128303528,-0.29900985956192017,-0.04550569920371572,-0.013477593660354614,-0.18104010820388794,-0.027991731153235833,-0.02634584903717041,-0.2657383680343628,-0.04737563847135107,0.003543451428413391,-0.29341405630111694,-0.052198052839742104,0.033907949924468994,-0.29088151454925537,-0.050891027287946144,-0.030488431453704834,-0.15587365627288818,-0.044265099303231636,-0.04605528712272644,-0.22376126050949097,-0.061272427873120705,-0.025074362754821777,-0.25444477796554565,-0.06354510454963247,0.0015287995338439941,-0.25738418102264404,-0.060994476513371865,0.1658743147885541,0.10049390263473004,0.049464125596996936,0.0,0.13051455493985345,0.07995087508532,0.03221463446663732,0.1413977586419385,0.1002812912636043,0.11091276222215957,3
0.042390137910842896,-0.05825066566467285,-0.004419923262105385,0.06951189041137695,-0.11756503582000732,-0.012029171423421303,0.09256669878959656,-0.16215473413467407,-0.023375019864545266,0.1061985194683075,-0.20834606885910034,-0.0346548151833872,0.027312055230140686,-0.1843981146812439,-0.0007921050096797444,0.05330631136894226,-0.2259630560874939,-0.025215963335142533,0.08667075634002686,-0.23686867952346802,-0.0447154421968321,0.11453127861022949,-0.23260021209716797,-0.054150566892133156,0.006764709949493408,-0.19294673204421997,-0.012800388471589486,0.005048036575317383,-0.280783474445343,-0.03182047648857633,0.03616246581077576,-0.3059636950492859,-0.04215426041315595,0.06474164128303528,-0.29900985956192017,-0.04550569920371572,-0.013477593660354614,-0.18104010820388794,-0.027991731153235833,-0.02634584903717041,-0.2657383680343628,-0.04737563847135107,0.003543451428413391,-0.29341405630111694,-0.052198052839742104,0.033907949924468994,-0.29088151454925537,-0.050891027287946144,-0.030488431453704834,-0.15587365627288818,-0.044265099303231636,-0.04605528712272644,-0.22376126050949097,-0.061272427873120705,-0.025074362754821777,-0.25444477796554565,-0.06354510454963247,0.0015287995338439941,-0.25738418102264404,-0.060994476513371865,0.1658743147885541,0.10049390263473004,0.049464125596996936,0.0,0.13051455493985345,0.07995087508532,0.03221463446663732,0.1413977586419385,0.1002812912636043,0.11091276222215957,3
0.042390137910842896,-0.05825066566467285,-0.004419923262105385,0.06951189041137695,-0.11756503582000732,-0.012029171423421303,0.09256669878959656,-0.16215473413467407,-0.023375019864545266,0.1061985194683075,-0.20834606885910034,-0.0346548151833872,0.027312055230140686,-0.1843981146812439,-0.0007921050096797444,0.05330631136894226,-0.2259630560874939,-0.025215963335142533,0.08667075634002686,-0.23686867952346802,-0.0447154421968321,0.11453127861022949,-0.23260021209716797,-0.054150566892133156,0.006764709949493408,-0.19294673204421997,-0.012800388471589486,0.005048036575317383,-0.280783474445343,-0.03182047648857633,0.03616246581077576,-0.3059636950492859,-0.04215426041315595,0.06474164128303528,-0.29900985956192017,-0.04550569920371572,-0.013477593660354614,-0.18104010820388794,-0.027991731153235833,-0.02634584903717041,-0.2657383680343628,-0.04737563847135107,0.003543451428413391,-0.29341405630111694,-0.052198052839742104,0.033907949924468994,-0.29088151454925537,-0.050891027287946144,-0.030488431453704834,-0.15587365627288818,-0.044265099303231636,-0.04605528712272644,-0.22376126050949097,-0.061272427873120705,-0.025074362754821777,-0.25444477796554565,-0.06354510454963247,0.0015287995338439941,-0.25738418102264404,-0.060994476513371865,0.1658743147885541,0.10049390263473004,0.049464125596996936,0.0,0.13051455493985345,0.07995087508532,0.03221463446663732,0.1413977586419385,0.1002812912636043,0.11091276222215957,3
0.042390137910842896,-0.05825066566467285,-0.004419923262105385,0.06951189041137695,-0.11756503582000732,-0.012029171423421303,0.09256669878959656,-0.16215473413467407,-0.023375019864545266,0.1061985194683075,-0.20834606885910034,-0.0346548151833872,0.027312055230140686,-0.1843981146812439,-0.0007921050096797444,0.05330631136894226,-0.2259630560874939,-0.025215963335142533,0.08667075634002686,-0.23686867952346802,-0.0447154421968321,0.11453127861022949,-0.23260021209716797,-0.054150566892133156,0.006764709949493408,-0.19294673204421997,-0.012800388471589486,0.005048036575317383,-0.280783474445343,-0.03182047648857633,0.03616246581077576,-0.3059636950492859,-0.04215426041315595,0.06474164128303528,-0.29900985956192017,-0.04550569920371572,-0.013477593660354614,-0.18104010820388794,-0.027991731153235833,-0.02634584903717041,-0.2657383680343628,-0.04737563847135107,0.003543451428413391,-0.29341405630111694,-0.052198052839742104,0.033907949924468994,-0.29088151454925537,-0.050891027287946144,-0.030488431453704834,-0.15587365627288818,-0.044265099303231636,-0.04605528712272644,-0.22376126050949097,-0.061272427873120705,-0.025074362754821777,-0.25444477796554565,-0.06354510454963247,0.0015287995338439941,-0.25738418102264404,-0.060994476513371865,0.1658743147885541,0.10049390263473004,0.049464125596996936,0.0,0.13051455493985345,0.07995087508532,0.03221463446663732,0.1413977586419385,0.1002812912636043,0.11091276222215957,3
0.042390137910842896,-0.05825066566467285,-0.004419923262105385,0.06951189041137695,-0.11756503582000732,-0.012029171423421303,0.09256669878959656,-0.16215473413467407,-0.023375019864545266,0.1061985194683075,-0.20834606885910034,-0.0346548151833872,0.027312055230140686,-0.1843981146812439,-0.0007921050096797444,0.05330631136894226,-0.2259630560874939,-0.025215963335142533,0.08667075634002686,-0.23686867952346802,-0.0447154421968321,0.11453127861022949,-0.23260021209716797,-0.054150566892133156,0.006764709949493408,-0.19294673204421997,-0.012800388471589486,0.005048036575317383,-0.280783474445343,-0.03182047648857633,0.03616246581077576,-0.3059636950492859,-0.04215426041315595,0.06474164128303528,-0.29900985956192017,-0.04550569920371572,-0.013477593660354614,-0.18104010820388794,-0.027991731153235833,-0.02634584903717041,-0.2657383680343628,-0.04737563847135107,0.003543451428413391,-0.29341405630111694,-0.052198052839742104,0.033907949924468994,-0.29088151454925537,-0.050891027287946144,-0.030488431453704834,-0.15587365627288818,-0.044265099303231636,-0.04605528712272644,-0.22376126050949097,-0.061272427873120705,-0.025074362754821777,-0.25444477796554565,-0.06354510454963247,0.0015287995338439941,-0.25738418102264404,-0.060994476513371865,0.1658743147885541,0.10049390263473004,0.049464125596996936,0.0,0.13051455493985345,0.07995087508532,0.03221463446663732,0.1413977586419385,0.1002812912636043,0.11091276222215957,3
0.042390137910842896,-0.05825066566467285,-0.004419923262105385,0.06951189041137695,-0.11756503582000732,-0.012029171423421303,0.09256669878959656,-0.16215473413467407,-0.023375019864545266,0.1061985194683075,-0.20834606885910034,-0.0346548151833872,0.027312055230140686,-0.1843981146812439,-0.0007921050096797444,0.05330631136894226,-0.2259630560874939,-0.025215963335142533,0.08667075634002686,-0.23686867952346802,-0.0447154421968321,0.11453127861022949,-0.23260021209716797,-0.054150566892133156,0.006764709949493408,-0.19294673204421997,-0.012800388471589486,0.005048036575317383,-0.280783474445343,-0.03182047648857633,0.03616246581077576,-0.3059636950492859,-0.04215426041315595,0.06474164128303528,-0.29900985956192017,-0.04550569920371572,-0.013477593660354614,-0.18104010820388794,-0.027991731153235833,-0.02634584903717041,-0.2657383680343628,-0.04737563847135107,0.003543451428413391,-0.29341405630111694,-0.052198052839742104,0.033907949924468994,-0.29088151454925537,-0.050891027287946144,-0.030488431453704834,-0.15587365627288818,-0.044265099303231636,-0.04605528712272644,-0.22376126050949097,-0.061272427873120705,-0.025074362754821777,-0.25444477796554565,-0.06354510454963247,0.0015287995338439941,-0.25738418102264404,-0.060994476513371865,0.1658743147885541,0.10049390263473004,0.049464125596996936,0.0,0.13051455493985345,0.07995087508532,0.03221463446663732,0.1413977586419385,0.1002812912636043,0.11091276222215957,3
0.042390137910842896,-0.05825066566467285,-0.004419923262105385,0.06951189041137695,-0.11756503582000732,-0.012029171423421303,0.09256669878959656,-0.16215473413467407,-0.023375019864545266,0.1061985194683075,-0.20834606885910034,-0.0346548151833872,0.027312055230140686,-0.1843981146812439,-0.0007921050096797444,0.05330631136894226,-0.2259630560874939,-0.025215963335142533,0.08667075634002686,-0.23686867952346802,-0.0447154421968321,0.11453127861022949,-0.23260021209716797,-0.054150566892133156,0.006764709949493408,-0.19294673204421997,-0.012800388471589486,0.005048036575317383,-0.280783474445343,-0.03182047648857633,0.03616246581077576,-0.3059636950492859,-0.04215426041315595,0.06474164128303528,-0.29900985956192017,-0.04550569920371572,-0.013477593660354614,-0.18104010820388794,-0.027991731153235833,-0.02634584903717041,-0.2657383680343628,-0.04737563847135107,0.003543451428413391,-0.29341405630111694,-0.052198052839742104,0.033907949924468994,-0.29088151454925537,-0.050891027287946144,-0.030488431453704834,-0.15587365627288818,-0.044265099303231636,-0.04605528712272644,-0.22376126050949097,-0.061272427873120705,-0.025074362754821777,-0.25444477796554565,-0.06354510454963247,0.0015287995338439941,-0.25738418102264404,-0.060994476513371865,0.1658743147885541,0.10049390263473004,0.049464125596996936,0.0,0.13051455493985345,0.07995087508532,0.03221463446663732,0.1413977586419385,0.1002812912636043,0.11091276222215957,3
0.042390137910842896,-0.05825066566467285,-0.004419923262105385,0.06951189041137695,-0.11756503582000732,-0.012029171423421303,0.09256669878959656,-0.16215473413467407,-0.023375019864545266,0.1061985194683075,-0.20834606885910034,-0.0346548151833872,0.027312055230140686,-0.1843981146812439,-0.0007921050096797444,0.05330631136894226,-0.2259630560874939,-0.025215963335142533,0.08667075634002686,-0.23686867952346802,-0.0447154421968321,0.11453127861022949,-0.23260021209716797,-0.054150566892133156,0.006764709949493408,-0.19294673204421997,-0.012800388471589486,0.005048036575317383,-0.280783474445343,-0.03182047648857633,0.03616246581077576,-0.3059636950492859,-0.04215426041315595,0.06474164128303528,-0.29900985956192017,-0.04550569920371572,-0.013477593660354614,-0.18104010820388794,-0.027991731153235833,-0.02634584903717041,-0.2657383680343628,-0.04737563847135107,0.003543451428413391,-0.29341405630111694,-0.052198052839742104,0.033907949924468994,-0.29088151454925537,-0.050891027287946144,-0.030488431453704834,-0.15587365627288818,-0.044265099303231636,-0.04605528712272644,-0.22376126050949097,-0.061272427873120705,-0.025074362754821777,-0.25444477796554565,-0.06354510454963247,0.0015287995338439941,-0.25738418102264404,-0.060994476513371865,0.1658743147885541,0.10049390263473004,0.049464125596996936,0.0,0.13051455493985345,0.07995087508532,0.03221463446663732,0.1413977586419385,0.1002812912636043,0.11091276222215957,3
0.042390137910842896,-0.05825066566467285,-0.004419923262105385,0.06951189041137695,-0.11756503582000732,-0.012029171423421303,0.09256669878959656,-0.16215473413467407,-0.023375019864545266,0.1061985194683075,-0.20834606885910034,-0.0346548151833872,0.027312055230140686,-0.1843981146812439,-0.0007921050096797444,0.05330631136894226,-0.2259630560874939,-0.025215963335142533,0.08667075634002686,-0.23686867952346802,-0.0447154421968321,0.11453127861022949,-0.23260021209716797,-0.054150566892133156,0.006764709949493408,-0.19294673204421997,-0.012800388471589486,0.005048036575317383,-0.280783474445343,-0.03182047648857633,0.03616246581077576,-0.3059636950492859,-0.04215426041315595,0.06474164128303528,-0.29900985956192017,-0.04550569920371572,-0.013477593660354614,-0.18104010820388794,-0.027991731153235833,-0.02634584903717041,-0.2657383680343628,-0.04737563847135107,0.003543451428413391,-0.29341405630111694,-0.052198052839742104,0.033907949924468994,-0.29088151454925537,-0.050891027287946144,-0.030488431453704834,-0.15587365627288818,-0.044265099303231636,-0.04605528712272644,-0.22376126050949097,-0.061272427873120705,-0.025074362754821777,-0.25444477796554565,-0.06354510454963247,0.0015287995338439941,-0.25738418102264404,-0.060994476513371865,0.1658743147885541,0.10049390263473004,0.049464125596996936,0.0,0.13051455493985345,0.07995087508532,0.03221463446663732,0.1413977586419385,0.1002812912636043,0.11091276222215957,3
0.042390137910842896,-0.05825066566467285,-0.004419923262105385,0.06951189041137695,-0.11756503582000732,-0.012029171423421303,0.09256669878959656,-0.16215473413467407,-0.023375019864545266,0.1061985194683075,-0.20834606885910034,-0.0346548151833872,0.027312055230140686,-0.1843981146812439,-0.0007921050096797444,0.05330631136894226,-0.2259630560874939,-0.025215963335142533,0.08667075634002686,-0.23686867952346802,-0.0447154421968321,0.11453127861022949,-0.23260021209716797,-0.054150566892133156,0.006764709949493408,-0.19294673204421997,-0.012800388471589486,0.005048036575317383,-0.280783474445343,-0.03182047648857633,0.03616246581077576,-0.3059636950492859,-0.04215426041315595,0.06474164128303528,-0.29900985956192017,-0.04550569920371572,-0.013477593660354614,-0.18104010820388794,-0.027991731153235833,-0.02634584903717041,-0.2657383680343628,-0.04737563847135107,0.003543451428413391,-0.29341405630111694,-0.052198052839742104,0.033907949924468994,-0.29088151454925537,-0.050891027287946144,-0.030488431453704834,-0.15587365627288818,-0.044265099303231636,-0.04605528712272644,-0.22376126050949097,-0.061272427873120705,-0.025074362754821777,-0.25444477796554565,-0.06354510454963247,0.0015287995338439941,-0.25738418102264404,-0.060994476513371865,0.1658743147885541,0.10049390263473004,0.049464125596996936,0.0,0.13051455493985345,0.07995087508532,0.03221463446663732,0.1413977586419385,0.1002812912636043,0.11091276222215957,3
0.042390137910842896,-0.05825066566467285,-0.004419923262105385,0.06951189041137695,-0.11756503582000732,-0.012029171423421303,0.09256669878959656,-0.16215473413467407,-0.023375019864545266,0.1061985194683075,-0.20834606885910034,-0.0346548151833872,0.027312055230140686,-0.1843981146812439,-0.0007921050096797444,0.05330631136894226,-0.2259630560874939,-0.025215963335142533,0.08667075634002686,-0.23686867952346802,-0.0447154421968321,0.11453127861022949,-0.23260021209716797,-0.054150566892133156,0.006764709949493408,-0.19294673204421997,-0.012800388471589486,0.005048036575317383,-0.280783474445343,-0.03182047648857633,0.03616246581077576,-0.3059636950492859,-0.04215426041315595,0.06474164128303528,-0.29900985956192017,-0.04550569920371572,-0.013477593660354614,-0.18104010820388794,-0.027991731153235833,-0.02634584903717041,-0.2657383680343628,-0.04737563847135107,0.003543451428413391,-0.29341405630111694,-0.052198052839742104,0.033907949924468994,-0.29088151454925537,-0.050891027287946144,-0.030488431453704834,-0.15587365627288818,-0.044265099303231636,-0.04605528712272644,-0.22376126050949097,-0.061272427873120705,-0.025074362754821777,-0.25444477796554565,-0.06354510454963247,0.0015287995338439941,-0.25738418102264404,-0.060994476513371865,0.1658743147885541,0.10049390263473004,0.049464125596996936,0.0,0.13051455493985345,0.07995087508532,0.03221463446663732,0.1413977586419385,0.1002812912636043,0.11091276222215957,3
0.042390137910842896,-0.05825066566467285,-0.004419923262105385,0.06951189041137695,-0.11756503582000732,-0.012029171423421303,0.09256669878959656,-0.16215473413467407,-0.023375019864545266,0.1061985194683075,-0.20834606885910034,-0.0346548151833872,0.027312055230140686,-0.1843981146812439,-0.0007921050096797444,0.05330631136894226,-0.2259630560874939,-0.025215963335142533,0.08667075634002686,-0.23686867952346802,-0.0447154421968321,0.11453127861022949,-0.23260021209716797,-0.054150566892133156,0.006764709949493408,-0.19294673204421997,-0.012800388471589486,0.005048036575317383,-0.280783474445343,-0.03182047648857633,0.03616246581077576,-0.3059636950492859,-0.04215426041315595,0.06474164128303528,-0.29900985956192017,-0.04550569920371572,-0.013477593660354614,-0.18104010820388794,-0.027991731153235833,-0.02634584903717041,-0.2657383680343628,-0.04737563847135107,0.003543451428413391,-0.29341405630111694,-0.052198052839742104,0.033907949924468994,-0.29088151454925537,-0.050891027287946144,-0.030488431453704834,-0.15587365627288818,-0.044265099303231636,-0.04605528712272644,-0.22376126050949097,-0.061272427873120705,-0.025074362754821777,-0.25444477796554565,-0.06354510454963247,0.0015287995338439941,-0.25738418102264404,-0.060994476513371865,0.1658743147885541,0.10049390263473004,0.049464125596996936,0.0,0.13051455493985345,0.07995087508532,0.03221463446663732,0.1413977586419385,0.1002812912636043,0.11091276222215957,3
0.042390137910842896,-0.05825066566467285,-0.004419923262105385,0.06951189041137695,-0.11756503582000732,-0.012029171423421303,0.09256669878959656,-0.16215473413467407,-0.023375019864545266,0.1061985194683075,-0.20834606885910034,-0.0346548151833872,0.027312055230140686,-0.1843981146812439,-0.0007921050096797444,0.05330631136894226,-0.2259630560874939,-0.025215963335142533,0.08667075634002686,-0.23686867952346802,-0.0447154421968321,0.11453127861022949,-0.23260021209716797,-0.054150566892133156,0.006764709949493408,-0.19294673204421997,-0.012800388471589486,0.005048036575317383,-0.280783474445343,-0.03182047648857633,0.03616246581077576,-0.3059636950492859,-0.04215426041315595,0.06474164128303528,-0.29900985956192017,-0.04550569920371572,-0.013477593660354614,-0.18104010820388794,-0.027991731153235833,-0.02634584903717041,-0.2657383680343628,-0.04737563847135107,0.003543451428413391,-0.29341405630111694,-0.052198052839742104,0.033907949924468994,-0.29088151454925537,-0.050891027287946144,-0.030488431453704834,-0.15587365627288818,-0.044265099303231636,-0.04605528712272644,-0.22376126050949097,-0.061272427873120705,-0.025074362754821777,-0.25444477796554565,-0.06354510454963247,0.0015287995338439941,-0.25738418102264404,-0.060994476513371865,0.1658743147885541,0.10049390263473004,0.049464125596996936,0.0,0.13051455493985345,0.07995087508532,0.03221463446663732,0.1413977586419385,0.1002812912636043,0.11091276222215957,3
0.042390137910842896,-0.05825066566467285,-0.004419923262105385,0.06951189041137695,-0.11756503582000732,-0.012029171423421303,0.09256669878959656,-0.16215473413467407,-0.023375019864545266,0.1061985194683075,-0.20834606885910034,-0.0346548151833872,0.027312055230140686,-0.1843981146812439,-0.0007921050096797444,0.05330631136894226,-0.2259630560874939,-0.025215963335142533,0.08667075634002686,-0.23686867952346802,-0.0447154421968321,0.11453127861022949,-0.23260021209716797,-0.054150566892133156,0.006764709949493408,-0.19294673204421997,-0.012800388471589486,0.005048036575317383,-0.280783474445343,-0.03182047648857633,0.03616246581077576,-0.3059636950492859,-0.04215426041315595,0.06474164128303528,-0.29900985956192017,-0.04550569920371572,-0.013477593660354614,-0.18104010820388794,-0.027991731153235833,-0.02634584903717041,-0.2657383680343628,-0.04737563847135107,0.003543451428413391,-0.29341405630111694,-0.052198052839742104,0.033907949924468994,-0.29088151454925537,-0.050891027287946144,-0.030488431453704834,-0.15587365627288818,-0.044265099303231636,-0.04605528712272644,-0.22376126050949097,-0.061272427873120705,-0.025074362754821777,-0.25444477796554565,-0.06354510454963247,0.0015287995338439941,-0.25738418102264404,-0.060994476513371865,0.1658743147885541,0.10049390263473004,0.049464125596996936,0.0,0.13051455493985345,0.07995087508532,0.03221463446663732,0.1413977586419385,0.1002812912636043,0.11091276222215957,3
0.042390137910842896,-0.05825066566467285,-0.004419923262105385,0.06951189041137695,-0.11756503582000732,-0.012029171423421303,0.09256669878959656,-0.16215473413467407,-0.023375019864545266,0.1061985194683075,-0.20834606885910034,-0.0346548151833872,0.027312055230140686,-0.1843981146812439,-0.0007921050096797444,0.05330631136894226,-0.2259630560874939,-0.025215963335142533,0.08667075634002686,-0.23686867952346802,-0.0447154421968321,0.11453127861022949,-0.23260021209716797,-0.054150566892133156,0.006764709949493408,-0.19294673204421997,-0.012800388471589486,0.005048036575317383,-0.280783474445343,-0.03182047648857633,0.03616246581077576,-0.3059636950492859,-0.04215426041315595,0.06474164128303528,-0.29900985956192017,-0.04550569920371572,-0.013477593660354614,-0.18104010820388794,-0.027991731153235833,-0.02634584903717041,-0.2657383680343628,-0.04737563847135107,0.003543451428413391,-0.29341405630111694,-0.052198052839742104,0.033907949924468994,-0.29088151454925537,-0.050891027287946144,-0.030488431453704834,-0.15587365627288818,-0.044265099303231636,-0.04605528712272644,-0.22376126050949097,-0.061272427873120705,-0.025074362754821777,-0.25444477796554565,-0.06354510454963247,0.0015287995338439941,-0.25738418102264404,-0.060994476513371865,0.1658743147885541,0.10049390263473004,0.049464125596996936,0.0,0.13051455493985345,0.07995087508532,0.03221463446663732,0.1413977586419385,0.1002812912636043,0.11091276222215957,3
0.042390137910842896,-0.05825066566467285,-0.004419923262105385,0.06951189041137695,-0.11756503582000732,-0.012029171423421303,0.09256669878959656,-0.16215473413467407,-0.023375019864545266,0.1061985194683075,-0.20834606885910034,-0.0346548151833872,0.027312055230140686,-0.1843981146812439,-0.0007921050096797444,0.05330631136894226,-0.2259630560874939,-0.025215963335142533,0.08667075634002686,-0.23686867952346802,-0.0447154421968321,0.11453127861022949,-0.23260021209716797,-0.054150566892133156,0.006764709949493408,-0.19294673204421997,-0.012800388471589486,0.005048036575317383,-0.280783474445343,-0.03182047648857633,0.03616246581077576,-0.3059636950492859,-0.04215426041315595,0.06474164128303528,-0.29900985956192017,-0.04550569920371572,-0.013477593660354614,-0.18104010820388794,-0.027991731153235833,-0.02634584903717041,-0.2657383680343628,-0.04737563847135107,0.003543451428413391,-0.29341405630111694,-0.052198052839742104,0.033907949924468994,-0.29088151454925537,-0.050891027287946144,-0.030488431453704834,-0.15587365627288818,-0.044265099303231636,-0.04605528712272644,-0.22376126050949097,-0.061272427873120705,-0.025074362754821777,-0.25444477796554565,-0.06354510454963247,0.0015287995338439941,-0.25738418102264404,-0.060994476513371865,0.1658743147885541,0.10049390263473004,0.049464125596996936,0.0,0.13051455493985345,0.07995087508532,0.03221463446663732,0.1413977586419385,0.1002812912636043,0.11091276222215957,3
0.042390137910842896,-0.05825066566467285,-0.004419923262105385,0.06951189041137695,-0.11756503582000732,-0.012029171423421303,0.09256669878959656,-0.16215473413467407,-0.023375019864545266,0.1061985194683075,-0.20834606885910034,-0.0346548151833872,0.027312055230140686,-0.1843981146812439,-0.0007921050096797444,0.05330631136894226,-0.2259630560874939,-0.025215963335142533,0.08667075634002686,-0.23686867952346802,-0.0447154421968321,0.11453127861022949,-0.23260021209716797,-0.054150566892133156,0.006764709949493408,-0.19294673204421997,-0.012800388471589486,0.005048036575317383,-0.280783474445343,-0.03182047648857633,0.03616246581077576,-0.3059636950492859,-0.04215426041315595,0.06474164128303528,-0.29900985956192017,-0.04550569920371572,-0.013477593660354614,-0.18104010820388794,-0.027991731153235833,-0.02634584903717041,-0.2657383680343628,-0.04737563847135107,0.003543451428413391,-0.29341405630111694,-0.052198052839742104,0.033907949924468994,-0.29088151454925537,-0.050891027287946144,-0.030488431453704834,-0.15587365627288818,-0.044265099303231636,-0.04605528712272644,-0.22376126050949097,-0.061272427873120705,-0.025074362754821777,-0.25444477796554565,-0.06354510454963247,0.0015287995338439941,-0.25738418102264404,-0.060994476513371865,0.1658743147885541,0.10049390263473004,0.049464125596996936,0.0,0.13051455493985345,0.07995087508532,0.03221463446663732,0.1413977586419385,0.1002812912636043,0.11091276222215957,3
0.042390137910842896,-0.05825066566467285,-0.004419923262105385,0.06951189041137695,-0.11756503582000732,-0.012029171423421303,0.09256669878959656,-0.16215473413467407,-0.023375019864545266,0.1061985194683075,-0.20834606885910034,-0.0346548151833872,0.027312055230140686,-0.1843981146812439,-0.0007921050096797444,0.05330631136894226,-0.2259630560874939,-0.025215963335142533,0.08667075634002686,-0.23686867952346802,-0.0447154421968321,0.11453127861022949,-0.23260021209716797,-0.054150566892133156,0.006764709949493408,-0.19294673204421997,-0.012800388471589486,0.005048036575317383,-0.280783474445343,-0.03182047648857633,0.03616246581077576,-0.3059636950492859,-0.04215426041315595,0.06474164128303528,-0.29900985956192017,-0.04550569920371572,-0.013477593660354614,-0.18104010820388794,-0.027991731153235833,-0.02634584903717041,-0.2657383680343628,-0.04737563847135107,0.003543451428413391,-0.29341405630111694,-0.052198052839742104,0.033907949924468994,-0.29088151454925537,-0.050891027287946144,-0.030488431453704834,-0.15587365627288818,-0.044265099303231636,-0.04605528712272644,-0.22376126050949097,-0.061272427873120705,-0.025074362754821777,-0.25444477796554565,-0.06354510454963247,0.0015287995338439941,-0.25738418102264404,-0.060994476513371865,0.1658743147885541,0.10049390263473004,0.049464125596996936,0.0,0.13051455493985345,0.07995087508532,0.03221463446663732,0.1413977586419385,0.1002812912636043,0.11091276222215957,3
0.042390137910842896,-0.05825066566467285,-0.004419923262105385,0.06951189041137695,-0.11756503582000732,-0.012029171423421303,0.09256669878959656,-0.16215473413467407,-0.023375019864545266,0.1061985194683075,-0.20834606885910034,-0.0346548151833872,0.027312055230140686,-0.1843981146812439,-0.0007921050096797444,0.05330631136894226,-0.2259630560874939,-0.025215963335142533,0.08667075634002686,-0.23686867952346802,-0.0447154421968321,0.11453127861022949,-0.23260021209716797,-0.054150566892133156,0.006764709949493408,-0.19294673204421997,-0.012800388471589486,0.005048036575317383,-0.280783474445343,-0.03182047648857633,0.03616246581077576,-0.3059636950492859,-0.04215426041315595,0.06474164128303528,-0.29900985956192017,-0.04550569920371572,-0.013477593660354614,-0.18104010820388794,-0.027991731153235833,-0.02634584903717041,-0.2657383680343628,-0.04737563847135107,0.003543451428413391,-0.29341405630111694,-0.052198052839742104,0.033907949924468994,-0.29088151454925537,-0.050891027287946144,-0.030488431453704834,-0.15587365627288818,-0.044265099303231636,-0.04605528712272644,-0.22376126050949097,-0.061272427873120705,-0.025074362754821777,-0.25444477796554565,-0.06354510454963247,0.0015287995338439941,-0.25738418102264404,-0.060994476513371865,0.1658743147885541,0.10049390263473004,0.049464125596996936,0.0,0.13051455493985345,0.07995087508532,0.03221463446663732,0.1413977586419385,0.1002812912636043,0.11091276222215957,3
0.042390137910842896,-0.05825066566467285,-0.004419923262105385,0.06951189041137695,-0.11756503582000732,-0.012029171423421303,0.09256669878959656,-0.16215473413467407,-0.023375019864545266,0.1061985194683075,-0.20834606885910034,-0.0346548151833872,0.027312055230140686,-0.1843981146812439,-0.0007921050096797444,0.05330631136894226,-0.2259630560874939,-0.025215963335142533,0.08667075634002686,-0.23686867952346802,-0.0447154421968321,0.11453127861022949,-0.23260021209716797,-0.054150566892133156,0.006764709949493408,-0.19294673204421997,-0.012800388471589486,0.005048036575317383,-0.280783474445343,-0.03182047648857633,0.03616246581077576,-0.3059636950492859,-0.04215426041315595,0.06474164128303528,-0.29900985956192017,-0.04550569920371572,-0.013477593660354614,-0.18104010820388794,-0.027991731153235833,-0.02634584903717041,-0.2657383680343628,-0.04737563847135107,0.003543451428413391,-0.29341405630111694,-0.052198052839742104,0.033907949924468994,-0.29088151454925537,-0.050891027287946144,-0.030488431453704834,-0.15587365627288818,-0.044265099303231636,-0.04605528712272644,-0.22376126050949097,-0.061272427873120705,-0.025074362754821777,-0.25444477796554565,-0.06354510454963247,0.0015287995338439941,-0.25738418102264404,-0.060994476513371865,0.1658743147885541,0.10049390263473004,0.049464125596996936,0.0,0.13051455493985345,0.07995087508532,0.03221463446663732,0.1413977586419385,0.1002812912636043,0.11091276222215957,3
0.042390137910842896,-0.05825066566467285,-0.004419923262105385,0.06951189041137695,-0.11756503582000732,-0.012029171423421303,0.09256669878959656,-0.16215473413467407,-0.023375019864545266,0.1061985194683075,-0.20834606885910034,-0.0346548151833872,0.027312055230140686,-0.1843981146812439,-0.0007921050096797444,0.05330631136894226,-0.2259630560874939,-0.025215963335142533,0.08667075634002686,-0.23686867952346802,-0.0447154421968321,0.11453127861022949,-0.23260021209716797,-0.054150566892133156,0.006764709949493408,-0.19294673204421997,-0.012800388471589486,0.005048036575317383,-0.280783474445343,-0.03182047648857633,0.03616246581077576,-0.3059636950492859,-0.04215426041315595,0.06474164128303528,-0.29900985956192017,-0.04550569920371572,-0.013477593660354614,-0.18104010820388794,-0.027991731153235833,-0.02634584903717041,-0.2657383680343628,-0.04737563847135107,0.003543451428413391,-0.29341405630111694,-0.052198052839742104,0.033907949924468994,-0.29088151454925537,-0.050891027287946144,-0.030488431453704834,-0.15587365627288818,-0.044265099303231636,-0.04605528712272644,-0.22376126050949097,-0.061272427873120705,-0.025074362754821777,-0.25444477796554565,-0.06354510454963247,0.0015287995338439941,-0.25738418102264404,-0.060994476513371865,0.1658743147885541,0.10049390263473004,0.049464125596996936,0.0,0.13051455493985345,0.07995087508532,0.03221463446663732,0.1413977586419385,0.1002812912636043,0.11091276222215957,3
0.042390137910842896,-0.05825066566467285,-0.004419923262105385,0.06951189041137695,-0.11756503582000732,-0.012029171423421303,0.09256669878959656,-0.16215473413467407,-0.023375019864545266,0.1061985194683075,-0.20834606885910034,-0.0346548151833872,0.027312055230140686,-0.1843981146812439,-0.0007921050096797444,0.05330631136894226,-0.2259630560874939,-0.025215963335142533,0.08667075634002686,-0.23686867952346802,-0.0447154421968321,0.11453127861022949,-0.23260021209716797,-0.054150566892133156,0.006764709949493408,-0.19294673204421997,-0.012800388471589486,0.005048036575317383,-0.280783474445343,-0.03182047648857633,0.03616246581077576,-0.3059636950492859,-0.04215426041315595,0.06474164128303528,-0.29900985956192017,-0.04550569920371572,-0.013477593660354614,-0.18104010820388794,-0.027991731153235833,-0.02634584903717041,-0.2657383680343628,-0.04737563847135107,0.003543451428413391,-0.29341405630111694,-0.052198052839742104,0.033907949924468994,-0.29088151454925537,-0.050891027287946144,-0.030488431453704834,-0.15587365627288818,-0.044265099303231636,-0.04605528712272644,-0.22376126050949097,-0.061272427873120705,-0.025074362754821777,-0.25444477796554565,-0.06354510454963247,0.0015287995338439941,-0.25738418102264404,-0.060994476513371865,0.1658743147885541,0.10049390263473004,0.049464125596996936,0.0,0.13051455493985345,0.07995087508532,0.03221463446663732,0.1413977586419385,0.1002812912636043,0.11091276222215957,3
0.042390137910842896,-0.05825066566467285,-0.004419923262105385,0.06951189041137695,-0.11756503582000732,-0.012029171423421303,0.09256669878959656,-0.16215473413467407,-0.023375019864545266,0.1061985194683075,-0.20834606885910034,-0.0346548151833872,0.027312055230140686,-0.1843981146812439,-0.0007921050096797444,0.05330631136894226,-0.2259630560874939,-0.025215963335142533,0.08667075634002686,-0.23686867952346802,-0.0447154421968321,0.11453127861022949,-0.23260021209716797,-0.054150566892133156,0.006764709949493408,-0.19294673204421997,-0.012800388471589486,0.005048036575317383,-0.280783474445343,-0.03182047648857633,0.03616246581077576,-0.3059636950492859,-0.04215426041315595,0.06474164128303528,-0.29900985956192017,-0.04550569920371572,-0.013477593660354614,-0.18104010820388794,-0.027991731153235833,-0.02634584903717041,-0.2657383680343628,-0.04737563847135107,0.003543451428413391,-0.29341405630111694,-0.052198052839742104,0.033907949924468994,-0.29088151454925537,-0.050891027287946144,-0.030488431453704834,-0.15587365627288818,-0.044265099303231636,-0.04605528712272644,-0.22376126050949097,-0.061272427873120705,-0.025074362754821777,-0.25444477796554565,-0.06354510454963247,0.0015287995338439941,-0.25738418102264404,-0.060994476513371865,0.1658743147885541,0.10049390263473004,0.049464125596996936,0.0,0.13051455493985345,0.07995087508532,0.03221463446663732,0.1413977586419385,0.1002812912636043,0.11091276222215957,3
0.042390137910842896,-0.05825066566467285,-0.004419923262105385,0.06951189041137695,-0.11756503582000732,-0.012029171423421303,0.09256669878959656,-0.16215473413467407,-0.023375019864545266,0.1061985194683075,-0.20834606885910034,-0.0346548151833872,0.027312055230140686,-0.1843981146812439,-0.0007921050096797444,0.05330631136894226,-0.2259630560874939,-0.025215963335142533,0.08667075634002686,-0.23686867952346802,-0.0447154421968321,0.11453127861022949,-0.23260021209716797,-0.054150566892133156,0.006764709949493408,-0.19294673204421997,-0.012800388471589486,0.005048036575317383,-0.280783474445343,-0.03182047648857633,0.03616246581077576,-0.3059636950492859,-0.04215426041315595,0.06474164128303528,-0.29900985956192017,-0.04550569920371572,-0.013477593660354614,-0.18104010820388794,-0.027991731153235833,-0.02634584903717041,-0.2657383680343628,-0.04737563847135107,0.003543451428413391,-0.29341405630111694,-0.052198052839742104,0.033907949924468994,-0.29088151454925537,-0.050891027287946144,-0.030488431453704834,-0.15587365627288818,-0.044265099303231636,-0.04605528712272644,-0.22376126050949097,-0.061272427873120705,-0.025074362754821777,-0.25444477796554565,-0.06354510454963247,0.0015287995338439941,-0.25738418102264404,-0.060994476513371865,0.1658743147885541,0.10049390263473004,0.049464125596996936,0.0,0.13051455493985345,0.07995087508532,0.03221463446663732,0.1413977586419385,0.1002812912636043,0.11091276222215957,3
0.042390137910842896,-0.05825066566467285,-0.004419923262105385,0.06951189041137695,-0.11756503582000732,-0.012029171423421303,0.09256669878959656,-0.16215473413467407,-0.023375019864545266,0.1061985194683075,-0.20834606885910034,-0.0346548151833872,0.027312055230140686,-0.1843981146812439,-0.0007921050096797444,0.05330631136894226,-0.2259630560874939,-0.025215963335142533,0.08667075634002686,-0.23686867952346802,-0.0447154421968321,0.11453127861022949,-0.23260021209716797,-0.054150566892133156,0.006764709949493408,-0.19294673204421997,-0.012800388471589486,0.005048036575317383,-0.280783474445343,-0.03182047648857633,0.03616246581077576,-0.3059636950492859,-0.04215426041315595,0.06474164128303528,-0.29900985956192017,-0.04550569920371572,-0.013477593660354614,-0.18104010820388794,-0.027991731153235833,-0.02634584903717041,-0.2657383680343628,-0.04737563847135107,0.003543451428413391,-0.29341405630111694,-0.052198052839742104,0.033907949924468994,-0.29088151454925537,-0.050891027287946144,-0.030488431453704834,-0.15587365627288818,-0.044265099303231636,-0.04605528712272644,-0.22376126050949097,-0.061272427873120705,-0.025074362754821777,-0.25444477796554565,-0.06354510454963247,0.0015287995338439941,-0.25738418102264404,-0.060994476513371865,0.1658743147885541,0.10049390263473004,0.049464125596996936,0.0,0.13051455493985345,0.07995087508532,0.03221463446663732,0.1413977586419385,0.1002812912636043,0.11091276222215957,3
0.042390137910842896,-0.05825066566467285,-0.004419923262105385,0.06951189041137695,-0.11756503582000732,-0.012029171423421303,0.09256669878959656,-0.16215473413467407,-0.023375019864545266,0.1061985194683075,-0.20834606885910034,-0.0346548151833872,0.027312055230140686,-0.1843981146812439,-0.0007921050096797444,0.05330631136894226,-0.2259630560874939,-0.025215963335142533,0.08667075634002686,-0.23686867952346802,-0.0447154421968321,0.11453127861022949,-0.23260021209716797,-0.054150566892133156,0.006764709949493408,-0.19294673204421997,-0.012800388471589486,0.005048036575317383,-0.280783474445343,-0.03182047648857633,0.03616246581077576,-0.3059636950492859,-0.04215426041315595,0.06474164128303528,-0.29900985956192017,-0.04550569920371572,-0.013477593660354614,-0.18104010820388794,-0.027991731153235833,-0.02634584903717041,-0.2657383680343628,-0.04737563847135107,0.003543451428413391,-0.29341405630111694,-0.052198052839742104,0.033907949924468994,-0.29088151454925537,-0.050891027287946144,-0.030488431453704834,-0.15587365627288818,-0.044265099303231636,-0.04605528712272644,-0.22376126050949097,-0.061272427873120705,-0.025074362754821777,-0.25444477796554565,-0.06354510454963247,0.0015287995338439941,-0.25738418102264404,-0.060994476513371865,0.1658743147885541,0.10049390263473004,0.049464125596996936,0.0,0.13051455493985345,0.07995087508532,0.03221463446663732,0.1413977586419385,0.1002812912636043,0.11091276222215957,3
0.042390137910842896,-0.05825066566467285,-0.004419923262105385,0.06951189041137695,-0.11756503582000732,-0.012029171423421303,0.09256669878959656,-0.16215473413467407,-0.023375019864545266,0.1061985194683075,-0.20834606885910034,-0.0346548151833872,0.027312055230140686,-0.1843981146812439,-0.0007921050096797444,0.05330631136894226,-0.2259630560874939,-0.025215963335142533,0.08667075634002686,-0.23686867952346802,-0.0447154421968321,0.11453127861022949,-0.23260021209716797,-0.054150566892133156,0.006764709949493408,-0.19294673204421997,-0.012800388471589486,0.005048036575317383,-0.280783474445343,-0.03182047648857633,0.03616246581077576,-0.3059636950492859,-0.04215426041315595,0.06474164128303528,-0.29900985956192017,-0.04550569920371572,-0.013477593660354614,-0.18104010820388794,-0.027991731153235833,-0.02634584903717041,-0.2657383680343628,-0.04737563847135107,0.003543451428413391,-0.29341405630111694,-0.052198052839742104,0.033907949924468994,-0.29088151454925537,-0.050891027287946144,-0.030488431453704834,-0.15587365627288818,-0.044265099303231636,-0.04605528712272644,-0.22376126050949097,-0.061272427873120705,-0.025074362754821777,-0.25444477796554565,-0.06354510454963247,0.0015287995338439941,-0.25738418102264404,-0.060994476513371865,0.1658743147885541,0.10049390263473004,0.049464125596996936,0.0,0.13051455493985345,0.07995087508532,0.03221463446663732,0.1413977586419385,0.1002812912636043,0.11091276222215957,3
0.042390137910842896,-0.05825066566467285,-0.004419923262105385,0.06951189041137695,-0.11756503582000732,-0.012029171423421303,0.09256669878959656,-0.16215473413467407,-0.023375019864545266,0.1061985194683075,-0.20834606885910034,-0.0346548151833872,0.027312055230140686,-0.1843981146812439,-0.0007921050096797444,0.05330631136894226,-0.2259630560874939,-0.025215963335142533,0.08667075634002686,-0.23686867952346802,-0.0447154421968321,0.11453127861022949,-0.23260021209716797,-0.054150566892133156,0.006764709949493408,-0.19294673204421997,-0.012800388471589486,0.005048036575317383,-0.280783474445343,-0.03182047648857633,0.03616246581077576,-0.3059636950492859,-0.04215426041315595,0.06474164128303528,-0.29900985956192017,-0.04550569920371572,-0.013477593660354614,-0.18104010820388794,-0.027991731153235833,-0.02634584903717041,-0.2657383680343628,-0.04737563847135107,0.003543451428413391,-0.29341405630111694,-0.052198052839742104,0.033907949924468994,-0.29088151454925537,-0.050891027287946144,-0.030488431453704834,-0.15587365627288818,-0.044265099303231636,-0.04605528712272644,-0.22376126050949097,-0.061272427873120705,-0.025074362754821777,-0.25444477796554565,-0.06354510454963247,0.0015287995338439941,-0.25738418102264404,-0.060994476513371865,0.1658743147885541,0.10049390263473004,0.049464125596996936,0.0,0.13051455493985345,0.07995087508532,0.03221463446663732,0.1413977586419385,0.1002812912636043,0.11091276222215957,3
0.042390137910842896,-0.05825066566467285,-0.004419923262105385,0.06951189041137695,-0.11756503582000732,-0.012029171423421303,0.09256669878959656,-0.16215473413467407,-0.023375019864545266,0.1061985194683075,-0.20834606885910034,-0.0346548151833872,0.027312055230140686,-0.1843981146812439,-0.0007921050096797444,0.05330631136894226,-0.2259630560874939,-0.025215963335142533,0.08667075634002686,-0.23686867952346802,-0.0447154421968321,0.11453127861022949,-0.23260021209716797,-0.054150566892133156,0.006764709949493408,-0.19294673204421997,-0.012800388471589486,0.005048036575317383,-0.280783474445343,-0.03182047648857633,0.03616246581077576,-0.3059636950492859,-0.04215426041315595,0.06474164128303528,-0.29900985956192017,-0.04550569920371572,-0.013477593660354614,-0.18104010820388794,-0.027991731153235833,-0.02634584903717041,-0.2657383680343628,-0.04737563847135107,0.003543451428413391,-0.29341405630111694,-0.052198052839742104,0.033907949924468994,-0.29088151454925537,-0.050891027287946144,-0.030488431453704834,-0.15587365627288818,-0.044265099303231636,-0.04605528712272644,-0.22376126050949097,-0.061272427873120705,-0.025074362754821777,-0.25444477796554565,-0.06354510454963247,0.0015287995338439941,-0.25738418102264404,-0.060994476513371865,0.1658743147885541,0.10049390263473004,0.049464125596996936,0.0,0.13051455493985345,0.07995087508532,0.03221463446663732,0.1413977586419385,0.1002812912636043,0.11091276222215957,3
0.042390137910842896,-0.05825066566467285,-0.004419923262105385,0.06951189041137695,-0.11756503582000732,-0.012029171423421303,0.09256669878959656,-0.16215473413467407,-0.023375019864545266,0.1061985194683075,-0.20834606885910034,-0.0346548151833872,0.027312055230140686,-0.1843981146812439,-0.0007921050096797444,0.05330631136894226,-0.2259630560874939,-0.025215963335142533,0.08667075634002686,-0.23686867952346802,-0.0447154421968321,0.11453127861022949,-0.23260021209716797,-0.054150566892133156,0.006764709949493408,-0.19294673204421997,-0.012800388471589486,0.005048036575317383,-0.280783474445343,-0.03182047648857633,0.03616246581077576,-0.3059636950492859,-0.04215426041315595,0.06474164128303528,-0.29900985956192017,-0.04550569920371572,-0.013477593660354614,-0.18104010820388794,-0.027991731153235833,-0.02634584903717041,-0.2657383680343628,-0.04737563847135107,0.003543451428413391,-0.29341405630111694,-0.052198052839742104,0.033907949924468994,-0.29088151454925537,-0.050891027287946144,-0.030488431453704834,-0.15587365627288818,-0.044265099303231636,-0.04605528712272644,-0.22376126050949097,-0.061272427873120705,-0.025074362754821777,-0.25444477796554565,-0.06354510454963247,0.0015287995338439941,-0.25738418102264404,-0.060994476513371865,0.1658743147885541,0.10049390263473004,0.049464125596996936,0.0,0.13051455493985345,0.07995087508532,0.03221463446663732,0.1413977586419385,0.1002812912636043,0.11091276222215957,3
0.042390137910842896,-0.05825066566467285,-0.004419923262105385,0.06951189041137695,-0.11756503582000732,-0.012029171423421303,0.09256669878959656,-0.16215473413467407,-0.023375019864545266,0.1061985194683075,-0.20834606885910034,-0.0346548151833872,0.027312055230140686,-0.1843981146812439,-0.0007921050096797444,0.05330631136894226,-0.2259630560874939,-0.025215963335142533,0.08667075634002686,-0.23686867952346802,-0.0447154421968321,0.11453127861022949,-0.23260021209716797,-0.054150566892133156,0.006764709949493408,-0.19294673204421997,-0.012800388471589486,0.005048036575317383,-0.280783474445343,-0.03182047648857633,0.03616246581077576,-0.3059636950492859,-0.04215426041315595,0.06474164128303528,-0.29900985956192017,-0.04550569920371572,-0.013477593660354614,-0.18104010820388794,-0.027991731153235833,-0.02634584903717041,-0.2657383680343628,-0.04737563847135107,0.003543451428413391,-0.29341405630111694,-0.052198052839742104,0.033907949924468994,-0.29088151454925537,-0.050891027287946144,-0.030488431453704834,-0.15587365627288818,-0.044265099303231636,-0.04605528712272644,-0.22376126050949097,-0.061272427873120705,-0.025074362754821777,-0.25444477796554565,-0.06354510454963247,0.0015287995338439941,-0.25738418102264404,-0.060994476513371865,0.1658743147885541,0.10049390263473004,0.049464125596996936,0.0,0.13051455493985345,0.07995087508532,0.03221463446663732,0.1413977586419385,0.1002812912636043,0.11091276222215957,3
0.042390137910842896,-0.05825066566467285,-0.004419923262105385,0.06951189041137695,-0.11756503582000732,-0.012029171423421303,0.09256669878959656,-0.16215473413467407,-0.023375019864545266,0.1061985194683075,-0.20834606885910034,-0.0346548151833872,0.027312055230140686,-0.1843981146812439,-0.0007921050096797444,0.05330631136894226,-0.2259630560874939,-0.025215963335142533,0.08667075634002686,-0.23686867952346802,-0.0447154421968321,0.11453127861022949,-0.23260021209716797,-0.054150566892133156,0.006764709949493408,-0.19294673204421997,-0.012800388471589486,0.005048036575317383,-0.280783474445343,-0.03182047648857633,0.03616246581077576,-0.3059636950492859,-0.04215426041315595,0.06474164128303528,-0.29900985956192017,-0.04550569920371572,-0.013477593660354614,-0.18104010820388794,-0.027991731153235833,-0.02634584903717041,-0.2657383680343628,-0.04737563847135107,0.003543451428413391,-0.29341405630111694,-0.052198052839742104,0.033907949924468994,-0.29088151454925537,-0.050891027287946144,-0.030488431453704834,-0.15587365627288818,-0.044265099303231636,-0.04605528712272644,-0.22376126050949097,-0.061272427873120705,-0.025074362754821777,-0.25444477796554565,-0.06354510454963247,0.0015287995338439941,-0.25738418102264404,-0.060994476513371865,0.1658743147885541,0.10049390263473004,0.049464125596996936,0.0,0.13051455493985345,0.07995087508532,0.03221463446663732,0.1413977586419385,0.1002812912636043,0.11091276222215957,3
0.042390137910842896,-0.05825066566467285,-0.004419923262105385,0.06951189041137695,-0.11756503582000732,-0.012029171423421303,0.09256669878959656,-0.16215473413467407,-0.023375019864545266,0.1061985194683075,-0.20834606885910034,-0.0346548151833872,0.027312055230140686,-0.1843981146812439,-0.0007921050096797444,0.05330631136894226,-0.2259630560874939,-0.025215963335142533,0.08667075634002686,-0.23686867952346802,-0.0447154421968321,0.11453127861022949,-0.23260021209716797,-0.054150566892133156,0.006764709949493408,-0.19294673204421997,-0.012800388471589486,0.005048036575317383,-0.280783474445343,-0.03182047648857633,0.03616246581077576,-0.3059636950492859,-0.04215426041315595,0.06474164128303528,-0.29900985956192017,-0.04550569920371572,-0.013477593660354614,-0.18104010820388794,-0.027991731153235833,-0.02634584903717041,-0.2657383680343628,-0.04737563847135107,0.003543451428413391,-0.29341405630111694,-0.052198052839742104,0.033907949924468994,-0.29088151454925537,-0.050891027287946144,-0.030488431453704834,-0.15587365627288818,-0.044265099303231636,-0.04605528712272644,-0.22376126050949097,-0.061272427873120705,-0.025074362754821777,-0.25444477796554565,-0.06354510454963247,0.0015287995338439941,-0.25738418102264404,-0.060994476513371865,0.1658743147885541,0.10049390263473004,0.049464125596996936,0.0,0.13051455493985345,0.07995087508532,0.03221463446663732,0.1413977586419385,0.1002812912636043,0.11091276222215957,3
0.042390137910842896,-0.05825066566467285,-0.004419923262105385,0.06951189041137695,-0.11756503582000732,-0.012029171423421303,0.09256669878959656,-0.16215473413467407,-0.023375019864545266,0.1061985194683075,-0.20834606885910034,-0.0346548151833872,0.027312055230140686,-0.1843981146812439,-0.0007921050096797444,0.05330631136894226,-0.2259630560874939,-0.025215963335142533,0.08667075634002686,-0.23686867952346802,-0.0447154421968321,0.11453127861022949,-0.23260021209716797,-0.054150566892133156,0.006764709949493408,-0.19294673204421997,-0.012800388471589486,0.005048036575317383,-0.280783474445343,-0.03182047648857633,0.03616246581077576,-0.3059636950492859,-0.04215426041315595,0.06474164128303528,-0.29900985956192017,-0.04550569920371572,-0.013477593660354614,-0.18104010820388794,-0.027991731153235833,-0.02634584903717041,-0.2657383680343628,-0.04737563847135107,0.003543451428413391,-0.29341405630111694,-0.052198052839742104,0.033907949924468994,-0.29088151454925537,-0.050891027287946144,-0.030488431453704834,-0.15587365627288818,-0.044265099303231636,-0.04605528712272644,-0.22376126050949097,-0.061272427873120705,-0.025074362754821777,-0.25444477796554565,-0.06354510454963247,0.0015287995338439941,-0.25738418102264404,-0.060994476513371865,0.1658743147885541,0.10049390263473004,0.049464125596996936,0.0,0.13051455493985345,0.07995087508532,0.03221463446663732,0.1413977586419385,0.1002812912636043,0.11091276222215957,3
0.042390137910842896,-0.05825066566467285,-0.004419923262105385,0.06951189041137695,-0.11756503582000732,-0.012029171423421303,0.09256669878959656,-0.16215473413467407,-0.023375019864545266,0.1061985194683075,-0.20834606885910034,-0.0346548151833872,0.027312055230140686,-0.1843981146812439,-0.0007921050096797444,0.05330631136894226,-0.2259630560874939,-0.025215963335142533,0.08667075634002686,-0.23686867952346802,-0.0447154421968321,0.11453127861022949,-0.23260021209716797,-0.054150566892133156,0.006764709949493408,-0.19294673204421997,-0.012800388471589486,0.005048036575317383,-0.280783474445343,-0.03182047648857633,0.03616246581077576,-0.3059636950492859,-0.04215426041315595,0.06474164128303528,-0.29900985956192017,-0.04550569920371572,-0.013477593660354614,-0.18104010820388794,-0.027991731153235833,-0.02634584903717041,-0.2657383680343628,-0.04737563847135107,0.003543451428413391,-0.29341405630111694,-0.052198052839742104,0.033907949924468994,-0.29088151454925537,-0.050891027287946144,-0.030488431453704834,-0.15587365627288818,-0.044265099303231636,-0.04605528712272644,-0.22376126050949097,-0.061272427873120705,-0.025074362754821777,-0.25444477796554565,-0.06354510454963247,0.0015287995338439941,-0.25738418102264404,-0.060994476513371865,0.1658743147885541,0.10049390263473004,0.049464125596996936,0.0,0.13051455493985345,0.07995087508532,0.03221463446663732,0.1413977586419385,0.1002812912636043,0.11091276222215957,3
0.042390137910842896,-0.05825066566467285,-0.004419923262105385,0.06951189041137695,-0.11756503582000732,-0.012029171423421303,0.09256669878959656,-0.16215473413467407,-0.023375019864545266,0.1061985194683075,-0.20834606885910034,-0.0346548151833872,0.027312055230140686,-0.1843981146812439,-0.0007921050096797444,0.05330631136894226,-0.2259630560874939,-0.025215963335142533,0.08667075634002686,-0.23686867952346802,-0.0447154421968321,0.11453127861022949,-0.23260021209716797,-0.054150566892133156,0.006764709949493408,-0.19294673204421997,-0.012800388471589486,0.005048036575317383,-0.280783474445343,-0.03182047648857633,0.03616246581077576,-0.3059636950492859,-0.04215426041315595,0.06474164128303528,-0.29900985956192017,-0.04550569920371572,-0.013477593660354614,-0.18104010820388794,-0.027991731153235833,-0.02634584903717041,-0.2657383680343628,-0.04737563847135107,0.003543451428413391,-0.29341405630111694,-0.052198052839742104,0.033907949924468994,-0.29088151454925537,-0.050891027287946144,-0.030488431453704834,-0.15587365627288818,-0.044265099303231636,-0.04605528712272644,-0.22376126050949097,-0.061272427873120705,-0.025074362754821777,-0.25444477796554565,-0.06354510454963247,0.0015287995338439941,-0.25738418102264404,-0.060994476513371865,0.1658743147885541,0.10049390263473004,0.049464125596996936,0.0,0.13051455493985345,0.07995087508532,0.03221463446663732,0.1413977586419385,0.1002812912636043,0.11091276222215957,3
0.042390137910842896,-0.05825066566467285,-0.004419923262105385,0.06951189041137695,-0.11756503582000732,-0.012029171423421303,0.09256669878959656,-0.16215473413467407,-0.023375019864545266,0.1061985194683075,-0.20834606885910034,-0.0346548151833872,0.027312055230140686,-0.1843981146812439,-0.0007921050096797444,0.05330631136894226,-0.2259630560874939,-0.025215963335142533,0.08667075634002686,-0.23686867952346802,-0.0447154421968321,0.11453127861022949,-0.23260021209716797,-0.054150566892133156,0.006764709949493408,-0.19294673204421997,-0.012800388471589486,0.005048036575317383,-0.280783474445343,-0.03182047648857633,0.03616246581077576,-0.3059636950492859,-0.04215426041315595,0.06474164128303528,-0.29900985956192017,-0.04550569920371572,-0.013477593660354614,-0.18104010820388794,-0.027991731153235833,-0.02634584903717041,-0.2657383680343628,-0.04737563847135107,0.003543451428413391,-0.29341405630111694,-0.052198052839742104,0.033907949924468994,-0.29088151454925537,-0.050891027287946144,-0.030488431453704834,-0.15587365627288818,-0.044265099303231636,-0.04605528712272644,-0.22376126050949097,-0.061272427873120705,-0.025074362754821777,-0.25444477796554565,-0.06354510454963247,0.0015287995338439941,-0.25738418102264404,-0.060994476513371865,0.1658743147885541,0.10049390263473004,0.049464125596996936,0.0,0.13051455493985345,0.07995087508532,0.03221463446663732,0.1413977586419385,0.1002812912636043,0.11091276222215957,3
0.042390137910842896,-0.05825066566467285,-0.004419923262105385,0.06951189041137695,-0.11756503582000732,-0.012029171423421303,0.09256669878959656,-0.16215473413467407,-0.023375019864545266,0.1061985194683075,-0.20834606885910034,-0.0346548151833872,0.027312055230140686,-0.1843981146812439,-0.0007921050096797444,0.05330631136894226,-0.2259630560874939,-0.025215963335142533,0.08667075634002686,-0.23686867952346802,-0.0447154421968321,0.11453127861022949,-0.23260021209716797,-0.054150566892133156,0.006764709949493408,-0.19294673204421997,-0.012800388471589486,0.005048036575317383,-0.280783474445343,-0.03182047648857633,0.03616246581077576,-0.3059636950492859,-0.04215426041315595,0.06474164128303528,-0.29900985956192017,-0.04550569920371572,-0.013477593660354614,-0.18104010820388794,-0.027991731153235833,-0.02634584903717041,-0.2657383680343628,-0.04737563847135107,0.003543451428413391,-0.29341405630111694,-0.052198052839742104,0.033907949924468994,-0.29088151454925537,-0.050891027287946144,-0.030488431453704834,-0.15587365627288818,-0.044265099303231636,-0.04605528712272644,-0.22376126050949097,-0.061272427873120705,-0.025074362754821777,-0.25444477796554565,-0.06354510454963247,0.0015287995338439941,-0.25738418102264404,-0.060994476513371865,0.1658743147885541,0.10049390263473004,0.049464125596996936,0.0,0.13051455493985345,0.07995087508532,0.03221463446663732,0.1413977586419385,0.1002812912636043,0.11091276222215957,3
0.042390137910842896,-0.05825066566467285,-0.004419923262105385,0.06951189041137695,-0.11756503582000732,-0.012029171423421303,0.09256669878959656,-0.16215473413467407,-0.023375019864545266,0.1061985194683075,-0.20834606885910034,-0.0346548151833872,0.027312055230140686,-0.1843981146812439,-0.0007921050096797444,0.05330631136894226,-0.2259630560874939,-0.025215963335142533,0.08667075634002686,-0.23686867952346802,-0.0447154421968321,0.11453127861022949,-0.23260021209716797,-0.054150566892133156,0.006764709949493408,-0.19294673204421997,-0.012800388471589486,0.005048036575317383,-0.280783474445343,-0.03182047648857633,0.03616246581077576,-0.3059636950492859,-0.04215426041315595,0.06474164128303528,-0.29900985956192017,-0.04550569920371572,-0.013477593660354614,-0.18104010820388794,-0.027991731153235833,-0.02634584903717041,-0.2657383680343628,-0.04737563847135107,0.003543451428413391,-0.29341405630111694,-0.052198052839742104,0.033907949924468994,-0.29088151454925537,-0.050891027287946144,-0.030488431453704834,-0.15587365627288818,-0.044265099303231636,-0.04605528712272644,-0.22376126050949097,-0.061272427873120705,-0.025074362754821777,-0.25444477796554565,-0.06354510454963247,0.0015287995338439941,-0.25738418102264404,-0.060994476513371865,0.1658743147885541,0.10049390263473004,0.049464125596996936,0.0,0.13051455493985345,0.07995087508532,0.03221463446663732,0.1413977586419385,0.1002812912636043,0.11091276222215957,3
0.042390137910842896,-0.05825066566467285,-0.004419923262105385,0.06951189041137695,-0.11756503582000732,-0.012029171423421303,0.09256669878959656,-0.16215473413467407,-0.023375019864545266,0.1061985194683075,-0.20834606885910034,-0.0346548151833872,0.027312055230140686,-0.1843981146812439,-0.0007921050096797444,0.05330631136894226,-0.2259630560874939,-0.025215963335142533,0.08667075634002686,-0.23686867952346802,-0.0447154421968321,0.11453127861022949,-0.23260021209716797,-0.054150566892133156,0.006764709949493408,-0.19294673204421997,-0.012800388471589486,0.005048036575317383,-0.280783474445343,-0.03182047648857633,0.03616246581077576,-0.3059636950492859,-0.04215426041315595,0.06474164128303528,-0.29900985956192017,-0.04550569920371572,-0.013477593660354614,-0.18104010820388794,-0.027991731153235833,-0.02634584903717041,-0.2657383680343628,-0.04737563847135107,0.003543451428413391,-0.29341405630111694,-0.052198052839742104,0.033907949924468994,-0.29088151454925537,-0.050891027287946144,-0.030488431453704834,-0.15587365627288818,-0.044265099303231636,-0.04605528712272644,-0.22376126050949097,-0.061272427873120705,-0.025074362754821777,-0.25444477796554565,-0.06354510454963247,0.0015287995338439941,-0.25738418102264404,-0.060994476513371865,0.1658743147885541,0.10049390263473004,0.049464125596996936,0.0,0.13051455493985345,0.07995087508532,0.03221463446663732,0.1413977586419385,0.1002812912636043,0.11091276222215957,3
0.042390137910842896,-0.05825066566467285,-0.004419923262105385,0.06951189041137695,-0.11756503582000732,-0.012029171423421303,0.09256669878959656,-0.16215473413467407,-0.023375019864545266,0.1061985194683075,-0.20834606885910034,-0.0346548151833872,0.027312055230140686,-0.1843981146812439,-0.0007921050096797444,0.05330631136894226,-0.2259630560874939,-0.025215963335142533,0.08667075634002686,-0.23686867952346802,-0.0447154421968321,0.11453127861022949,-0.23260021209716797,-0.054150566892133156,0.006764709949493408,-0.19294673204421997,-0.012800388471589486,0.005048036575317383,-0.280783474445343,-0.03182047648857633,0.03616246581077576,-0.3059636950492859,-0.04215426041315595,0.06474164128303528,-0.29900985956192017,-0.04550569920371572,-0.013477593660354614,-0.18104010820388794,-0.027991731153235833,-0.02634584903717041,-0.2657383680343628,-0.04737563847135107,0.003543451428413391,-0.29341405630111694,-0.052198052839742104,0.033907949924468994,-0.29088151454925537,-0.050891027287946144,-0.030488431453704834,-0.15587365627288818,-0.044265099303231636,-0.04605528712272644,-0.22376126050949097,-0.061272427873120705,-0.025074362754821777,-0.25444477796554565,-0.06354510454963247,0.0015287995338439941,-0.25738418102264404,-0.060994476513371865,0.1658743147885541,0.10049390263473004,0.049464125596996936,0.0,0.13051455493985345,0.07995087508532,0.03221463446663732,0.1413977586419385,0.1002812912636043,0.11091276222215957,3
0.042390137910842896,-0.05825066566467285,-0.004419923262105385,0.06951189041137695,-0.11756503582000732,-0.012029171423421303,0.09256669878959656,-0.16215473413467407,-0.023375019864545266,0.1061985194683075,-0.20834606885910034,-0.0346548151833872,0.027312055230140686,-0.1843981146812439,-0.0007921050096797444,0.05330631136894226,-0.2259630560874939,-0.025215963335142533,0.08667075634002686,-0.23686867952346802,-0.0447154421968321,0.11453127861022949,-0.23260021209716797,-0.054150566892133156,0.006764709949493408,-0.19294673204421997,-0.012800388471589486,0.005048036575317383,-0.280783474445343,-0.03182047648857633,0.03616246581077576,-0.3059636950492859,-0.04215426041315595,0.06474164128303528,-0.29900985956192017,-0.04550569920371572,-0.013477593660354614,-0.18104010820388794,-0.027991731153235833,-0.02634584903717041,-0.2657383680343628,-0.04737563847135107,0.003543451428413391,-0.29341405630111694,-0.052198052839742104,0.033907949924468994,-0.29088151454925537,-0.050891027287946144,-0.030488431453704834,-0.15587365627288818,-0.044265099303231636,-0.04605528712272644,-0.22376126050949097,-0.061272427873120705,-0.025074362754821777,-0.25444477796554565,-0.06354510454963247,0.0015287995338439941,-0.25738418102264404,-0.060994476513371865,0.1658743147885541,0.10049390263473004,0.049464125596996936,0.0,0.13051455493985345,0.07995087508532,0.03221463446663732,0.1413977586419385,0.1002812912636043,0.11091276222215957,3
0.042390137910842896,-0.05825066566467285,-0.004419923262105385,0.06951189041137695,-0.11756503582000732,-0.012029171423421303,0.09256669878959656,-0.16215473413467407,-0.023375019864545266,0.1061985194683075,-0.20834606885910034,-0.0346548151833872,0.027312055230140686,-0.1843981146812439,-0.0007921050096797444,0.05330631136894226,-0.2259630560874939,-0.025215963335142533,0.08667075634002686,-0.23686867952346802,-0.0447154421968321,0.11453127861022949,-0.23260021209716797,-0.054150566892133156,0.006764709949493408,-0.19294673204421997,-0.012800388471589486,0.005048036575317383,-0.280783474445343,-0.03182047648857633,0.03616246581077576,-0.3059636950492859,-0.04215426041315595,0.06474164128303528,-0.29900985956192017,-0.04550569920371572,-0.013477593660354614,-0.18104010820388794,-0.027991731153235833,-0.02634584903717041,-0.2657383680343628,-0.04737563847135107,0.003543451428413391,-0.29341405630111694,-0.052198052839742104,0.033907949924468994,-0.29088151454925537,-0.050891027287946144,-0.030488431453704834,-0.15587365627288818,-0.044265099303231636,-0.04605528712272644,-0.22376126050949097,-0.061272427873120705,-0.025074362754821777,-0.25444477796554565,-0.06354510454963247,0.0015287995338439941,-0.25738418102264404,-0.060994476513371865,0.1658743147885541,0.10049390263473004,0.049464125596996936,0.0,0.13051455493985345,0.07995087508532,0.03221463446663732,0.1413977586419385,0.1002812912636043,0.11091276222215957,3
0.042390137910842896,-0.05825066566467285,-0.004419923262105385,0.06951189041137695,-0.11756503582000732,-0.012029171423421303,0.09256669878959656,-0.16215473413467407,-0.023375019864545266,0.1061985194683075,-0.20834606885910034,-0.0346548151833872,0.027312055230140686,-0.1843981146812439,-0.0007921050096797444,0.05330631136894226,-0.2259630560874939,-0.025215963335142533,0.08667075634002686,-0.23686867952346802,-0.0447154421968321,0.11453127861022949,-0.23260021209716797,-0.054150566892133156,0.006764709949493408,-0.19294673204421997,-0.012800388471589486,0.005048036575317383,-0.280783474445343,-0.03182047648857633,0.03616246581077576,-0.3059636950492859,-0.04215426041315595,0.06474164128303528,-0.29900985956192017,-0.04550569920371572,-0.013477593660354614,-0.18104010820388794,-0.027991731153235833,-0.02634584903717041,-0.2657383680343628,-0.04737563847135107,0.003543451428413391,-0.29341405630111694,-0.052198052839742104,0.033907949924468994,-0.29088151454925537,-0.050891027287946144,-0.030488431453704834,-0.15587365627288818,-0.044265099303231636,-0.04605528712272644,-0.22376126050949097,-0.061272427873120705,-0.025074362754821777,-0.25444477796554565,-0.06354510454963247,0.0015287995338439941,-0.25738418102264404,-0.060994476513371865,0.1658743147885541,0.10049390263473004,0.049464125596996936,0.0,0.13051455493985345,0.07995087508532,0.03221463446663732,0.1413977586419385,0.1002812912636043,0.11091276222215957,3
0.042390137910842896,-0.05825066566467285,-0.004419923262105385,0.06951189041137695,-0.11756503582000732,-0.012029171423421303,0.09256669878959656,-0.16215473413467407,-0.023375019864545266,0.1061985194683075,-0.20834606885910034,-0.0346548151833872,0.027312055230140686,-0.1843981146812439,-0.0007921050096797444,0.05330631136894226,-0.2259630560874939,-0.025215963335142533,0.08667075634002686,-0.23686867952346802,-0.0447154421968321,0.11453127861022949,-0.23260021209716797,-0.054150566892133156,0.006764709949493408,-0.19294673204421997,-0.012800388471589486,0.005048036575317383,-0.280783474445343,-0.03182047648857633,0.03616246581077576,-0.3059636950492859,-0.04215426041315595,0.06474164128303528,-0.29900985956192017,-0.04550569920371572,-0.013477593660354614,-0.18104010820388794,-0.027991731153235833,-0.02634584903717041,-0.2657383680343628,-0.04737563847135107,0.003543451428413391,-0.29341405630111694,-0.052198052839742104,0.033907949924468994,-0.29088151454925537,-0.050891027287946144,-0.030488431453704834,-0.15587365627288818,-0.044265099303231636,-0.04605528712272644,-0.22376126050949097,-0.061272427873120705,-0.025074362754821777,-0.25444477796554565,-0.06354510454963247,0.0015287995338439941,-0.25738418102264404,-0.060994476513371865,0.1658743147885541,0.10049390263473004,0.049464125596996936,0.0,0.13051455493985345,0.07995087508532,0.03221463446663732,0.1413977586419385,0.1002812912636043,0.11091276222215957,3
0.042390137910842896,-0.05825066566467285,-0.004419923262105385,0.06951189041137695,-0.11756503582000732,-0.012029171423421303,0.09256669878959656,-0.16215473413467407,-0.023375019864545266,0.1061985194683075,-0.20834606885910034,-0.0346548151833872,0.027312055230140686,-0.1843981146812439,-0.0007921050096797444,0.05330631136894226,-0.2259630560874939,-0.025215963335142533,0.08667075634002686,-0.23686867952346802,-0.0447154421968321,0.11453127861022949,-0.23260021209716797,-0.054150566892133156,0.006764709949493408,-0.19294673204421997,-0.012800388471589486,0.005048036575317383,-0.280783474445343,-0.03182047648857633,0.03616246581077576,-0.3059636950492859,-0.04215426041315595,0.06474164128303528,-0.29900985956192017,-0.04550569920371572,-0.013477593660354614,-0.18104010820388794,-0.027991731153235833,-0.02634584903717041,-0.2657383680343628,-0.04737563847135107,0.003543451428413391,-0.29341405630111694,-0.052198052839742104,0.033907949924468994,-0.29088151454925537,-0.050891027287946144,-0.030488431453704834,-0.15587365627288818,-0.044265099303231636,-0.04605528712272644,-0.22376126050949097,-0.061272427873120705,-0.025074362754821777,-0.25444477796554565,-0.06354510454963247,0.0015287995338439941,-0.25738418102264404,-0.060994476513371865,0.1658743147885541,0.10049390263473004,0.049464125596996936,0.0,0.13051455493985345,0.07995087508532,0.03221463446663732,0.1413977586419385,0.1002812912636043,0.11091276222215957,3
0.042390137910842896,-0.05825066566467285,-0.004419923262105385,0.06951189041137695,-0.11756503582000732,-0.012029171423421303,0.09256669878959656,-0.16215473413467407,-0.023375019864545266,0.1061985194683075,-0.20834606885910034,-0.0346548151833872,0.027312055230140686,-0.1843981146812439,-0.0007921050096797444,0.05330631136894226,-0.2259630560874939,-0.025215963335142533,0.08667075634002686,-0.23686867952346802,-0.0447154421968321,0.11453127861022949,-0.23260021209716797,-0.054150566892133156,0.006764709949493408,-0.19294673204421997,-0.012800388471589486,0.005048036575317383,-0.280783474445343,-0.03182047648857633,0.03616246581077576,-0.3059636950492859,-0.04215426041315595,0.06474164128303528,-0.29900985956192017,-0.04550569920371572,-0.013477593660354614,-0.18104010820388794,-0.027991731153235833,-0.02634584903717041,-0.2657383680343628,-0.04737563847135107,0.003543451428413391,-0.29341405630111694,-0.052198052839742104,0.033907949924468994,-0.29088151454925537,-0.050891027287946144,-0.030488431453704834,-0.15587365627288818,-0.044265099303231636,-0.04605528712272644,-0.22376126050949097,-0.061272427873120705,-0.025074362754821777,-0.25444477796554565,-0.06354510454963247,0.0015287995338439941,-0.25738418102264404,-0.060994476513371865,0.1658743147885541,0.10049390263473004,0.049464125596996936,0.0,0.13051455493985345,0.07995087508532,0.03221463446663732,0.1413977586419385,0.1002812912636043,0.11091276222215957,3
0.042390137910842896,-0.05825066566467285,-0.004419923262105385,0.06951189041137695,-0.11756503582000732,-0.012029171423421303,0.09256669878959656,-0.16215473413467407,-0.023375019864545266,0.1061985194683075,-0.20834606885910034,-0.0346548151833872,0.027312055230140686,-0.1843981146812439,-0.0007921050096797444,0.05330631136894226,-0.2259630560874939,-0.025215963335142533,0.08667075634002686,-0.23686867952346802,-0.0447154421968321,0.11453127861022949,-0.23260021209716797,-0.054150566892133156,0.006764709949493408,-0.19294673204421997,-0.012800388471589486,0.005048036575317383,-0.280783474445343,-0.03182047648857633,0.03616246581077576,-0.3059636950492859,-0.04215426041315595,0.06474164128303528,-0.29900985956192017,-0.04550569920371572,-0.013477593660354614,-0.18104010820388794,-0.027991731153235833,-0.02634584903717041,-0.2657383680343628,-0.04737563847135107,0.003543451428413391,-0.29341405630111694,-0.052198052839742104,0.033907949924468994,-0.29088151454925537,-0.050891027287946144,-0.030488431453704834,-0.15587365627288818,-0.044265099303231636,-0.04605528712272644,-0.22376126050949097,-0.061272427873120705,-0.025074362754821777,-0.25444477796554565,-0.06354510454963247,0.0015287995338439941,-0.25738418102264404,-0.060994476513371865,0.1658743147885541,0.10049390263473004,0.049464125596996936,0.0,0.13051455493985345,0.07995087508532,0.03221463446663732,0.1413977586419385,0.1002812912636043,0.11091276222215957,3
0.042390137910842896,-0.05825066566467285,-0.004419923262105385,0.06951189041137695,-0.11756503582000732,-0.012029171423421303,0.09256669878959656,-0.16215473413467407,-0.023375019864545266,0.1061985194683075,-0.20834606885910034,-0.0346548151833872,0.027312055230140686,-0.1843981146812439,-0.0007921050096797444,0.05330631136894226,-0.2259630560874939,-0.025215963335142533,0.08667075634002686,-0.23686867952346802,-0.0447154421968321,0.11453127861022949,-0.23260021209716797,-0.054150566892133156,0.006764709949493408,-0.19294673204421997,-0.012800388471589486,0.005048036575317383,-0.280783474445343,-0.03182047648857633,0.03616246581077576,-0.3059636950492859,-0.04215426041315595,0.06474164128303528,-0.29900985956192017,-0.04550569920371572,-0.013477593660354614,-0.18104010820388794,-0.027991731153235833,-0.02634584903717041,-0.2657383680343628,-0.04737563847135107,0.003543451428413391,-0.29341405630111694,-0.052198052839742104,0.033907949924468994,-0.29088151454925537,-0.050891027287946144,-0.030488431453704834,-0.15587365627288818,-0.044265099303231636,-0.04605528712272644,-0.22376126050949097,-0.061272427873120705,-0.025074362754821777,-0.25444477796554565,-0.06354510454963247,0.0015287995338439941,-0.25738418102264404,-0.060994476513371865,0.1658743147885541,0.10049390263473004,0.049464125596996936,0.0,0.13051455493985345,0.07995087508532,0.03221463446663732,0.1413977586419385,0.1002812912636043,0.11091276222215957,3
0.042390137910842896,-0.05825066566467285,-0.004419923262105385,0.06951189041137695,-0.11756503582000732,-0.012029171423421303,0.09256669878959656,-0.16215473413467407,-0.023375019864545266,0.1061985194683075,-0.20834606885910034,-0.0346548151833872,0.027312055230140686,-0.1843981146812439,-0.0007921050096797444,0.05330631136894226,-0.2259630560874939,-0.025215963335142533,0.08667075634002686,-0.23686867952346802,-0.0447154421968321,0.11453127861022949,-0.23260021209716797,-0.054150566892133156,0.006764709949493408,-0.19294673204421997,-0.012800388471589486,0.005048036575317383,-0.280783474445343,-0.03182047648857633,0.03616246581077576,-0.3059636950492859,-0.04215426041315595,0.06474164128303528,-0.29900985956192017,-0.04550569920371572,-0.013477593660354614,-0.18104010820388794,-0.027991731153235833,-0.02634584903717041,-0.2657383680343628,-0.04737563847135107,0.003543451428413391,-0.29341405630111694,-0.052198052839742104,0.033907949924468994,-0.29088151454925537,-0.050891027287946144,-0.030488431453704834,-0.15587365627288818,-0.044265099303231636,-0.04605528712272644,-0.22376126050949097,-0.061272427873120705,-0.025074362754821777,-0.25444477796554565,-0.06354510454963247,0.0015287995338439941,-0.25738418102264404,-0.060994476513371865,0.1658743147885541,0.10049390263473004,0.049464125596996936,0.0,0.13051455493985345,0.07995087508532,0.03221463446663732,0.1413977586419385,0.1002812912636043,0.11091276222215957,3
0.042390137910842896,-0.05825066566467285,-0.004419923262105385,0.06951189041137695,-0.11756503582000732,-0.012029171423421303,0.09256669878959656,-0.16215473413467407,-0.023375019864545266,0.1061985194683075,-0.20834606885910034,-0.0346548151833872,0.027312055230140686,-0.1843981146812439,-0.0007921050096797444,0.05330631136894226,-0.2259630560874939,-0.025215963335142533,0.08667075634002686,-0.23686867952346802,-0.0447154421968321,0.11453127861022949,-0.23260021209716797,-0.054150566892133156,0.006764709949493408,-0.19294673204421997,-0.012800388471589486,0.005048036575317383,-0.280783474445343,-0.03182047648857633,0.03616246581077576,-0.3059636950492859,-0.04215426041315595,0.06474164128303528,-0.29900985956192017,-0.04550569920371572,-0.013477593660354614,-0.18104010820388794,-0.027991731153235833,-0.02634584903717041,-0.2657383680343628,-0.04737563847135107,0.003543451428413391,-0.29341405630111694,-0.052198052839742104,0.033907949924468994,-0.29088151454925537,-0.050891027287946144,-0.030488431453704834,-0.15587365627288818,-0.044265099303231636,-0.04605528712272644,-0.22376126050949097,-0.061272427873120705,-0.025074362754821777,-0.25444477796554565,-0.06354510454963247,0.0015287995338439941,-0.25738418102264404,-0.060994476513371865,0.1658743147885541,0.10049390263473004,0.049464125596996936,0.0,0.13051455493985345,0.07995087508532,0.03221463446663732,0.1413977586419385,0.1002812912636043,0.11091276222215957,3
0.042390137910842896,-0.05825066566467285,-0.004419923262105385,0.06951189041137695,-0.11756503582000732,-0.012029171423421303,0.09256669878959656,-0.16215473413467407,-0.023375019864545266,0.1061985194683075,-0.20834606885910034,-0.0346548151833872,0.027312055230140686,-0.1843981146812439,-0.0007921050096797444,0.05330631136894226,-0.2259630560874939,-0.025215963335142533,0.08667075634002686,-0.23686867952346802,-0.0447154421968321,0.11453127861022949,-0.23260021209716797,-0.054150566892133156,0.006764709949493408,-0.19294673204421997,-0.012800388471589486,0.005048036575317383,-0.280783474445343,-0.03182047648857633,0.03616246581077576,-0.3059636950492859,-0.04215426041315595,0.06474164128303528,-0.29900985956192017,-0.04550569920371572,-0.013477593660354614,-0.18104010820388794,-0.027991731153235833,-0.02634584903717041,-0.2657383680343628,-0.04737563847135107,0.003543451428413391,-0.29341405630111694,-0.052198052839742104,0.033907949924468994,-0.29088151454925537,-0.050891027287946144,-0.030488431453704834,-0.15587365627288818,-0.044265099303231636,-0.04605528712272644,-0.22376126050949097,-0.061272427873120705,-0.025074362754821777,-0.25444477796554565,-0.06354510454963247,0.0015287995338439941,-0.25738418102264404,-0.060994476513371865,0.1658743147885541,0.10049390263473004,0.049464125596996936,0.0,0.13051455493985345,0.07995087508532,0.03221463446663732,0.1413977586419385,0.1002812912636043,0.11091276222215957,3
0.042390137910842896,-0.05825066566467285,-0.004419923262105385,0.06951189041137695,-0.11756503582000732,-0.012029171423421303,0.09256669878959656,-0.16215473413467407,-0.023375019864545266,0.1061985194683075,-0.20834606885910034,-0.0346548151833872,0.027312055230140686,-0.1843981146812439,-0.0007921050096797444,0.05330631136894226,-0.2259630560874939,-0.025215963335142533,0.08667075634002686,-0.23686867952346802,-0.0447154421968321,0.11453127861022949,-0.23260021209716797,-0.054150566892133156,0.006764709949493408,-0.19294673204421997,-0.012800388471589486,0.005048036575317383,-0.280783474445343,-0.03182047648857633,0.03616246581077576,-0.3059636950492859,-0.04215426041315595,0.06474164128303528,-0.29900985956192017,-0.04550569920371572,-0.013477593660354614,-0.18104010820388794,-0.027991731153235833,-0.02634584903717041,-0.2657383680343628,-0.04737563847135107,0.003543451428413391,-0.29341405630111694,-0.052198052839742104,0.033907949924468994,-0.29088151454925537,-0.050891027287946144,-0.030488431453704834,-0.15587365627288818,-0.044265099303231636,-0.04605528712272644,-0.22376126050949097,-0.061272427873120705,-0.025074362754821777,-0.25444477796554565,-0.06354510454963247,0.0015287995338439941,-0.25738418102264404,-0.060994476513371865,0.1658743147885541,0.10049390263473004,0.049464125596996936,0.0,0.13051455493985345,0.07995087508532,0.03221463446663732,0.1413977586419385,0.1002812912636043,0.11091276222215957,3
0.042390137910842896,-0.05825066566467285,-0.004419923262105385,0.06951189041137695,-0.11756503582000732,-0.012029171423421303,0.09256669878959656,-0.16215473413467407,-0.023375019864545266,0.1061985194683075,-0.20834606885910034,-0.0346548151833872,0.027312055230140686,-0.1843981146812439,-0.0007921050096797444,0.05330631136894226,-0.2259630560874939,-0.025215963335142533,0.08667075634002686,-0.23686867952346802,-0.0447154421968321,0.11453127861022949,-0.23260021209716797,-0.054150566892133156,0.006764709949493408,-0.19294673204421997,-0.012800388471589486,0.005048036575317383,-0.280783474445343,-0.03182047648857633,0.03616246581077576,-0.3059636950492859,-0.04215426041315595,0.06474164128303528,-0.29900985956192017,-0.04550569920371572,-0.013477593660354614,-0.18104010820388794,-0.027991731153235833,-0.02634584903717041,-0.2657383680343628,-0.04737563847135107,0.003543451428413391,-0.29341405630111694,-0.052198052839742104,0.033907949924468994,-0.29088151454925537,-0.050891027287946144,-0.030488431453704834,-0.15587365627288818,-0.044265099303231636,-0.04605528712272644,-0.22376126050949097,-0.061272427873120705,-0.025074362754821777,-0.25444477796554565,-0.06354510454963247,0.0015287995338439941,-0.25738418102264404,-0.060994476513371865,0.1658743147885541,0.10049390263473004,0.049464125596996936,0.0,0.13051455493985345,0.07995087508532,0.03221463446663732,0.1413977586419385,0.1002812912636043,0.11091276222215957,3
0.042390137910842896,-0.05825066566467285,-0.004419923262105385,0.06951189041137695,-0.11756503582000732,-0.012029171423421303,0.09256669878959656,-0.16215473413467407,-0.023375019864545266,0.1061985194683075,-0.20834606885910034,-0.0346548151833872,0.027312055230140686,-0.1843981146812439,-0.0007921050096797444,0.05330631136894226,-0.2259630560874939,-0.025215963335142533,0.08667075634002686,-0.23686867952346802,-0.0447154421968321,0.11453127861022949,-0.23260021209716797,-0.054150566892133156,0.006764709949493408,-0.19294673204421997,-0.012800388471589486,0.005048036575317383,-0.280783474445343,-0.03182047648857633,0.03616246581077576,-0.3059636950492859,-0.04215426041315595,0.06474164128303528,-0.29900985956192017,-0.04550569920371572,-0.013477593660354614,-0.18104010820388794,-0.027991731153235833,-0.02634584903717041,-0.2657383680343628,-0.04737563847135107,0.003543451428413391,-0.29341405630111694,-0.052198052839742104,0.033907949924468994,-0.29088151454925537,-0.050891027287946144,-0.030488431453704834,-0.15587365627288818,-0.044265099303231636,-0.04605528712272644,-0.22376126050949097,-0.061272427873120705,-0.025074362754821777,-0.25444477796554565,-0.06354510454963247,0.0015287995338439941,-0.25738418102264404,-0.060994476513371865,0.1658743147885541,0.10049390263473004,0.049464125596996936,0.0,0.13051455493985345,0.07995087508532,0.03221463446663732,0.1413977586419385,0.1002812912636043,0.11091276222215957,3
0.042390137910842896,-0.05825066566467285,-0.004419923262105385,0.06951189041137695,-0.11756503582000732,-0.012029171423421303,0.09256669878959656,-0.16215473413467407,-0.023375019864545266,0.1061985194683075,-0.20834606885910034,-0.0346548151833872,0.027312055230140686,-0.1843981146812439,-0.0007921050096797444,0.05330631136894226,-0.2259630560874939,-0.025215963335142533,0.08667075634002686,-0.23686867952346802,-0.0447154421968321,0.11453127861022949,-0.23260021209716797,-0.054150566892133156,0.006764709949493408,-0.19294673204421997,-0.012800388471589486,0.005048036575317383,-0.280783474445343,-0.03182047648857633,0.03616246581077576,-0.3059636950492859,-0.04215426041315595,0.06474164128303528,-0.29900985956192017,-0.04550569920371572,-0.013477593660354614,-0.18104010820388794,-0.027991731153235833,-0.02634584903717041,-0.2657383680343628,-0.04737563847135107,0.003543451428413391,-0.29341405630111694,-0.052198052839742104,0.033907949924468994,-0.29088151454925537,-0.050891027287946144,-0.030488431453704834,-0.15587365627288818,-0.044265099303231636,-0.04605528712272644,-0.22376126050949097,-0.061272427873120705,-0.025074362754821777,-0.25444477796554565,-0.06354510454963247,0.0015287995338439941,-0.25738418102264404,-0.060994476513371865,0.1658743147885541,0.10049390263473004,0.049464125596996936,0.0,0.13051455493985345,0.07995087508532,0.03221463446663732,0.1413977586419385,0.1002812912636043,0.11091276222215957,3
0.042390137910842896,-0.05825066566467285,-0.004419923262105385,0.06951189041137695,-0.11756503582000732,-0.012029171423421303,0.09256669878959656,-0.16215473413467407,-0.023375019864545266,0.1061985194683075,-0.20834606885910034,-0.0346548151833872,0.027312055230140686,-0.1843981146812439,-0.0007921050096797444,0.05330631136894226,-0.2259630560874939,-0.025215963335142533,0.08667075634002686,-0.23686867952346802,-0.0447154421968321,0.11453127861022949,-0.23260021209716797,-0.054150566892133156,0.006764709949493408,-0.19294673204421997,-0.012800388471589486,0.005048036575317383,-0.280783474445343,-0.03182047648857633,0.03616246581077576,-0.3059636950492859,-0.04215426041315595,0.06474164128303528,-0.29900985956192017,-0.04550569920371572,-0.013477593660354614,-0.18104010820388794,-0.027991731153235833,-0.02634584903717041,-0.2657383680343628,-0.04737563847135107,0.003543451428413391,-0.29341405630111694,-0.052198052839742104,0.033907949924468994,-0.29088151454925537,-0.050891027287946144,-0.030488431453704834,-0.15587365627288818,-0.044265099303231636,-0.04605528712272644,-0.22376126050949097,-0.061272427873120705,-0.025074362754821777,-0.25444477796554565,-0.06354510454963247,0.0015287995338439941,-0.25738418102264404,-0.060994476513371865,0.1658743147885541,0.10049390263473004,0.049464125596996936,0.0,0.13051455493985345,0.07995087508532,0.03221463446663732,0.1413977586419385,0.1002812912636043,0.11091276222215957,3
0.042390137910842896,-0.05825066566467285,-0.004419923262105385,0.06951189041137695,-0.11756503582000732,-0.012029171423421303,0.09256669878959656,-0.16215473413467407,-0.023375019864545266,0.1061985194683075,-0.20834606885910034,-0.0346548151833872,0.027312055230140686,-0.1843981146812439,-0.0007921050096797444,0.05330631136894226,-0.2259630560874939,-0.025215963335142533,0.08667075634002686,-0.23686867952346802,-0.0447154421968321,0.11453127861022949,-0.23260021209716797,-0.054150566892133156,0.006764709949493408,-0.19294673204421997,-0.012800388471589486,0.005048036575317383,-0.280783474445343,-0.03182047648857633,0.03616246581077576,-0.3059636950492859,-0.04215426041315595,0.06474164128303528,-0.29900985956192017,-0.04550569920371572,-0.013477593660354614,-0.18104010820388794,-0.027991731153235833,-0.02634584903717041,-0.2657383680343628,-0.04737563847135107,0.003543451428413391,-0.29341405630111694,-0.052198052839742104,0.033907949924468994,-0.29088151454925537,-0.050891027287946144,-0.030488431453704834,-0.15587365627288818,-0.044265099303231636,-0.04605528712272644,-0.22376126050949097,-0.061272427873120705,-0.025074362754821777,-0.25444477796554565,-0.06354510454963247,0.0015287995338439941,-0.25738418102264404,-0.060994476513371865,0.1658743147885541,0.10049390263473004,0.049464125596996936,0.0,0.13051455493985345,0.07995087508532,0.03221463446663732,0.1413977586419385,0.1002812912636043,0.11091276222215957,3
0.042390137910842896,-0.05825066566467285,-0.004419923262105385,0.06951189041137695,-0.11756503582000732,-0.012029171423421303,0.09256669878959656,-0.16215473413467407,-0.023375019864545266,0.1061985194683075,-0.20834606885910034,-0.0346548151833872,0.027312055230140686,-0.1843981146812439,-0.0007921050096797444,0.05330631136894226,-0.2259630560874939,-0.025215963335142533,0.08667075634002686,-0.23686867952346802,-0.0447154421968321,0.11453127861022949,-0.23260021209716797,-0.054150566892133156,0.006764709949493408,-0.19294673204421997,-0.012800388471589486,0.005048036575317383,-0.280783474445343,-0.03182047648857633,0.03616246581077576,-0.3059636950492859,-0.04215426041315595,0.06474164128303528,-0.29900985956192017,-0.04550569920371572,-0.013477593660354614,-0.18104010820388794,-0.027991731153235833,-0.02634584903717041,-0.2657383680343628,-0.04737563847135107,0.003543451428413391,-0.29341405630111694,-0.052198052839742104,0.033907949924468994,-0.29088151454925537,-0.050891027287946144,-0.030488431453704834,-0.15587365627288818,-0.044265099303231636,-0.04605528712272644,-0.22376126050949097,-0.061272427873120705,-0.025074362754821777,-0.25444477796554565,-0.06354510454963247,0.0015287995338439941,-0.25738418102264404,-0.060994476513371865,0.1658743147885541,0.10049390263473004,0.049464125596996936,0.0,0.13051455493985345,0.07995087508532,0.03221463446663732,0.1413977586419385,0.1002812912636043,0.11091276222215957,3
0.042390137910842896,-0.05825066566467285,-0.004419923262105385,0.06951189041137695,-0.11756503582000732,-0.012029171423421303,0.09256669878959656,-0.16215473413467407,-0.023375019864545266,0.1061985194683075,-0.20834606885910034,-0.0346548151833872,0.027312055230140686,-0.1843981146812439,-0.0007921050096797444,0.05330631136894226,-0.2259630560874939,-0.025215963335142533,0.08667075634002686,-0.23686867952346802,-0.0447154421968321,0.11453127861022949,-0.23260021209716797,-0.054150566892133156,0.006764709949493408,-0.19294673204421997,-0.012800388471589486,0.005048036575317383,-0.280783474445343,-0.03182047648857633,0.03616246581077576,-0.3059636950492859,-0.04215426041315595,0.06474164128303528,-0.29900985956192017,-0.04550569920371572,-0.013477593660354614,-0.18104010820388794,-0.027991731153235833,-0.02634584903717041,-0.2657383680343628,-0.04737563847135107,0.003543451428413391,-0.29341405630111694,-0.052198052839742104,0.033907949924468994,-0.29088151454925537,-0.050891027287946144,-0.030488431453704834,-0.15587365627288818,-0.044265099303231636,-0.04605528712272644,-0.22376126050949097,-0.061272427873120705,-0.025074362754821777,-0.25444477796554565,-0.06354510454963247,0.0015287995338439941,-0.25738418102264404,-0.060994476513371865,0.1658743147885541,0.10049390263473004,0.049464125596996936,0.0,0.13051455493985345,0.07995087508532,0.03221463446663732,0.1413977586419385,0.1002812912636043,0.11091276222215957,3
0.042390137910842896,-0.05825066566467285,-0.004419923262105385,0.06951189041137695,-0.11756503582000732,-0.012029171423421303,0.09256669878959656,-0.16215473413467407,-0.023375019864545266,0.1061985194683075,-0.20834606885910034,-0.0346548151833872,0.027312055230140686,-0.1843981146812439,-0.0007921050096797444,0.05330631136894226,-0.2259630560874939,-0.025215963335142533,0.08667075634002686,-0.23686867952346802,-0.0447154421968321,0.11453127861022949,-0.23260021209716797,-0.054150566892133156,0.006764709949493408,-0.19294673204421997,-0.012800388471589486,0.005048036575317383,-0.280783474445343,-0.03182047648857633,0.03616246581077576,-0.3059636950492859,-0.04215426041315595,0.06474164128303528,-0.29900985956192017,-0.04550569920371572,-0.013477593660354614,-0.18104010820388794,-0.027991731153235833,-0.02634584903717041,-0.2657383680343628,-0.04737563847135107,0.003543451428413391,-0.29341405630111694,-0.052198052839742104,0.033907949924468994,-0.29088151454925537,-0.050891027287946144,-0.030488431453704834,-0.15587365627288818,-0.044265099303231636,-0.04605528712272644,-0.22376126050949097,-0.061272427873120705,-0.025074362754821777,-0.25444477796554565,-0.06354510454963247,0.0015287995338439941,-0.25738418102264404,-0.060994476513371865,0.1658743147885541,0.10049390263473004,0.049464125596996936,0.0,0.13051455493985345,0.07995087508532,0.03221463446663732,0.1413977586419385,0.1002812912636043,0.11091276222215957,3
0.042390137910842896,-0.05825066566467285,-0.004419923262105385,0.06951189041137695,-0.11756503582000732,-0.012029171423421303,0.09256669878959656,-0.16215473413467407,-0.023375019864545266,0.1061985194683075,-0.20834606885910034,-0.0346548151833872,0.027312055230140686,-0.1843981146812439,-0.0007921050096797444,0.05330631136894226,-0.2259630560874939,-0.025215963335142533,0.08667075634002686,-0.23686867952346802,-0.0447154421968321,0.11453127861022949,-0.23260021209716797,-0.054150566892133156,0.006764709949493408,-0.19294673204421997,-0.012800388471589486,0.005048036575317383,-0.280783474445343,-0.03182047648857633,0.03616246581077576,-0.3059636950492859,-0.04215426041315595,0.06474164128303528,-0.29900985956192017,-0.04550569920371572,-0.013477593660354614,-0.18104010820388794,-0.027991731153235833,-0.02634584903717041,-0.2657383680343628,-0.04737563847135107,0.003543451428413391,-0.29341405630111694,-0.052198052839742104,0.033907949924468994,-0.29088151454925537,-0.050891027287946144,-0.030488431453704834,-0.15587365627288818,-0.044265099303231636,-0.04605528712272644,-0.22376126050949097,-0.061272427873120705,-0.025074362754821777,-0.25444477796554565,-0.06354510454963247,0.0015287995338439941,-0.25738418102264404,-0.060994476513371865,0.1658743147885541,0.10049390263473004,0.049464125596996936,0.0,0.13051455493985345,0.07995087508532,0.03221463446663732,0.1413977586419385,0.1002812912636043,0.11091276222215957,3
0.042390137910842896,-0.05825066566467285,-0.004419923262105385,0.06951189041137695,-0.11756503582000732,-0.012029171423421303,0.09256669878959656,-0.16215473413467407,-0.023375019864545266,0.1061985194683075,-0.20834606885910034,-0.0346548151833872,0.027312055230140686,-0.1843981146812439,-0.0007921050096797444,0.05330631136894226,-0.2259630560874939,-0.025215963335142533,0.08667075634002686,-0.23686867952346802,-0.0447154421968321,0.11453127861022949,-0.23260021209716797,-0.054150566892133156,0.006764709949493408,-0.19294673204421997,-0.012800388471589486,0.005048036575317383,-0.280783474445343,-0.03182047648857633,0.03616246581077576,-0.3059636950492859,-0.04215426041315595,0.06474164128303528,-0.29900985956192017,-0.04550569920371572,-0.013477593660354614,-0.18104010820388794,-0.027991731153235833,-0.02634584903717041,-0.2657383680343628,-0.04737563847135107,0.003543451428413391,-0.29341405630111694,-0.052198052839742104,0.033907949924468994,-0.29088151454925537,-0.050891027287946144,-0.030488431453704834,-0.15587365627288818,-0.044265099303231636,-0.04605528712272644,-0.22376126050949097,-0.061272427873120705,-0.025074362754821777,-0.25444477796554565,-0.06354510454963247,0.0015287995338439941,-0.25738418102264404,-0.060994476513371865,0.1658743147885541,0.10049390263473004,0.049464125596996936,0.0,0.13051455493985345,0.07995087508532,0.03221463446663732,0.1413977586419385,0.1002812912636043,0.11091276222215957,3
0.03330272436141968,0.011778414249420166,-0.0188092500428354,0.06501081585884094,0.012859702110290527,-0.03433334869245641,0.0847502052783966,0.009236574172973633,-0.04807071429590337,0.0847589373588562,0.0012371540069580078,-0.060693744988242315,0.0715862512588501,-0.06382167339324951,-0.032181851984063314,0.07704877853393555,-0.032873570919036865,-0.056913197458783316,0.07028302550315857,-0.0061454176902771,-0.07116545033554189,0.06392601132392883,0.005481302738189697,-0.07897567790845983,0.05197933316230774,-0.07367241382598877,-0.03268593591550939,0.058092325925827026,-0.03662097454071045,-0.05794382509688489,0.05033409595489502,-0.008211731910705566,-0.0665449355254566,0.04397463798522949,0.0009752511978149414,-0.07034078282217138,0.03057253360748291,-0.0746917724609375,-0.03505186405877225,0.03570258617401123,-0.03716772794723511,-0.05751327094534986,0.029847264289855957,-0.01025933027267456,-0.0572903458485996,0.024085581302642822,-0.0017181038856506348,-0.054190766484538244,0.009562402963638306,-0.07047772407531738,-0.039025269866982626,0.015614032745361328,-0.04064929485321045,-0.054806467563906835,0.01338261365890503,-0.017266571521759033,-0.05496088829735868,0.011876076459884644,-0.009156346321105957,-0.05259339180688016,0.05252485148514814,0.02291444800106787,0.007999424931936458,0.0,0.007457719368089939,0.021160083114255396,0.02126084677592993,0.04160404241632638,0.04078514029004982,0.060745285284834,1
0.03478914499282837,0.010857999324798584,-0.023256139501821593,0.06660696864128113,0.0122910737991333,-0.04201108184446056,0.08438947796821594,0.007066965103149414,-0.05791563880432804,0.08257180452346802,0.000514984130859375,-0.07211466473330219,0.07289773225784302,-0.07002276182174683,-0.04031708803762157,0.0786394476890564,-0.03224349021911621,-0.0686678547858115,0.06884285807609558,-0.0048236846923828125,-0.08387890052784641,0.061348915100097656,0.0027369260787963867,-0.09230704200257023,0.05140423774719238,-0.08115094900131226,-0.03996471282829006,0.058180421590805054,-0.03688079118728638,-0.0687487531899329,0.04991695284843445,-0.00797814130783081,-0.07699239593733509,0.04439443349838257,-0.0023990273475646973,-0.08050591093291004,0.028160661458969116,-0.08177685737609863,-0.041846718311202125,0.033668965101242065,-0.03772604465484619,-0.06699750912178715,0.02883094549179077,-0.010322928428649902,-0.06601416659344395,0.025075823068618774,-0.0050858259201049805,-0.0625914518236037,0.005903571844100952,-0.07653731107711792,-0.04576382753242214,0.011377513408660889,-0.03895944356918335,-0.06344752353419025,0.009707808494567871,-0.01534426212310791,-0.0643462200163718,0.009588748216629028,-0.010654091835021973,-0.06269250404823978,0.04888926789309782,0.019838151945692672,0.006799440522057128,0.0,0.0109054511921319,0.023443906995894076,0.021338886135330675,0.041099982910226686,0.03828842019832395,0.057768130977930654,1
0.045142948627471924,0.003667116165161133,-0.02100428891368722,0.08689585328102112,-0.005995273590087891,-0.03836844255216931,0.11498072743415833,-0.012186527252197266,-0.054883991824468126,0.12628474831581116,-0.0215681791305542,-0.07019050558098172,0.08795753121376038,-0.10068583488464355,-0.0324330418277583,0.11007818579673767,-0.11205488443374634,-0.05921231721528386,0.12045678496360779,-0.07497942447662354,-0.07471163709648465,0.12150129675865173,-0.04577666521072388,-0.08266439427622174,0.061479032039642334,-0.11067765951156616,-0.03452805195935582,0.08410638570785522,-0.11176329851150513,-0.06341280926950787,0.09444323182106018,-0.0635451078414917,-0.07490341504104947,0.09410044550895691,-0.029979407787322998,-0.07959017296322202,0.03313562273979187,-0.10855430364608765,-0.03893873234279965,0.05146598815917969,-0.10808193683624268,-0.0648315860796771,0.0634743869304657,-0.061689019203186035,-0.0646947412658534,0.06504598259925842,-0.028943240642547607,-0.06052031879313802,0.004976540803909302,-0.09564149379730225,-0.04506517340429639,0.022886842489242554,-0.09366899728775024,-0.06470181931742047,0.03502538800239563,-0.060796141624450684,-0.06412075598724698,0.037953346967697144,-0.03604608774185181,-0.060119626568635454,0.08497535987169764,0.042355642351804716,0.014690006128641384,0.0,0.05272661412946876,0.03421717686175139,0.024676551766676397,0.02743305981864125,0.033265268895346915,0.06168126100196494,1
0.052595555782318115,0.009280800819396973,-0.028306921418508213,0.10134688019752502,0.008977890014648438,-0.0508393435140454,0.1318472921848297,0.00522381067276001,-0.06946842506130568,0.13487854599952698,-0.008214354515075684,-0.08520738914211623,0.10268893837928772,-0.1257035732269287,-0.04518903925617568,0.12428334355354309,-0.07526528835296631,-0.07181596144636504,0.12224909663200378,-0.030223190784454346,-0.08592248841722838,0.11401918530464172,-0.017268657684326172,-0.0941086573859059,0.07235783338546753,-0.13100075721740723,-0.04449209332068793,0.09799930453300476,-0.06428837776184082,-0.07121771707733504,0.09647771716117859,-0.017476439476013184,-0.08066825702389113,0.08898797631263733,-0.0057981014251708984,-0.08591147645910613,0.041039109230041504,-0.1221010684967041,-0.04574334755142562,0.06591916084289551,-0.05527842044830322,-0.06982723757227294,0.06700125336647034,-0.013879239559173584,-0.06778638198574416,0.061557769775390625,-0.0027742385864257812,-0.0638495100994908,0.011998862028121948,-0.10413944721221924,-0.04949537425835959,0.0367048978805542,-0.049743473529815674,-0.06647674128015868,0.041661083698272705,-0.015586316585540771,-0.06435632094343535,0.040666818618774414,-0.004763603210449219,-0.05996102228363387,0.0841223569526117,0.03768216930362391,0.013775804270701433,0.0,0.029145644320248014,0.02870108931253184,0.022739686332050035,0.04425385297719146,0.04595413654048729,0.07352231693456776,1
0.052907079458236694,0.011355757713317871,-0.016593309552527913,0.10532450675964355,0.00950711965560913,-0.02995226761803771,0.13747382164001465,0.007009267807006836,-0.04233762851462508,0.13955581188201904,-0.004216611385345459,-0.052960856319524297,0.10946321487426758,-0.11713826656341553,-0.021908402876116284,0.13186311721801758,-0.06442171335220337,-0.04308204582438613,0.1316056251525879,-0.029535770416259766,-0.05768902084336425,0.126672625541687,-0.020298302173614502,-0.06727251640067244,0.08280080556869507,-0.12355071306228638,-0.025218109102107533,0.10881078243255615,-0.055811524391174316,-0.04584673649177695,0.11032140254974365,-0.02078533172607422,-0.05675819745764876,0.10512185096740723,-0.010282695293426514,-0.06400598070130492,0.05298471450805664,-0.11673206090927124,-0.030553188608147153,0.07947826385498047,-0.05170869827270508,-0.05080908393964911,0.08534777164459229,-0.01768815517425537,-0.05398590719804908,0.08475947380065918,-0.00601804256439209,-0.05407990372285987,0.023787349462509155,-0.0997423529624939,-0.037620934159614094,0.051277339458465576,-0.047078728675842285,-0.052919054837085255,0.059807538986206055,-0.018280625343322754,-0.054586699665643224,0.06384071707725525,-0.006737053394317627,-0.05350853732333327,0.0880369326475726,0.03687984604178319,0.01141731347599293,0.0,0.036662042304680696,0.02936612360188283,0.020605758148857692,0.036683265861534184,0.034964196519423896,0.05482594113573912,1
0.05303746461868286,0.008831024169921875,-0.013363825364152149,0.1075914204120636,0.0030542612075805664,-0.02527647672418709,0.14339450001716614,0.001049637794494629,-0.038215849755445674,0.15289917588233948,-0.011654853820800781,-0.050374828485885814,0.11266610026359558,-0.10982698202133179,-0.016586998684445575,0.1391703188419342,-0.10672110319137573,-0.03942153996054287,0.1520969569683075,-0.06819117069244385,-0.05518953895393963,0.15624943375587463,-0.03928476572036743,-0.0641014913303053,0.0880197286605835,-0.1173444390296936,-0.02178652791504021,0.11438193917274475,-0.09774070978164673,-0.046190574972072795,0.13036438822746277,-0.048927128314971924,-0.05996336808625813,0.13333001732826233,-0.012846052646636963,-0.06721028333727475,0.059058159589767456,-0.11226773262023926,-0.029115967659393505,0.08244207501411438,-0.09335392713546753,-0.05206844603840466,0.10101339221000671,-0.04663950204849243,-0.05633169433299656,0.10727068781852722,-0.01070404052734375,-0.05546624234143849,0.028255730867385864,-0.0966486930847168,-0.037802648006120876,0.051667749881744385,-0.07995831966400146,-0.05545334538642521,0.06781971454620361,-0.04707825183868408,-0.05763695037190075,0.07551193237304688,-0.01920264959335327,-0.05587694069568272,0.10194131926533372,0.04763560402338222,0.015866410132891435,0.0,0.06449957723715713,0.042333360702007855,0.027832288073333086,0.017157622930668467,0.019605379903416417,0.04563839358378505,1
0.05649036169052124,-0.0005835890769958496,-0.0260609590764318,0.10713067650794983,-0.005845904350280762,-0.050019059082416106,0.14709052443504333,-0.009726226329803467,-0.07402629380479198,0.1588245928287506,-0.03280085325241089,-0.09593192463174205,0.10138693451881409,-0.12393790483474731,-0.04312870999231677,0.11371001601219177,-0.14811551570892334,-0.07681066518082957,0.12909004092216492,-0.10322332382202148,-0.09210395043149333,0.13588681817054749,-0.07117140293121338,-0.09837347989335399,0.0689687430858612,-0.1272236704826355,-0.04745589544430118,0.07475638389587402,-0.15357783436775208,-0.08653099065080028,0.08899149298667908,-0.0893409252166748,-0.09690292899861674,0.09256044030189514,-0.05176675319671631,-0.09801491325154643,0.03722497820854187,-0.11956280469894409,-0.05449372505202632,0.03778502345085144,-0.140057772397995,-0.08885956530824046,0.05107244849205017,-0.07951080799102783,-0.08305063818946223,0.05293312668800354,-0.041661739349365234,-0.07230867420688014,0.005414873361587524,-0.10278022289276123,-0.06402456735625606,0.009554654359817505,-0.11799073219299316,-0.08859872793212276,0.025823593139648438,-0.07790732383728027,-0.08489344244256358,0.032064348459243774,-0.04795193672180176,-0.0766243336106811,0.10728581907037404,0.058299487604081046,0.025886806846069664,0.0,0.07137462047651683,0.06245824814737887,0.044703921404323756,0.06885445501066609,0.06892491037933797,0.1062615542134604,1
0.06275314092636108,-0.0026016831398010254,-0.020972757462327962,0.12254998087882996,-0.013776540756225586,-0.04167112228638459,0.1641382873058319,-0.02324235439300537,-0.06137837362653542,0.16856536269187927,-0.03502702713012695,-0.07892490443951417,0.11638608574867249,-0.1515684723854065,-0.044531787607734685,0.1522398293018341,-0.11470699310302734,-0.07765710619456101,0.15630194544792175,-0.07898157835006714,-0.0934502285457306,0.15144959092140198,-0.0693444013595581,-0.10186056313282776,0.08143952488899231,-0.15781468152999878,-0.050251579705541616,0.11795923113822937,-0.09538000822067261,-0.08159492430455018,0.12110605835914612,-0.05399370193481445,-0.08936418858534623,0.11800172924995422,-0.04653275012969971,-0.09361618277794648,0.045199841260910034,-0.14679497480392456,-0.05806009737021256,0.07521334290504456,-0.08609187602996826,-0.08670093384749222,0.08069977164268494,-0.044438183307647705,-0.08172609922653962,0.07920870184898376,-0.03009277582168579,-0.07559334007269669,0.010965347290039062,-0.12445443868637085,-0.06831857082611847,0.037736713886260986,-0.08030736446380615,-0.09040734437472153,0.0492824912071228,-0.04563117027282715,-0.08870504317051697,0.053766608238220215,-0.029807209968566895,-0.08395965662962723,0.1106690074404129,0.05068528913331833,0.012588785008681462,0.0,0.06263365383437346,0.04781633351107631,0.03834881767801835,0.05168195548559673,0.05185617310014555,0.08949279117877097,1
0.06095948815345764,-0.002290785312652588,-0.019290134975118,0.1194448173046112,-0.013200938701629639,-0.03842134467641767,0.158057302236557,-0.020235776901245117,-0.05764334342758115,0.16021254658699036,-0.0384371280670166,-0.07585976711790021,0.10830429196357727,-0.15065819025039673,-0.03775223038474973,0.13011708855628967,-0.14593100547790527,-0.06775416127721723,0.14688029885292053,-0.10557395219802856,-0.08573979578296598,0.15535756945610046,-0.07521283626556396,-0.09514972261468824,0.07324889302253723,-0.1598755419254303,-0.043353696086806615,0.09920188784599304,-0.11488223075866699,-0.07438977501670774,0.11638572812080383,-0.060334980487823486,-0.08658404342214521,0.12140539288520813,-0.0234488844871521,-0.0922593667296594,0.03647223114967346,-0.14977934956550598,-0.050815411576432545,0.05880644917488098,-0.11329805850982666,-0.07663680306951459,0.07555875182151794,-0.06518501043319702,-0.07577714017908033,0.08214381337165833,-0.03035593032836914,-0.07148227534572538,0.0022456347942352295,-0.12665721774101257,-0.06065509162227567,0.023186296224594116,-0.10956186056137085,-0.07960638097803052,0.039650529623031616,-0.07587677240371704,-0.0780202492264932,0.04891854524612427,-0.048306822776794434,-0.07287525824586805,0.10563014580566583,0.04794656405340245,0.018328509553965533,0.0,0.07166031821429612,0.0550433067087517,0.03709479096107926,0.036792479115413085,0.04160099306558798,0.07848587683614044,1
0.05592122673988342,0.0033072233200073242,-0.025157313244534407,0.11772644519805908,-0.010921955108642578,-0.043347637551022444,0.16203540563583374,-0.02416914701461792,-0.060582369016600524,0.18034815788269043,-0.041542649269104004,-0.0759809682240018,0.11668628454208374,-0.13632932305335999,-0.03499565963645068,0.15216320753097534,-0.16569235920906067,-0.06632324998278705,0.17352145910263062,-0.12079757452011108,-0.08502082471747485,0.18474555015563965,-0.08247506618499756,-0.09472136144538013,0.08455264568328857,-0.14891019463539124,-0.037123094694806014,0.12250787019729614,-0.16095265746116638,-0.07031128500599948,0.14865869283676147,-0.10065287351608276,-0.08427830730576602,0.15821081399917603,-0.05439114570617676,-0.08996397201914874,0.051541030406951904,-0.14705628156661987,-0.042360197203350936,0.08383786678314209,-0.14826950430870056,-0.072301886426402,0.10909396409988403,-0.08989310264587402,-0.07404113505978671,0.11869120597839355,-0.045909225940704346,-0.07037220095295993,0.018457472324371338,-0.13170161843299866,-0.049902524249745284,0.045753270387649536,-0.12285476922988892,-0.07272702400584308,0.06783124804496765,-0.08160805702209473,-0.07436477337975589,0.07804262638092041,-0.04723840951919556,-0.07115275357861606,0.13226326876679087,0.06970728663794794,0.0252427311406945,0.0,0.09803778931626515,0.0625726048236232,0.041167946431401245,0.030463038359621587,0.02559581713699416,0.06181138010073665,1
0.053861021995544434,-0.010660767555236816,-0.021400020656670904,0.105804443359375,-0.029697954654693604,-0.041394605500187254,0.1447194218635559,-0.04201161861419678,-0.06270717383691249,0.16319268941879272,-0.05826139450073242,-0.08342244775363383,0.09946471452713013,-0.147531658411026,-0.02738575936623988,0.12137168645858765,-0.1881413757801056,-0.058900683385815,0.13816654682159424,-0.1543394923210144,-0.08022433818646846,0.14643025398254395,-0.11958098411560059,-0.09186735303470073,0.06509381532669067,-0.15849605202674866,-0.0325504534072536,0.08237111568450928,-0.19394516944885254,-0.06728470624753413,0.09956967830657959,-0.13649839162826538,-0.0837715447075027,0.10366511344909668,-0.09029728174209595,-0.09024071247645793,0.029795944690704346,-0.154542475938797,-0.040558683884825086,0.04008901119232178,-0.18525415658950806,-0.07204398067065654,0.056866616010665894,-0.12559616565704346,-0.0720467224843162,0.06114548444747925,-0.08039653301239014,-0.06594206692048488,-0.005365103483200073,-0.13607573509216309,-0.05042273850509105,0.005131810903549194,-0.15978559851646423,-0.07398297936984477,0.022250771522521973,-0.11776256561279297,-0.07143387497731624,0.028133541345596313,-0.08182573318481445,-0.06436005534001765,0.11924442623096483,0.06410367291828567,0.024603187405903337,0.0,0.09863779941715985,0.07758822984725026,0.06356942120461895,0.06337950380912191,0.06760052050220687,0.10442028729795537,1
0.04182100296020508,-0.023306727409362793,-0.0242664603082261,0.0857304036617279,-0.05712944269180298,-0.04112148410955285,0.11376667022705078,-0.07998204231262207,-0.05860006190219735,0.11013826727867126,-0.08601969480514526,-0.07368513322749948,0.0637047290802002,-0.17259031534194946,-0.015424936407598011,0.06695902347564697,-0.20133662223815918,-0.051765189835222714,0.06857681274414062,-0.14966744184494019,-0.0752296236840806,0.07070934772491455,-0.10710054636001587,-0.08517852551618432,0.02809014916419983,-0.1773083209991455,-0.01689966149011468,0.025351405143737793,-0.19745314121246338,-0.05635211370268678,0.03270605206489563,-0.130397230386734,-0.07090886808315133,0.03949138522148132,-0.08303618431091309,-0.071320944794806,-0.0062004923820495605,-0.1693180501461029,-0.023607562625201695,-0.008811593055725098,-0.180103600025177,-0.06024433798471307,0.003821820020675659,-0.11545145511627197,-0.06090986109653329,0.012845486402511597,-0.07163757085800171,-0.05070176474133348,-0.03689467906951904,-0.14937618374824524,-0.03246715790906762,-0.03630700707435608,-0.15400031208992004,-0.05724565438309526,-0.023314327001571655,-0.10717624425888062,-0.05636487654724931,-0.01307588815689087,-0.07451629638671875,-0.04783395803848123,0.09273707394318438,0.03782050334826053,0.007044043978871845,0.0,0.05217991302480444,0.05088561960732601,0.044710647495368586,0.07433805045872736,0.07070985277365312,0.09835004168706499,1
0.041671961545944214,-0.018239736557006836,-0.027064835028809853,0.08473166823387146,-0.05496978759765625,-0.043977503972215004,0.09903129935264587,-0.07349753379821777,-0.05939157803551609,0.07773852348327637,-0.0646405816078186,-0.07253812004820759,0.06316894292831421,-0.17880964279174805,-0.024174041422170944,0.06477436423301697,-0.16173338890075684,-0.05312111725108082,0.061479032039642334,-0.11058852076530457,-0.07142454137103016,0.06029614806175232,-0.08525955677032471,-0.08154729505078251,0.02159479260444641,-0.18364471197128296,-0.024064521612686463,0.024332404136657715,-0.15967237949371338,-0.05836054061548168,0.026174604892730713,-0.10043680667877197,-0.0717322801520055,0.025896459817886353,-0.06543576717376709,-0.07402083029047901,-0.01653197407722473,-0.1720949411392212,-0.027568434672517128,-0.015767216682434082,-0.14399972558021545,-0.0574025784899419,-0.006263628602027893,-0.08700251579284668,-0.05770797778860981,-0.0014795362949371338,-0.0545310378074646,-0.05067326997415478,-0.04979155957698822,-0.14803862571716309,-0.033926249789161034,-0.04948367178440094,-0.11561739444732666,-0.05535511796371395,-0.038554996252059937,-0.07328009605407715,-0.05628692482606823,-0.029826059937477112,-0.053619980812072754,-0.051161968456668205,0.05876933989257374,0.011934334094945044,0.023061394284089178,0.0,0.038917409505458835,0.04048156530971578,0.02700701014731971,0.07357782841917891,0.05184816183020035,0.07986052761455989,1
0.04437066614627838,-0.010193586349487305,-0.03474886527672538,0.08528570830821991,-0.03859269618988037,-0.056554974973352046,0.07402853667736053,-0.05065619945526123,-0.0748964045049263,0.03989775478839874,-0.042075276374816895,-0.09171189552560577,0.06671695411205292,-0.17358455061912537,-0.03916100969925651,0.0634835809469223,-0.1350950300693512,-0.07090024089828262,0.05752106010913849,-0.0890381932258606,-0.09048904663339385,0.054262831807136536,-0.07679355144500732,-0.10261630451694259,0.02158777415752411,-0.18180370330810547,-0.037379452943952174,0.01797674596309662,-0.1471555531024933,-0.07650263792291412,0.014930292963981628,-0.08462536334991455,-0.0921373758317543,0.013783514499664307,-0.04726433753967285,-0.09605527108922729,-0.019062817096710205,-0.17001670598983765,-0.03876391610518226,-0.028157919645309448,-0.13826468586921692,-0.07684549129024276,-0.023755237460136414,-0.07019799947738647,-0.08067640846982727,-0.018650159239768982,-0.02856755256652832,-0.07494520580783615,-0.052748098969459534,-0.14226549863815308,-0.042657850295455546,-0.06670708954334259,-0.10680133104324341,-0.07403145170226821,-0.058504536747932434,-0.05694842338562012,-0.07870037293449172,-0.048632144927978516,-0.03047579526901245,-0.07503163254276046,0.03219392947259854,0.04552136519769546,0.035192932717583864,0.0,0.0492110171468202,0.03276956298232677,0.037572783522167676,0.060340429435375494,0.02662479862140514,0.060085912155269185,1
0.03523816168308258,-0.021069884300231934,-0.02577404122274629,0.07061052322387695,-0.05779999494552612,-0.04141368906419984,0.0850115716457367,-0.08364570140838623,-0.055774794923479476,0.0682401955127716,-0.0730055570602417,-0.06600209887545816,0.05967247486114502,-0.1773281991481781,-0.016015676813537993,0.055070191621780396,-0.17559093236923218,-0.0460619051329445,0.04824317991733551,-0.11284065246582031,-0.06204578469913713,0.047982603311538696,-0.08833509683609009,-0.06962925757687799,0.026751041412353516,-0.1890515387058258,-0.016493678124959388,0.01541629433631897,-0.1880148947238922,-0.04884414564293138,0.008869707584381104,-0.11837157607078552,-0.05585075731795541,0.012247040867805481,-0.08936560153961182,-0.05248208160918466,-0.0058732181787490845,-0.1840972602367401,-0.021888095917518058,-0.020909994840621948,-0.16842302680015564,-0.05118119161051027,-0.020977213978767395,-0.10472804307937622,-0.04631084020655862,-0.014156684279441833,-0.0793982744216919,-0.03467469479363672,-0.0347871333360672,-0.16752612590789795,-0.030046150120313087,-0.05078969895839691,-0.14647933840751648,-0.045685855703766265,-0.04771074652671814,-0.09795480966567993,-0.04022448699396364,-0.038553833961486816,-0.07873868942260742,-0.03053466420095674,0.06153412339450981,0.015389203120451283,0.019861815857135093,0.0,0.038005462857677676,0.03732472270991987,0.02540403179675955,0.07298900051955563,0.058334247423465234,0.08264449548975333,1
0.03193068504333496,-0.024515926837921143,-0.03699086967083076,0.06367325782775879,-0.05463564395904541,-0.06271179753514389,0.07414013147354126,-0.0685722827911377,-0.08434934157105545,0.056961774826049805,-0.05820798873901367,-0.10240615147324661,0.04454794526100159,-0.17636573314666748,-0.046181451409779584,0.0421789288520813,-0.1645527482032776,-0.08612519490691284,0.03927795588970184,-0.10553669929504395,-0.10725826758118728,0.036362648010253906,-0.07630133628845215,-0.11751472938033203,0.003706410527229309,-0.17906630039215088,-0.0433481185433493,-0.009404286742210388,-0.16771182417869568,-0.08599755901070694,-0.0057982951402664185,-0.10096675157546997,-0.09565991151305298,-0.0004257410764694214,-0.06804990768432617,-0.0940874813792334,-0.03337608277797699,-0.16509202122688293,-0.04534562292667488,-0.04948052763938904,-0.1472296118736267,-0.08343158650370697,-0.03894698619842529,-0.08706068992614746,-0.07926914083930114,-0.029131785035133362,-0.060941100120544434,-0.06764453637572387,-0.06302216649055481,-0.13801470398902893,-0.05045418429347137,-0.07894714921712875,-0.11759921908378601,-0.07608215498896698,-0.06549656391143799,-0.07669615745544434,-0.0742892994281874,-0.051872074604034424,-0.06344908475875854,-0.06621460604640106,0.0419727350890716,0.007603002782400854,0.02006276472242316,0.0,0.03486074630177197,0.038560037925075986,0.02741702484074472,0.07456770229058056,0.058225341132431316,0.0861369313790257,1
0.03493031859397888,-0.010698139667510986,-0.0345954595217961,0.07256999611854553,-0.04379463195800781,-0.0557993685910958,0.08597835898399353,-0.07719659805297852,-0.07401603442528426,0.07050400972366333,-0.09366750717163086,-0.0903840212235707,0.06257209181785583,-0.15263083577156067,-0.03735434246161162,0.06473740935325623,-0.1886899173259735,-0.0711264459500569,0.05983135104179382,-0.15571075677871704,-0.09027534705498397,0.05493271350860596,-0.12503647804260254,-0.09924968314268767,0.024629294872283936,-0.16525855660438538,-0.03365487215020835,0.020649880170822144,-0.1903057098388672,-0.0719872562299031,0.020885050296783447,-0.1248827874660492,-0.08439593744375884,0.021711140871047974,-0.07668763399124146,-0.08460944873192489,-0.012680500745773315,-0.1595855951309204,-0.03429893386461913,-0.019311413168907166,-0.17740792036056519,-0.07252552342512786,-0.014034613966941833,-0.11341959238052368,-0.07306073588230788,-0.010547488927841187,-0.06798255443572998,-0.06396710109808623,-0.047403424978256226,-0.1385529339313507,-0.03701380622484862,-0.05608871579170227,-0.1412624716758728,-0.06737006437876403,-0.046325549483299255,-0.09547644853591919,-0.06839676183560073,-0.03770454227924347,-0.06287956237792969,-0.06129275244572341,0.09027404635122928,0.04991564866710092,0.02259969761358737,0.0,0.08313429673182937,0.05703057268172118,0.035021102200258204,0.0642692334511083,0.05166294749712437,0.08502389211686501,1
0.03758424520492554,-0.004762232303619385,-0.02514064090051704,0.08761683106422424,-0.028344154357910156,-0.041993626968050535,0.1175844669342041,-0.04704892635345459,-0.05832988919415527,0.10485899448394775,-0.05385100841522217,-0.07314542459049278,0.08739623427391052,-0.12878167629241943,-0.022157631457830007,0.09679242968559265,-0.16628339886665344,-0.055744507924700315,0.09390890598297119,-0.1317305862903595,-0.07634892092742973,0.092561274766922,-0.10309714078903198,-0.08552911655702644,0.05652472376823425,-0.1414983570575714,-0.02242639625170284,0.05737963318824768,-0.1747296154499054,-0.05734282137551361,0.05453726649284363,-0.11223560571670532,-0.0677689589718824,0.05486735701560974,-0.07081454992294312,-0.06689761357107216,0.024123340845108032,-0.14352759718894958,-0.027260779977822835,0.024031609296798706,-0.16975867748260498,-0.06035843269624763,0.02489873766899109,-0.106364905834198,-0.05647384153404289,0.025872349739074707,-0.06627696752548218,-0.044852664337540205,-0.007778584957122803,-0.13400840759277344,-0.034157460198784406,-0.00869762897491455,-0.1478227972984314,-0.056594544665003355,-0.00316813588142395,-0.1005750298500061,-0.05230690689482742,0.0018315017223358154,-0.06920450925827026,-0.04252366872229629,0.08328024874296644,0.030787851553712966,0.014429344041128604,0.0,0.07491633002156894,0.061380473178831024,0.050758402890726605,0.06706892529471212,0.05279133979404111,0.07995807969093952,1
0.024594873189926147,-0.01611626148223877,-0.00393552364163352,0.04421842098236084,-0.0342671275138855,-0.012746556506829987,0.05462169647216797,-0.049458861351013184,-0.022227506929414997,0.056408047676086426,-0.06298947334289551,-0.03349492869653059,0.03786498308181763,-0.06496274471282959,-0.022018581473606358,0.031209319829940796,-0.10178333520889282,-0.03543372250475241,0.02212458848953247,-0.11527186632156372,-0.04444531149544073,0.013374477624893188,-0.11885994672775269,-0.04934667594112707,0.01778310537338257,-0.05777508020401001,-0.026790588938968907,0.005691707134246826,-0.09831196069717407,-0.0388662385133679,0.0007017552852630615,-0.10463637113571167,-0.04410610518731428,-0.0012776553630828857,-0.10089766979217529,-0.04752114213384939,-0.003161996603012085,-0.04766249656677246,-0.031101738878863583,-0.01601850986480713,-0.08691191673278809,-0.04087397999443365,-0.016457021236419678,-0.08860063552856445,-0.03893805093445135,-0.015058159828186035,-0.08124905824661255,-0.03673096171893431,-0.023152709007263184,-0.03530383110046387,-0.035426871695893536,-0.03486558794975281,-0.06624656915664673,-0.042027124979871044,-0.032563209533691406,-0.0649755597114563,-0.03770981527246786,-0.028552532196044922,-0.055729806423187256,-0.03341907433547331,0.056649590122267356,0.03120192540298813,0.013648022255939161,0.0,0.0900405125728896,0.08073316365722617,0.0705223223355484,0.07596504820934252,0.06902660134441226,0.07376199059068146,1
0.07735392451286316,-0.02572798728942871,-0.014339867783633053,0.15150251984596252,-0.07823842763900757,-0.02860001268788892,0.20294225215911865,-0.11882174015045166,-0.04411978068753797,0.2111589014530182,-0.16144132614135742,-0.05442113223477918,0.13146719336509705,-0.2656812071800232,-0.019315302176323712,0.189731627702713,-0.20151805877685547,-0.053622407643047154,0.1717858910560608,-0.13438200950622559,-0.06855157556935865,0.15145161747932434,-0.122775137424469,-0.07508434894486982,0.08518871665000916,-0.27295589447021484,-0.02903050723477918,0.14760300517082214,-0.16325432062149048,-0.06058594751164037,0.12203565239906311,-0.10161089897155762,-0.06587227973147947,0.09722977876663208,-0.10673201084136963,-0.066473601190296,0.03808194398880005,-0.25361794233322144,-0.04243722352191526,0.09851253032684326,-0.14253699779510498,-0.06925510409280378,0.07402916252613068,-0.08835583925247192,-0.05947075205847341,0.048164382576942444,-0.09413456916809082,-0.049752676663842976,-0.0059381574392318726,-0.21723037958145142,-0.05856282803222257,0.04691091179847717,-0.13636994361877441,-0.07342272046014386,0.037829816341400146,-0.0934104323387146,-0.0659281590859564,0.019493520259857178,-0.09458309412002563,-0.05655399876638967,0.19058300605325187,0.1023797156942672,0.043404405717106076,0.0,0.04453673887438712,0.051642180528461853,0.07113391532458584,0.10640154409370223,0.12638415318655696,0.1763445851675117,1
0.03763499855995178,-0.007682919502258301,-0.017313576735915603,0.07665321230888367,-0.01955282688140869,-0.03148845905846542,0.10487684607505798,-0.02545475959777832,-0.04612518797105736,0.12084060907363892,-0.025819897651672363,-0.0598095464188475,0.07490518689155579,-0.11082082986831665,-0.021075108521046104,0.08412867784500122,-0.1277114748954773,-0.04396179268545097,0.07951748371124268,-0.09777051210403442,-0.0571627649146933,0.07586884498596191,-0.07623106241226196,-0.06381060133165306,0.04664778709411621,-0.12477189302444458,-0.022529193632664146,0.045486003160476685,-0.13773894309997559,-0.04691313529795593,0.04082038998603821,-0.09079551696777344,-0.05403651992267555,0.03956305980682373,-0.06273794174194336,-0.054943926133574905,0.01731671392917633,-0.1268894076347351,-0.026503124706806602,0.012461498379707336,-0.13447368144989014,-0.049211102970303955,0.013015508651733398,-0.08854752779006958,-0.04583962956851906,0.013482123613357544,-0.061341047286987305,-0.03878240982479042,-0.01250314712524414,-0.12012475728988647,-0.031950398780765,-0.017141073942184448,-0.12143290042877197,-0.04777117768711037,-0.01339048147201538,-0.08726054430007935,-0.044309183456363144,-0.00980861485004425,-0.06648421287536621,-0.03768966297096199,0.08515940110961165,0.044629611345892266,0.015967938341353377,0.0,0.05668366268148298,0.05847817588376999,0.06755549642832169,0.07520589303696601,0.08926915477515603,0.11308225533539681,1
0.03898133337497711,-0.010103940963745117,-0.02431559833961927,0.07440666854381561,-0.022804439067840576,-0.04469148899692499,0.1011306494474411,-0.02574598789215088,-0.06426724876541101,0.11556719243526459,-0.017985761165618896,-0.081850715831699,0.0766993910074234,-0.11549991369247437,-0.03662118773240053,0.08215256035327911,-0.12153065204620361,-0.0690251001276394,0.08016468584537506,-0.07363635301589966,-0.08462703313011133,0.0799974650144577,-0.04495954513549805,-0.09129818613904916,0.043705329298973083,-0.12778156995773315,-0.03729923899549448,0.041312381625175476,-0.13178527355194092,-0.07225276614803278,0.04123161733150482,-0.07323247194290161,-0.07878377373594248,0.04376004636287689,-0.043488919734954834,-0.07714280571121179,0.011123940348625183,-0.12731903791427612,-0.04129461284059488,0.004263743758201599,-0.12550175189971924,-0.07331461544412576,0.007868915796279907,-0.0707511305809021,-0.06805480356592142,0.011922106146812439,-0.044408440589904785,-0.057473131374301545,-0.01917259395122528,-0.11935186386108398,-0.04718021015900575,-0.0269843190908432,-0.11384838819503784,-0.068279118195953,-0.022763565182685852,-0.07601577043533325,-0.06489794041294061,-0.017285212874412537,-0.05768781900405884,-0.05719063516038858,0.07699036886323433,0.04144162621982759,0.016390085182403927,0.0,0.022849633039620065,0.028561727297589518,0.04464068245943615,0.06005162552891466,0.07620155722866769,0.10696009489384006,1
0.04030025005340576,-0.006406664848327637,-0.020359484894768798,0.07342872023582458,-0.00676572322845459,-0.04240823019911488,0.09510427713394165,0.007859945297241211,-0.06432446692754468,0.10640466213226318,0.03261148929595947,-0.08483970020581921,0.07257148623466492,-0.1180187463760376,-0.04179863859583577,0.07660257816314697,-0.057978034019470215,-0.07135157887508115,0.07155653834342957,-0.013235211372375488,-0.08700945083667477,0.0710960328578949,-0.004097580909729004,-0.09629274014999112,0.035706669092178345,-0.1252257227897644,-0.04579150532056531,0.03683790564537048,-0.041409969329833984,-0.07284813974668225,0.03643813729286194,0.004635214805603027,-0.07738900785018643,0.038606464862823486,0.010622859001159668,-0.07968697552253445,-0.0002681612968444824,-0.11880528926849365,-0.051804634227053725,0.0008998215198516846,-0.03515982627868652,-0.07574866567422589,0.0040423572063446045,0.004658341407775879,-0.07096117590238293,0.00664636492729187,0.008892416954040527,-0.06547093246747693,-0.031958743929862976,-0.10504615306854248,-0.06033295620848378,-0.03077605366706848,-0.035594940185546875,-0.07517562661935528,-0.024386271834373474,-0.004416048526763916,-0.07219663862754544,-0.02015620470046997,-0.0005602836608886719,-0.06790972356368741,0.07676072986311908,0.05136124618961427,0.027209146098890653,0.0,0.0035440674141622684,0.02682122715702455,0.05093383096332871,0.05656532934190175,0.07127478807563897,0.10253932052630625,1
0.04030536115169525,0.01435178518295288,-0.0361149484797636,0.07957114279270172,0.0418013334274292,-0.06921082609736118,0.10151837766170502,0.07083165645599365,-0.09892430776201877,0.10343219339847565,0.08890783786773682,-0.12619162970625553,0.07516278326511383,-0.06943923234939575,-0.08313433700644168,0.06681586802005768,0.012874960899353027,-0.1295324253424326,0.06581144034862518,0.06535643339157104,-0.14924059682928714,0.07208572328090668,0.0750698447227478,-0.15845633917891178,0.028384730219841003,-0.07886373996734619,-0.08232601606690082,0.020728960633277893,0.04238218069076538,-0.12498412901007327,0.019880667328834534,0.09164559841156006,-0.12720905119024906,0.022169873118400574,0.08623373508453369,-0.12655533724867496,-0.015551462769508362,-0.07658416032791138,-0.08386725807034168,-0.021892055869102478,0.04417610168457031,-0.11930546784245166,-0.019294217228889465,0.08865070343017578,-0.1083517509087244,-0.015989139676094055,0.08431416749954224,-0.09761936092220935,-0.05475260317325592,-0.0682685375213623,-0.08952427530132923,-0.059842273592948914,0.04007232189178467,-0.11189958327852878,-0.05468997359275818,0.07647502422332764,-0.10833033794008884,-0.0506855845451355,0.07426512241363525,-0.102849869666926,0.09769136062850917,0.052805042340632824,0.018177211697742862,0.0,0.034100225058997825,0.029736230152525727,0.034265014856445154,0.08082950698438371,0.08130630678487762,0.11950965065951345,1
0.04165835678577423,-0.00885152816772461,-0.02480737014380452,0.08420126140117645,-0.020189881324768066,-0.04810112609234807,0.11555473506450653,-0.016296446323394775,-0.07142488925424573,0.12742935121059418,-0.0108795166015625,-0.09242938725915906,0.07865928113460541,-0.1462356448173523,-0.04507023363080975,0.09161438047885895,-0.10972577333450317,-0.08042604743209836,0.08862034976482391,-0.06203669309616089,-0.09818777708974835,0.08813230693340302,-0.04528230428695679,-0.10719260840383527,0.04228927195072174,-0.15928184986114502,-0.04820345609155652,0.0463547557592392,-0.08283650875091553,-0.08400782464710232,0.04331521689891815,-0.022577404975891113,-0.09143057732549664,0.041901007294654846,-0.0037068724632263184,-0.09230610995260236,0.0046695321798324585,-0.15398520231246948,-0.054070706355247466,0.007810220122337341,-0.07526212930679321,-0.08509703247514722,0.008908882737159729,-0.02170240879058838,-0.08040040998426434,0.008058682084083557,-0.00583958625793457,-0.07206168292728421,-0.03172202408313751,-0.13780450820922852,-0.06285342841115948,-0.028188541531562805,-0.0638001561164856,-0.08301396189895627,-0.019724935293197632,-0.02213829755783081,-0.08097959576812741,-0.014183461666107178,-0.011194169521331787,-0.07487928389278409,0.08579496617931774,0.04421934689533751,0.013051805860806976,0.0,0.025398480448440498,0.039901999028737006,0.0522284356404616,0.07472194446329711,0.0858285758762104,0.11947701680900598,1
0.05368301272392273,0.0022949576377868652,-0.038536486811324266,0.10027429461479187,-0.018718719482421875,-0.06100293029038539,0.08404460549354553,-0.03508347272872925,-0.07786586288301578,0.043338656425476074,-0.035830140113830566,-0.09159440699903598,0.06489202380180359,-0.15245938301086426,-0.05463363382904163,0.05199888348579407,-0.10124653577804565,-0.0865746975311481,0.047769635915756226,-0.05550277233123779,-0.1029873654612743,0.045781657099723816,-0.04605144262313843,-0.11205291900722614,0.016569092869758606,-0.16360950469970703,-0.04950305972187152,-0.003977954387664795,-0.08442121744155884,-0.07982222143499484,-0.0014812648296356201,-0.03752255439758301,-0.08907596174566379,-0.0019379407167434692,-0.03552478551864624,-0.09304961714832416,-0.025681734085083008,-0.15261340141296387,-0.04710324261276355,-0.04490695893764496,-0.07721209526062012,-0.07389141771881214,-0.034612998366355896,-0.038027048110961914,-0.07272514853565326,-0.0296003520488739,-0.041624605655670166,-0.06903831068365207,-0.06284438073635101,-0.1309952735900879,-0.048223929143830446,-0.0745990127325058,-0.06898975372314453,-0.06544888172237506,-0.06337962299585342,-0.035733163356781006,-0.06364432129947772,-0.055961862206459045,-0.03758770227432251,-0.059410584754630236,0.03950352877654853,0.05945138864694141,0.04071279653519565,0.0,0.06096331107834994,0.039803889048595865,0.010509199649885718,0.0859836787406949,0.04527762681731059,0.07316881021403084,1
0.038059741258621216,-0.015750765800476074,-0.04102309784448721,0.06551152467727661,-0.04436987638473511,-0.06435932955301382,0.04429984092712402,-0.05851966142654419,-0.07948808363235571,0.011453390121459961,-0.057375311851501465,-0.08825371405637839,0.03469313681125641,-0.19384586811065674,-0.05602722978747465,0.017384469509124756,-0.09317874908447266,-0.0822322814778147,0.0208817720413208,-0.05606931447982788,-0.09254162004745581,0.02232341468334198,-0.0729711651802063,-0.09980027368820288,-0.00772683322429657,-0.20330750942230225,-0.04796354836381056,-0.02814723551273346,-0.0859939455986023,-0.07421538224971869,-0.01731020212173462,-0.0480765700340271,-0.07826413950479605,-0.015132144093513489,-0.06556528806686401,-0.08104323586977102,-0.04344736039638519,-0.19060832262039185,-0.042485542507535,-0.06445501744747162,-0.08650249242782593,-0.06658124169862845,-0.0503581166267395,-0.048349201679229736,-0.06107817953980543,-0.04703672230243683,-0.061733126640319824,-0.05654126769459822,-0.0746547281742096,-0.1655781865119934,-0.041268993081217786,-0.09221291542053223,-0.08632504940032959,-0.06027094638503172,-0.08123824745416641,-0.0519983172416687,-0.060454573394423505,-0.07868971675634384,-0.05977189540863037,-0.05773919812000372,0.04940142462305976,0.055600568911972494,0.03286637896816152,0.0,0.0518000633745765,0.026302267415386497,0.019010209757559016,0.059848155345407814,0.027818453226297973,0.05865222758850451,1
0.03707025945186615,-0.008875131607055664,-0.02567343481569928,0.07825656235218048,-0.03218561410903931,-0.047064841471010865,0.11071692407131195,-0.03635585308074951,-0.06905348294168157,0.13383202254772186,-0.03169143199920654,-0.08996779911904973,0.0870722085237503,-0.1411723494529724,-0.029760288752013864,0.11200778186321259,-0.1704959273338318,-0.06398155980497044,0.11475817859172821,-0.1389535665512085,-0.08591424369006795,0.112310990691185,-0.10763037204742432,-0.09733456068425816,0.05383484065532684,-0.1583663821220398,-0.03100882724612397,0.06893445551395416,-0.16655749082565308,-0.06912088089376134,0.06991256773471832,-0.09855383634567261,-0.08364956521182698,0.06765063107013702,-0.05205577611923218,-0.08727042072206181,0.01826004683971405,-0.16139405965805054,-0.03609027781277341,0.027835682034492493,-0.16709303855895996,-0.07256181978374165,0.03130422532558441,-0.10257816314697266,-0.07296777956872624,0.02948780357837677,-0.06060677766799927,-0.06505500965505284,-0.01858319342136383,-0.1537424921989441,-0.04298228465705556,-0.010569199919700623,-0.15380209684371948,-0.06873637878089589,-0.003198787569999695,-0.10719037055969238,-0.06748193942695302,-0.0010625272989273071,-0.07621604204177856,-0.06033447452574414,0.09941540303697093,0.05557765730852537,0.023581022064365027,0.0,0.08277448634620393,0.07129234252231778,0.07892957258098442,0.04583877372135218,0.0692436501734864,0.1082765590858354,1
0.0514320433139801,-0.0016809701919555664,-0.02010909197539945,0.09735101461410522,-0.00853121280670166,-0.03854498928100725,0.1311626434326172,-0.0007642507553100586,-0.057869791143247085,0.1508660912513733,0.0037233829498291016,-0.0747270948222365,0.11381518840789795,-0.14276260137557983,-0.02251857993812223,0.1306644082069397,-0.08350563049316406,-0.05508084138543268,0.12954986095428467,-0.03456073999404907,-0.07563155805380006,0.13292229175567627,-0.02174323797225952,-0.08733066087276598,0.08167684078216553,-0.1588481068611145,-0.02648000521273275,0.09156352281570435,-0.07191979885101318,-0.055230650209495025,0.08192563056945801,-0.027571380138397217,-0.06510244225771089,0.07761883735656738,-0.029333055019378662,-0.06958822821886201,0.04515475034713745,-0.15870451927185059,-0.03423563679368158,0.053166866302490234,-0.07543796300888062,-0.0620111851921763,0.04669889807701111,-0.03308510780334473,-0.06125001152665277,0.041808247566223145,-0.03278923034667969,-0.05646875044018884,0.007579922676086426,-0.14773452281951904,-0.04464500313312669,0.016677796840667725,-0.07904034852981567,-0.0638136706283774,0.020091593265533447,-0.03986620903015137,-0.06285338764698167,0.022921651601791382,-0.03322279453277588,-0.05771990408808847,0.0995808059924046,0.054900259968862226,0.02020803583275588,0.0,0.03794566334191286,0.02105265462761819,0.0311533099610802,0.060688678896383075,0.08036098739028932,0.11500775712531322,1
0.05581635236740112,-0.010521173477172852,-0.017221826861728573,0.10492837429046631,-0.021478354930877686,-0.03537457789026632,0.14032816886901855,-0.013976514339447021,-0.05629590878926649,0.15609389543533325,-0.009988725185394287,-0.07654524202190771,0.11010473966598511,-0.1484156847000122,-0.018114771495689297,0.12636607885360718,-0.11895138025283813,-0.05165740455232992,0.13019847869873047,-0.06521552801132202,-0.0764767190321578,0.13361257314682007,-0.03008246421813965,-0.09043225998722448,0.07507842779159546,-0.15922516584396362,-0.025163387681473637,0.08791905641555786,-0.12021654844284058,-0.06038133780204191,0.09023064374923706,-0.054353535175323486,-0.07759941721998587,0.08869707584381104,-0.012865066528320312,-0.08487723375402823,0.036034971475601196,-0.15547209978103638,-0.035502094577182675,0.047814756631851196,-0.12261420488357544,-0.06967820579849615,0.052340030670166016,-0.057121336460113525,-0.07300588096224203,0.05258220434188843,-0.01606881618499756,-0.0679252704485549,-0.0032455623149871826,-0.14095884561538696,-0.04762249792658224,0.009558111429214478,-0.11561238765716553,-0.07206950689398184,0.018645793199539185,-0.06767499446868896,-0.07182216251932516,0.023567557334899902,-0.03747206926345825,-0.06575508768402472,0.10027895664058536,0.052439700091763713,0.01626224450993717,0.0,0.029946852266273225,0.0174499526474707,0.030152416157848347,0.05164305454961481,0.0674581694872698,0.10369010415458267,1
0.01136752963066101,-0.12353354692459106,0.014095333167688295,0.043673884123563766,-0.22364217042922974,0.0038819441062969418,0.09357178956270218,-0.2874363660812378,-0.0071806616658705025,0.13981930166482925,-0.3286559581756592,-0.017538433200343206,0.0317264199256897,-0.29189687967300415,-0.0401783746244746,0.11514067649841309,-0.36190909147262573,-0.06825570133946712,0.169511117041111,-0.3884701728820801,-0.0826564070346194,0.2122233584523201,-0.3951219916343689,-0.08996161190293606,0.034218236804008484,-0.24209606647491455,-0.05913763610146816,0.15953486412763596,-0.2921929955482483,-0.08330295351765926,0.19062917679548264,-0.28781479597091675,-0.08463262138388927,0.19724804908037186,-0.28039151430130005,-0.08504119632266338,0.04047363996505737,-0.17862653732299805,-0.07536397246144588,0.15249595791101456,-0.22584158182144165,-0.0963399049403506,0.18433163315057755,-0.2278658151626587,-0.08929510531447704,0.19889243692159653,-0.22599828243255615,-0.0835671064021426,0.05080706998705864,-0.11010235548019409,-0.08894586679957683,0.12371324747800827,-0.1394869089126587,-0.1000831585886317,0.1587430015206337,-0.1524510383605957,-0.09179954347632702,0.18101835995912552,-0.16172873973846436,-0.08435369399808224,0.2420228529213104,0.14237920118836325,0.061950683192898495,0.0,0.240445948972002,0.16023229621626506,0.09828571128613009,0.10391533440342905,0.07501678193723957,0.1184408447202248,1
0.07282735407352448,0.018754541873931885,-0.009682158881105352,0.14306393265724182,0.01240551471710205,-0.022069376834906507,0.19507813453674316,0.014939546585083008,-0.03584989247588055,0.2366798222064972,0.01791667938232422,-0.045618222036637235,0.16661503911018372,-0.12015074491500854,-0.019987794512189794,0.21053007245063782,-0.0149955153465271,-0.048483994730986524,0.17459431290626526,0.015828490257263184,-0.06301916477946179,0.1540088951587677,-0.003058910369873047,-0.07213705120352643,0.134669691324234,-0.13278740644454956,-0.029717500263132024,0.16971474885940552,-0.0017574429512023926,-0.055978623160399366,0.13374033570289612,0.01866394281387329,-0.06099137006071942,0.1171451210975647,-0.010496914386749268,-0.06449935672549145,0.0975227952003479,-0.1277720332145691,-0.04195736063388722,0.12916693091392517,-0.002637505531311035,-0.06469079194334881,0.10001134872436523,0.016134560108184814,-0.058774520584620404,0.08494439721107483,-0.010076940059661865,-0.05427273450163739,0.05975706875324249,-0.1132361888885498,-0.05592021060851948,0.08972910046577454,-0.015670180320739746,-0.06907417712477582,0.07169321179389954,0.004584372043609619,-0.06496410904196637,0.05701807141304016,-0.012471437454223633,-0.06073439208535092,0.16385461033129853,0.09377797029188452,0.04170807759492367,0.0,0.018945729002349643,0.044840014226635305,0.08529043055573993,0.08197907129556127,0.12286528020590584,0.15429608526467606,1
0.04687333106994629,0.032734036445617676,0.000642487947573045,0.08750569820404053,0.043783605098724365,-0.006755226647271684,0.12015095353126526,0.05327880382537842,-0.016469524131878188,0.14698255062103271,0.05362147092819214,-0.02389854088590937,0.11511701345443726,-0.05458033084869385,-0.003312976455106309,0.14710405468940735,0.016652941703796387,-0.017563753651245406,0.1201682984828949,0.03956478834152222,-0.027954925672872832,0.09952870011329651,0.03426027297973633,-0.034686489851935676,0.10733374953269958,-0.05926614999771118,-0.011938795337243846,0.13791343569755554,0.02376002073287964,-0.023474526481493285,0.10983854532241821,0.04166346788406372,-0.026860405580862334,0.09000694751739502,0.03483694791793823,-0.028813608811958602,0.09538954496383667,-0.05159449577331543,-0.021320276783569625,0.1220690906047821,0.03131824731826782,-0.028712506295903495,0.09700644016265869,0.04533284902572632,-0.02321649238632517,0.07841432094573975,0.03666245937347412,-0.01950131811366873,0.08196943998336792,-0.03477281332015991,-0.03152376681731539,0.1030367910861969,0.02938634157180786,-0.033480993361934,0.08500874042510986,0.04038214683532715,-0.02770917013452845,0.07009562849998474,0.0324397087097168,-0.02335612744258242,0.10226505150045867,0.06028498633583058,0.02683378510629777,0.0,0.015337745256670622,0.028053196815364258,0.05125157474663452,0.03533784299975073,0.05999231328883733,0.0706343414616204,1
0.05646401643753052,0.0321657657623291,0.0030338585458622447,0.09815746545791626,0.04164600372314453,-0.003823112175993515,0.13115531206130981,0.05073660612106323,-0.014051272246248914,0.16081807017326355,0.05164247751235962,-0.021835406023271275,0.12309852242469788,-0.061905622482299805,-0.00020344621206902502,0.15868821740150452,0.012653768062591553,-0.01554062188715477,0.13425615429878235,0.041991353034973145,-0.025765797767050458,0.11205753684043884,0.04191446304321289,-0.031675439971692754,0.11600762605667114,-0.06608980894088745,-0.010603985461600018,0.15195047855377197,0.02360391616821289,-0.02509537403584261,0.12353774905204773,0.04647856950759888,-0.029516857761151982,0.10014888644218445,0.04114878177642822,-0.030872237581021977,0.10510021448135376,-0.05688822269439697,-0.021742905202515317,0.13703665137290955,0.031891703605651855,-0.0322808406233861,0.10973861813545227,0.04887479543685913,-0.026690941947705937,0.08825650811195374,0.04088956117630005,-0.021487441557653142,0.09224122762680054,-0.03836017847061157,-0.033387885141380025,0.11726933717727661,0.029151856899261475,-0.037514027851827336,0.09803268313407898,0.04338723421096802,-0.031002766165144635,0.08206027746200562,0.03711080551147461,-0.025082721087343884,0.10615606827531827,0.06345298158094281,0.029676587098011225,0.0,0.013902663588167372,0.021036996621974724,0.04972146293516953,0.03245496580398645,0.06157002115310452,0.07335397397897139,1
0.05117565393447876,0.030111610889434814,0.0014521509325078341,0.09002336859703064,0.04089772701263428,-0.005641646854584792,0.12190806865692139,0.05037659406661987,-0.01600804523006616,0.1477750539779663,0.05104529857635498,-0.023879076991235593,0.11610445380210876,-0.05411022901535034,-0.0002953679326509473,0.15058955550193787,0.013938486576080322,-0.016068551395093778,0.12683135271072388,0.03649240732192993,-0.027007316876208165,0.107359379529953,0.03199249505996704,-0.0336811334677094,0.10829228162765503,-0.059168100357055664,-0.009858098518108704,0.14107561111450195,0.024758517742156982,-0.024555714506661275,0.11467072367668152,0.043022334575653076,-0.029140496332203725,0.09480777382850647,0.03575444221496582,-0.030909105841075757,0.09674519300460815,-0.052506446838378906,-0.020521264228975156,0.12415477633476257,0.03318911790847778,-0.03084363013878999,0.09924086928367615,0.04522216320037842,-0.02608305558935342,0.08087822794914246,0.03421151638031006,-0.021801864434038976,0.08345189690589905,-0.03678637742996216,-0.031987568069254735,0.10554265975952148,0.030505061149597168,-0.03588140167668996,0.08869343996047974,0.04035758972167969,-0.030682140666996816,0.0746116042137146,0.030839145183563232,-0.026069169569765904,0.09884160747850702,0.058636425308671504,0.02587562743819932,0.0,0.0194894954064288,0.02344439062120365,0.044681495755199155,0.030793397093530333,0.0551302372087768,0.06898232785108518,1
0.04923674464225769,0.025895416736602783,0.00627624009305805,0.08486813306808472,0.03625452518463135,0.002253073486855328,0.11400201916694641,0.04835468530654907,-0.006386478910798132,0.13787338137626648,0.05271410942077637,-0.01381212008615762,0.10534405708312988,-0.05191224813461304,0.007593682953512371,0.13918736577033997,-0.009299039840698242,-0.004885061657631695,0.14095252752304077,0.02059382200241089,-0.014547152458334267,0.134145587682724,0.03792679309844971,-0.01946884674450189,0.0978458821773529,-0.05599421262741089,-0.0027536514816972613,0.13136491179466248,0.009563028812408447,-0.015020784004235566,0.1206953227519989,0.04165959358215332,-0.02055352461954385,0.1064440906047821,0.05524998903274536,-0.022164839333498776,0.08711019158363342,-0.04919111728668213,-0.013758747852051556,0.11599364876747131,0.01674950122833252,-0.023197152665460408,0.10130468010902405,0.04081994295120239,-0.019384277066791356,0.08550411462783813,0.04752105474472046,-0.014164166538620293,0.07588791847229004,-0.035294175148010254,-0.025055672055685818,0.1004401445388794,0.012197673320770264,-0.028019015690887272,0.09608951210975647,0.028464913368225098,-0.022039308226311505,0.0882318913936615,0.03132975101470947,-0.015739998793804943,0.09260505196156839,0.055502020336549544,0.024266159818485098,0.0,0.04930582129194706,0.022682686976052142,0.01524995638807415,0.01023071344664073,0.031531428825933544,0.05262611439804908,1
0.045605361461639404,0.030416667461395264,0.00799715176754745,0.07813361287117004,0.04113095998764038,0.0043852634967223025,0.10419076681137085,0.05667412281036377,-0.004485111380283513,0.12321877479553223,0.06829088926315308,-0.012110000172917523,0.10751286149024963,-0.0404244065284729,0.009212291171486697,0.14335808157920837,0.01312863826751709,-0.0037714714876457833,0.13075962662696838,0.04098159074783325,-0.014485288108055272,0.11371666193008423,0.048078715801239014,-0.020308724301223435,0.10296875238418579,-0.042017996311187744,-0.00273528059414474,0.1383628249168396,0.026623666286468506,-0.012911644460920968,0.12128874659538269,0.051594555377960205,-0.017444596322540917,0.10222846269607544,0.05421566963195801,-0.019257592665319123,0.09451955556869507,-0.034586191177368164,-0.015517166512374558,0.1244405210018158,0.03257286548614502,-0.022653280454044022,0.10621532797813416,0.053181588649749756,-0.019109167786602654,0.0876535177230835,0.05241584777832031,-0.015116903627578893,0.08436453342437744,-0.020304381847381592,-0.028574266167645135,0.10887953639030457,0.029001832008361816,-0.0296298718771979,0.098412424325943,0.04477894306182861,-0.023208350571159997,0.08487972617149353,0.04375934600830078,-0.017559799062375703,0.08636144166482192,0.05263395846786378,0.022293818664911584,0.0,0.03625499539614489,0.012830576739384647,0.022334325710936864,0.003145572995706616,0.025272613827995335,0.038947457590637745,1
0.04139336943626404,0.03091341257095337,0.009731406530619324,0.07701098918914795,0.0433078408241272,0.007893501034260453,0.10699018836021423,0.06138026714324951,0.0008646859887733171,0.12914884090423584,0.0724637508392334,-0.004980234244584381,0.11046445369720459,-0.04257088899612427,0.013157965800047577,0.14100617170333862,0.017174065113067627,0.0030081297254866968,0.12567871809005737,0.044603586196899414,-0.006431183127432405,0.10907763242721558,0.0503501296043396,-0.012180732378482162,0.10726591944694519,-0.04525446891784668,0.0012514817745170603,0.13719260692596436,0.024260878562927246,-0.006226005779325305,0.11885958909988403,0.04842609167098999,-0.010267168098806678,0.10060936212539673,0.05150419473648071,-0.012516353094696342,0.09966138005256653,-0.039005279541015625,-0.011267996208488285,0.12465274333953857,0.030138492584228516,-0.016282957793890773,0.10437434911727905,0.04851126670837402,-0.011982661487280666,0.08575907349586487,0.04651588201522827,-0.008346069419502555,0.09017586708068848,-0.026929914951324463,-0.023957784102975666,0.11073178052902222,0.02587151527404785,-0.023469800876199542,0.0980542004108429,0.038690924644470215,-0.016681891681372463,0.08446583151817322,0.03444713354110718,-0.011339137145995437,0.09709507393670654,0.059736275999374644,0.024775986224685707,0.0,0.03283083062947713,0.011225923430173961,0.02986411984051022,0.0117580504175937,0.035409106752250126,0.05055654074657708,1
0.04169118404388428,0.029198110103607178,0.00786379111755764,0.07756754755973816,0.04026252031326294,0.006582919431963319,0.1069074273109436,0.053989291191101074,0.0007721397379611972,0.1295260787010193,0.06544846296310425,-0.00350621909078086,0.11243832111358643,-0.03301656246185303,0.013282757641860599,0.13790905475616455,0.03507047891616821,0.003871216362455243,0.11916732788085938,0.051332831382751465,-0.004777305835744983,0.10338473320007324,0.046899378299713135,-0.010870740359536057,0.10974520444869995,-0.0386696457862854,0.002526176085808629,0.13730376958847046,0.03618800640106201,-0.00555918513040865,0.11627858877182007,0.05091071128845215,-0.008805722540131455,0.09786975383758545,0.046486496925354004,-0.010405935888996964,0.10330885648727417,-0.03513622283935547,-0.009144593572131043,0.12676537036895752,0.038282573223114014,-0.014982062002530938,0.10646981000900269,0.04945647716522217,-0.011106237379721051,0.08932596445083618,0.041187167167663574,-0.007897572202494985,0.0943487286567688,-0.02450340986251831,-0.021173776669314748,0.11269116401672363,0.03318303823471069,-0.022454425303152448,0.09903240203857422,0.04408961534500122,-0.017340909300259,0.08703595399856567,0.03735494613647461,-0.013254197856298333,0.0950213491898955,0.05774097908349473,0.025355788459561792,0.0,0.026656611906238793,0.00791683261198755,0.03205368132445138,0.011746125472051146,0.036900935758813126,0.04695380346044016,1
0.03043469786643982,0.030910968780517578,0.012941872110914687,0.06102868914604187,0.05050230026245117,0.015522188848208884,0.08878082036972046,0.06992173194885254,0.01333729956890295,0.10805761814117432,0.08485621213912964,0.012099755337786178,0.1075056791305542,-0.025563597679138184,0.021154375156712035,0.12426447868347168,0.04123258590698242,0.016547630882215003,0.10445171594619751,0.0576741099357605,0.010081511332046489,0.08780241012573242,0.05039942264556885,0.0052864303498978416,0.11035358905792236,-0.03413504362106323,0.009650091050517062,0.1301622986793518,0.041553378105163574,0.007587999446641902,0.10901105403900146,0.056926071643829346,0.005243772982012729,0.09192001819610596,0.04960501194000244,0.00320718797514985,0.10793787240982056,-0.030866026878356934,-0.002211811145443221,0.1248023509979248,0.04249030351638794,-0.003949691200304528,0.10295581817626953,0.05397021770477295,-0.0003822585357369235,0.08613967895507812,0.044167935848236084,0.0016450909817109505,0.10099214315414429,-0.021763265132904053,-0.013775840991783639,0.11329621076583862,0.03532207012176514,-0.012224797749567529,0.09840387105941772,0.045826613903045654,-0.006419145160961648,0.0857318639755249,0.03951042890548706,-0.002296374303895732,0.09452728195075571,0.05824011867827708,0.024385110844023398,0.0,0.02677391863180243,0.019546811687296158,0.03996928563224996,0.020557812989498502,0.03876943702797367,0.04621614312866773,1
0.06461220979690552,0.03390324115753174,0.003910551052001665,0.12236210703849792,0.0520898699760437,-0.005273434594812443,0.16358143091201782,0.07190710306167603,-0.018748757690730145,0.18662187457084656,0.0753028392791748,-0.03333621405118947,0.152523010969162,-0.06495362520217896,-0.017745509073677113,0.18362733721733093,-0.03175300359725952,-0.03987796910161023,0.19966894388198853,0.002576589584350586,-0.056840165779533436,0.20800724625587463,0.028856217861175537,-0.06888950549119954,0.12959158420562744,-0.08100426197052002,-0.033564075157585194,0.15548861026763916,-0.027161002159118652,-0.05573985286110883,0.1661088764667511,0.023057162761688232,-0.0686585374926949,0.1698724925518036,0.056684255599975586,-0.0786487006401444,0.09943458437919617,-0.07868897914886475,-0.04911441288942342,0.12330707907676697,-0.024203181266784668,-0.0720087059592629,0.1365143358707428,0.031458377838134766,-0.07852854512685781,0.14131081104278564,0.07234680652618408,-0.08169907264465337,0.06760525703430176,-0.062355756759643555,-0.06439689479822164,0.09090679883956909,-0.017704784870147705,-0.08280119232887273,0.1035873293876648,0.025565266609191895,-0.08731476895565038,0.1106078028678894,0.06085622310638428,-0.08914571933502202,0.12884209336580582,0.06832393187734144,0.023289333791555615,0.0,0.08874059083733078,0.061863008215840384,0.05113338208307513,0.01647156766667288,0.025043830702174606,0.04540738494651202,1
0.06066437065601349,0.016287028789520264,-0.013899321286572786,0.11592783033847809,0.025612354278564453,-0.03087947106976685,0.15688468515872955,0.04234796762466431,-0.05047243795414147,0.17114190757274628,0.04370337724685669,-0.07021682671327767,0.1265852004289627,-0.07684630155563354,-0.02733933701236424,0.16521702706813812,-0.07533878087997437,-0.061229843265010686,0.1748126596212387,-0.04645317792892456,-0.08273458442707238,0.17598234117031097,-0.02682197093963623,-0.0951496209861773,0.10025157034397125,-0.09797477722167969,-0.037769190585805745,0.1378711611032486,-0.09806656837463379,-0.08072458914537606,0.13997013866901398,-0.043488919734954834,-0.10138406566400704,0.13156716525554657,-0.005404293537139893,-0.1104989942075747,0.06855230033397675,-0.10825961828231812,-0.05020305848736939,0.1007070392370224,-0.11158168315887451,-0.090211324012472,0.1005878895521164,-0.05105036497116089,-0.09502538255472359,0.09182830154895782,-0.010552704334259033,-0.0909418161870974,0.035590365529060364,-0.1080586314201355,-0.06348873636741814,0.06509466469287872,-0.1040266752243042,-0.0937998142005938,0.06975971162319183,-0.05795419216156006,-0.0967924889089602,0.06528247892856598,-0.02591395378112793,-0.09386503658313927,0.11382856550937533,0.058102318687561945,0.014321505724143414,0.0,0.07972391568619024,0.07175793242649765,0.07069126207841032,0.054048637911729286,0.06306919659629531,0.09609563199767936,1
0.06489937007427216,0.004262089729309082,-0.018914657266407175,0.12717147171497345,0.00854194164276123,-0.040110445202856226,0.17302997410297394,0.01588308811187744,-0.06318804490712182,0.18006207048892975,0.004359066486358643,-0.0850914852633764,0.13214676082134247,-0.10907584428787231,-0.0403633626117994,0.16559655964374542,-0.14910349249839783,-0.07544956225302712,0.18357880413532257,-0.09499847888946533,-0.09280917662528054,0.19010017812252045,-0.050698935985565186,-0.10047156977799432,0.09781043231487274,-0.12558847665786743,-0.04956067222502725,0.12598948180675507,-0.18090078234672546,-0.09147446471598641,0.13516370952129364,-0.10982149839401245,-0.10505691039708154,0.13177190721035004,-0.06156647205352783,-0.10796577352431314,0.05879664421081543,-0.1309415102005005,-0.06038397047069566,0.07831062376499176,-0.17256459593772888,-0.09795793759968774,0.08517821133136749,-0.09747189283370972,-0.09293249118474023,0.07919548451900482,-0.048728346824645996,-0.08177700507786767,0.016628339886665344,-0.12553739547729492,-0.07274241614487664,0.03582070767879486,-0.14884117245674133,-0.1003684313907911,0.047188639640808105,-0.0933719277381897,-0.0951618017568876,0.04488594830036163,-0.054464876651763916,-0.0853496702328016,0.11516274124597584,0.05305574316925245,0.013500127925571584,0.0,0.08642629039997952,0.06873541880414619,0.055965589794640086,0.08775341847205133,0.08171974364402977,0.11398395333239539,1
0.07080836594104767,-0.00875997543334961,-0.028147383953655236,0.13529178500175476,-0.021622657775878906,-0.054405919636810296,0.17774957418441772,-0.02468806505203247,-0.08185650351198959,0.1787300407886505,-0.03640627861022949,-0.10584098788651275,0.1311488151550293,-0.1641111969947815,-0.049034922744358056,0.15445458889007568,-0.206315815448761,-0.09485892894419479,0.1632108986377716,-0.12978529930114746,-0.11261362525376128,0.16405430436134338,-0.07343053817749023,-0.11790943088682937,0.0867098867893219,-0.1782335638999939,-0.05676976534279632,0.10172891616821289,-0.2259199023246765,-0.11302482279690551,0.10499733686447144,-0.12543004751205444,-0.12597487809809493,0.1011810302734375,-0.06969910860061646,-0.12487792166622924,0.0403861403465271,-0.17720597982406616,-0.06802747341545867,0.04906824231147766,-0.21347853541374207,-0.12097716274412917,0.05427937209606171,-0.11194568872451782,-0.11261377426537322,0.0499267578125,-0.05665743350982666,-0.09539690556677627,-0.007099553942680359,-0.16269394755363464,-0.08130171837958144,0.0004310905933380127,-0.17865076661109924,-0.12017498108300018,0.011188298463821411,-0.11063659191131592,-0.11546719017180251,0.010784968733787537,-0.07119190692901611,-0.10339327099474716,0.11140648985252014,0.04588504670131248,0.011759159993703984,0.0,0.05925655230958323,0.05062992298940206,0.03982678792204674,0.08881855638311305,0.08439349240704183,0.1303855627751853,1
0.06973151862621307,-0.005858004093170166,-0.037431398213076505,0.14241884648799896,-0.018748581409454346,-0.06853886488096705,0.1901041716337204,-0.03162813186645508,-0.10041755232231608,0.18074475228786469,-0.04731190204620361,-0.13063757661001674,0.12871403992176056,-0.19232147932052612,-0.046508801907467756,0.16077686846256256,-0.20452216267585754,-0.10251706632988444,0.17309825122356415,-0.1408090889453888,-0.13669378104822627,0.18087880313396454,-0.0888514518737793,-0.15276177766935817,0.08350168168544769,-0.21276691555976868,-0.050566119879650984,0.10165877640247345,-0.222836434841156,-0.11508021298067561,0.10084386169910431,-0.12908437848091125,-0.13856721463816157,0.09729768335819244,-0.06251674890518188,-0.14243040028231135,0.035741016268730164,-0.21432384848594666,-0.06028231772797099,0.04752074182033539,-0.2150859236717224,-0.11923593822138301,0.04998454451560974,-0.11916935443878174,-0.11899892035143367,0.04778227210044861,-0.05113488435745239,-0.10423910412209025,-0.010081484913825989,-0.19884201884269714,-0.07306845280544749,-0.0017978549003601074,-0.20294806361198425,-0.1150095293225526,0.004887416958808899,-0.13751032948493958,-0.11435966733114711,0.006837800145149231,-0.08913552761077881,-0.1030783483685731,0.1185004797607038,0.047798936611371676,0.018264155538725232,0.0,0.0799598693880091,0.057962192648457665,0.04153976612243963,0.09781181384986597,0.08482099198287209,0.13301742867512187,1
0.08462846279144287,0.009573101997375488,-0.03901516091259438,0.16297131776809692,0.01587367057800293,-0.07727528553636986,0.20554906129837036,-0.0011354684829711914,-0.11489160549076516,0.17226636409759521,-0.03623992204666138,-0.14971965741547066,0.15984591841697693,-0.19210350513458252,-0.07236422788532693,0.18698686361312866,-0.19151580333709717,-0.12588694881828744,0.2010287046432495,-0.1208278238773346,-0.15103872310551125,0.20521390438079834,-0.07498592138290405,-0.16193622540863473,0.10753494501113892,-0.21832790970802307,-0.07899220477970559,0.11345085501670837,-0.20030617713928223,-0.14014570605190713,0.11876845359802246,-0.0905393660068512,-0.15451319705875832,0.11751347780227661,-0.03031313419342041,-0.15551687967213113,0.05138203501701355,-0.2164057493209839,-0.08933329772385079,0.055559635162353516,-0.2049904465675354,-0.1415377278271528,0.06756821274757385,-0.10670694708824158,-0.132557811254582,0.06874802708625793,-0.048534393310546875,-0.11683917235763985,-0.0031960904598236084,-0.1970134675502777,-0.10342211466463525,-0.00017431378364562988,-0.19237112998962402,-0.1386148352566572,0.014587372541427612,-0.13377732038497925,-0.13364827823074776,0.021170586347579956,-0.09643113613128662,-0.12259136330517251,0.09889001424515216,0.05293604086552928,0.048374172788418476,0.0,0.10019930925427627,0.07385121342052951,0.050860523741674254,0.09274481191855649,0.05507272802327312,0.10424586380884043,1
0.08864700794219971,0.013640642166137695,-0.051961577129645775,0.15358871221542358,0.02665412425994873,-0.10923822839288277,0.20507210493087769,0.024512648582458496,-0.16321658958224816,0.2284226417541504,0.01803690195083618,-0.21120937038688226,0.18379229307174683,-0.1708066165447235,-0.11154979337482018,0.2239176630973816,-0.09693929553031921,-0.18007807303695245,0.21446585655212402,-0.03652918338775635,-0.20529651511935754,0.20184290409088135,-0.03105759620666504,-0.21638060976295037,0.13055017590522766,-0.18928125500679016,-0.11944524813918633,0.16224950551986694,-0.0960087776184082,-0.18640798200397057,0.15338438749313354,-0.02849823236465454,-0.1916356520774798,0.15062648057937622,-0.02591806650161743,-0.19102996457843346,0.07598766684532166,-0.1828923225402832,-0.13272930551795525,0.09717518091201782,-0.11057299375534058,-0.18997526038913293,0.09534949064254761,-0.042826950550079346,-0.17199437190322442,0.09124287962913513,-0.02154541015625,-0.15483784545688195,0.02352026104927063,-0.163720041513443,-0.1516130404594378,0.0379774272441864,-0.12080642580986023,-0.192450879705234,0.04959025979042053,-0.07283899188041687,-0.18804608155517144,0.054970771074295044,-0.050776898860931396,-0.1797080921056704,0.1398447528784226,0.07532843772793775,0.024231856395496864,0.0,0.0752270543938154,0.05566399055033824,0.05582788016381326,0.07421309207219473,0.08935480930082965,0.14277621149343664,1
0.08820551633834839,-0.004960238933563232,-0.0246659939938354,0.16674134135246277,-0.011979758739471436,-0.057613094692783307,0.22924599051475525,-0.02128809690475464,-0.09145465994413371,0.2734052240848541,-0.04912698268890381,-0.1252211680465507,0.16341570019721985,-0.17101925611495972,-0.06730915362174983,0.2169707715511322,-0.22092416882514954,-0.10483496392305369,0.2451123297214508,-0.19131508469581604,-0.12005781138475413,0.24829629063606262,-0.16226568818092346,-0.12663388753469462,0.11941465735435486,-0.18535065650939941,-0.07729739451940532,0.16790494322776794,-0.25946709513664246,-0.12005731964643473,0.1882963478565216,-0.19846802949905396,-0.13189058507020945,0.1858372986316681,-0.15007352828979492,-0.13658218586977,0.07293245196342468,-0.18749606609344482,-0.08768695349033351,0.11049714684486389,-0.2665154039859772,-0.12178620452220912,0.1300019919872284,-0.20517784357070923,-0.11234462762411113,0.12610015273094177,-0.15256789326667786,-0.10243755335147853,0.022346824407577515,-0.18328502774238586,-0.10016856843765254,0.0429842472076416,-0.24219730496406555,-0.12759626412923808,0.06748536229133606,-0.2070501446723938,-0.12291262800033564,0.07293599843978882,-0.17173421382904053,-0.11545295024450297,0.1903933638637152,0.11294733342004412,0.05220192976510974,0.0,0.17098850938215598,0.14225890192442228,0.11589143721322037,0.13590438502135138,0.1336351250118304,0.17999668337983413,1
0.09069150686264038,0.001498103141784668,-0.05675826799389938,0.17054075002670288,-0.004847288131713867,-0.10669996794578651,0.23605108261108398,-0.012825548648834229,-0.15055556800481895,0.29087454080581665,-0.025979578495025635,-0.18694697525617698,0.21007931232452393,-0.2347952425479889,-0.09919064697143654,0.23632901906967163,-0.11534908413887024,-0.16518420186159233,0.2220326066017151,-0.024973154067993164,-0.19512945618745903,0.20592546463012695,-0.012095451354980469,-0.2087725421440325,0.1501961350440979,-0.2543770670890808,-0.09920589830991844,0.1604374647140503,-0.12263137102127075,-0.16560819950220207,0.14984095096588135,-0.033240556716918945,-0.17960000243303398,0.13631927967071533,-0.019295871257781982,-0.18342323806402305,0.08491426706314087,-0.24841126799583435,-0.10423451122161964,0.0931481122970581,-0.14739105105400085,-0.16262018885728935,0.0920083224773407,-0.0552365779876709,-0.15080721881506065,0.08510488271713257,-0.02434074878692627,-0.134113745952817,0.01918044686317444,-0.22848409414291382,-0.11431614514705757,0.02898651361465454,-0.1734844446182251,-0.1551948508274279,0.04529541730880737,-0.10773634910583496,-0.15000280943033317,0.05452847480773926,-0.07822644710540771,-0.13719389047739128,0.20206006549248856,0.12217526304154555,0.0563794294900551,0.0,0.03611943933226106,0.03013446367189989,0.08607621349446123,0.09994147083368538,0.15469971133448357,0.20577618412427154,1
0.106840580701828,0.01999521255493164,-0.0801388493239017,0.2038198709487915,0.013764679431915283,-0.1386882385670276,0.2637529969215393,-0.014841854572296143,-0.18540834099641756,0.28164875507354736,-0.03953641653060913,-0.2203431001364322,0.2451770305633545,-0.29482094943523407,-0.10567590803495364,0.2773849368095398,-0.10056984424591064,-0.17307290644041018,0.2354416847229004,-0.014588534832000732,-0.2053829601465793,0.2064131498336792,-0.05085381865501404,-0.22551313251844363,0.17395007610321045,-0.31392060220241547,-0.09540771157136874,0.2082330584526062,-0.08130773901939392,-0.16038274974218325,0.17655110359191895,-0.0009554028511047363,-0.1755087098538013,0.15942275524139404,-0.049901366233825684,-0.1851302257238956,0.10356724262237549,-0.2949610501527786,-0.09208846301427798,0.13511687517166138,-0.07442384958267212,-0.14518675417295412,0.11449360847473145,-0.00761181116104126,-0.13110085040918307,0.09202256798744202,-0.04619839787483215,-0.1193520000635715,0.03564062714576721,-0.2617066204547882,-0.09722071350208239,0.06911736726760864,-0.09149938821792603,-0.1333181133925052,0.06379419565200806,-0.036089420318603516,-0.12988577992311434,0.04874029755592346,-0.06308084726333618,-0.12246441305271105,0.18466703194872616,0.09433102371389229,0.03049720561212325,0.0,0.06467051407237531,0.06771055767865262,0.07608206021563009,0.11006347571734433,0.12266469425763776,0.18974317596226065,1
0.10944858193397522,-0.003711879253387451,-0.08768009294412593,0.19307607412338257,-0.010655820369720459,-0.1636466448440359,0.25928741693496704,-0.032876551151275635,-0.2300865863694952,0.30379319190979004,-0.04901677370071411,-0.28556231309316615,0.22722673416137695,-0.31923919916152954,-0.14802218128583888,0.27756959199905396,-0.22532764077186584,-0.23408421028993587,0.29841816425323486,-0.12047228217124939,-0.2630111043586538,0.30300021171569824,-0.07489365339279175,-0.27160242844961147,0.1544092893600464,-0.3464505225419998,-0.14098819245241145,0.17567741870880127,-0.17269372940063477,-0.2284935777320669,0.17561745643615723,-0.04810291528701782,-0.23346138645551662,0.17835354804992676,-0.03320801258087158,-0.22589681197545985,0.08002781867980957,-0.3299362361431122,-0.1419360553159521,0.091244637966156,-0.17418700456619263,-0.21526294101617793,0.10318899154663086,-0.07216578722000122,-0.19190456618211726,0.10341441631317139,-0.04479092359542847,-0.16502221573732356,0.005965232849121094,-0.2929198145866394,-0.1518819098605917,0.015562117099761963,-0.18559855222702026,-0.20377007771871547,0.03680947422981262,-0.11434578895568848,-0.19599693168542842,0.044643789529800415,-0.093994140625,-0.17794472624204616,0.1995554080638633,0.11717441235778354,0.047342061531528,0.0,0.12731777258856808,0.06063204852482175,0.025889027022784804,0.08093454762572162,0.12643188355724824,0.20042333077441957,1
0.11640793085098267,-0.08059072494506836,-0.04796459513039508,0.22463470697402954,-0.12988653779029846,-0.11985285567374149,0.3122605085372925,-0.14969423413276672,-0.1832252441558353,0.3474057912826538,-0.16439783573150635,-0.2458608745250217,0.13901197910308838,-0.3251829743385315,-0.21357081817717471,0.2937386631965637,-0.2206205427646637,-0.30577301966280857,0.3065911531448364,-0.13170552253723145,-0.34111243473620334,0.28469592332839966,-0.10254088044166565,-0.3610005079421512,0.0770953893661499,-0.24557164311408997,-0.23414728032679477,0.23749184608459473,-0.10307210683822632,-0.32900974141688266,0.2455291748046875,-0.01652422547340393,-0.340050518384885,0.23763132095336914,0.017247021198272705,-0.34754505740733066,0.0341833233833313,-0.142107754945755,-0.2534280418071262,0.17762809991836548,-0.022381961345672607,-0.33819556223483005,0.19718265533447266,0.04175347089767456,-0.3373697994861118,0.20227694511413574,0.06329816579818726,-0.33394896971316257,0.008724957704544067,-0.036020368337631226,-0.2735691963347904,0.10186219215393066,0.051961660385131836,-0.3378636239680759,0.14281779527664185,0.09351307153701782,-0.34744510041804233,0.1771267056465149,0.10678964853286743,-0.3517268298778049,0.2457308351476878,0.12752948219099045,0.03809707074337673,0.0,0.06599344426376981,0.05461909118665733,0.0880841101253191,0.18286305906590242,0.21223875325942457,0.27001453868785585,1
0.12699806690216064,-0.07197055220603943,-0.049836446051983785,0.2311999797821045,-0.10925900936126709,-0.12779201239862914,0.3097929358482361,-0.12519073486328125,-0.19652455717840667,0.33770132064819336,-0.13229450583457947,-0.265300672953515,0.13234186172485352,-0.3180641680955887,-0.23705756336966033,0.2679847478866577,-0.22653821110725403,-0.3344994899682092,0.28599750995635986,-0.13720208406448364,-0.3693011519364404,0.2676812410354614,-0.10418349504470825,-0.38898099631586547,0.062032878398895264,-0.24516773223876953,-0.25917838186541076,0.19941377639770508,-0.10730820894241333,-0.36147869796076293,0.22380656003952026,-0.01297798752784729,-0.3715466079167413,0.22854894399642944,0.026940762996673584,-0.37922529548922057,0.012699931859970093,-0.1464836299419403,-0.278795283739953,0.13431715965270996,-0.030004501342773438,-0.36952267259874816,0.1704595685005188,0.049033164978027344,-0.3634028253010797,0.18892323970794678,0.08384346961975098,-0.3570856866292047,-0.016430556774139404,-0.04417738318443298,-0.2993883904866266,0.06384009122848511,0.03958553075790405,-0.37006108135500426,0.11311531066894531,0.09270846843719482,-0.37814588517466063,0.15481442213058472,0.11512261629104614,-0.3811778244427728,0.21916852082482854,0.10896407529111068,0.02879828995192502,0.0,0.036832638626811354,0.047060588232610424,0.07545223970566795,0.17246616727094582,0.19305468698917921,0.2623938676908424,1
0.08360502123832703,-0.03558582067489624,0.0029551928389253135,0.1551491916179657,-0.056695759296417236,-0.019366255356800366,0.2036602795124054,-0.06998991966247559,-0.04301035064352732,0.22585073113441467,-0.08078086376190186,-0.0690973627854703,0.11040952801704407,-0.12953737378120422,-0.07871965351594667,0.1645999252796173,-0.13871246576309204,-0.11531222644342165,0.19372209906578064,-0.11065176129341125,-0.13061291012061815,0.2031937539577484,-0.08792269229888916,-0.13940869304431658,0.07190975546836853,-0.10732585191726685,-0.10066790166391115,0.14555618166923523,-0.06730782985687256,-0.1371823105503438,0.16833803057670593,-0.03785836696624756,-0.14167135986579638,0.16837099194526672,-0.018590927124023438,-0.1463969204117177,0.03651121258735657,-0.06416285037994385,-0.1189662221361516,0.10620668530464172,-0.017395377159118652,-0.15234974059356432,0.13167068362236023,0.0076004862785339355,-0.14784371885551195,0.14092054963111877,0.025309503078460693,-0.14518962833179216,0.008235007524490356,-0.013014018535614014,-0.13550137016071062,0.056730180978775024,0.028591394424438477,-0.16035176846278887,0.08655455708503723,0.05117189884185791,-0.156529471604955,0.10449573397636414,0.06546276807785034,-0.15355567666782122,0.1492529192460845,0.07469136460869692,0.02467510116991776,0.0,0.05730097132826055,0.01793883999935479,0.023755932514546805,0.062347335556253464,0.08468476035436248,0.1358981297388065,1
0.07594633102416992,-0.0488429069519043,-0.0017844094221004525,0.15063482522964478,-0.048020780086517334,-0.031342639613569645,0.20110934972763062,-0.01117396354675293,-0.060765969592750935,0.21652328968048096,0.02983260154724121,-0.09255320115727272,0.1024402379989624,-0.13161718845367432,-0.09142156972330895,0.16458332538604736,-0.08264684677124023,-0.1249096496288189,0.18998199701309204,-0.05459320545196533,-0.13879457398098793,0.19959938526153564,-0.037864744663238525,-0.14902074917000618,0.06769347190856934,-0.08722466230392456,-0.11416221692007866,0.1517203450202942,0.0017290115356445312,-0.14773932381314125,0.16808712482452393,0.026170432567596436,-0.14950698896092263,0.16521424055099487,0.031695425510406494,-0.15416272266548958,0.037463605403900146,-0.028548240661621094,-0.13293227835339394,0.11819875240325928,0.049463748931884766,-0.1599842934195408,0.1363583207130432,0.07449650764465332,-0.15291503353756752,0.1391836404800415,0.08080679178237915,-0.15076780601185646,0.015112757682800293,0.03014737367630005,-0.15124252720517006,0.0667262077331543,0.09530597925186157,-0.16967897399109688,0.08808016777038574,0.11593818664550781,-0.16485396309536782,0.09925472736358643,0.122394859790802,-0.16342273636502114,0.1610953659875333,0.10199234667121232,0.04380785232898384,0.0,0.050006731493225376,0.026733458236767902,0.06978072244340232,0.05591281946867552,0.051342853793782825,0.09262715265285372,1
0.06717947125434875,-0.038865625858306885,-0.0075824536717448154,0.12218773365020752,-0.05616039037704468,-0.03330716969063019,0.16233360767364502,-0.04758268594741821,-0.05671454326798653,0.18053871393203735,-0.03207385540008545,-0.07902825729539131,0.09502846002578735,-0.14757943153381348,-0.07764843212058281,0.1561589241027832,-0.058861374855041504,-0.10131497786929344,0.1523432731628418,-0.022447049617767334,-0.1044765497892115,0.13955086469650269,-0.021165072917938232,-0.107595876917145,0.06259793043136597,-0.1055581271648407,-0.09144231037785744,0.12775444984436035,-0.01647108793258667,-0.11485114054372048,0.12843579053878784,0.012483417987823486,-0.11091563211371636,0.12224316596984863,0.017966151237487793,-0.11202054576565956,0.034944742918014526,-0.05552482604980469,-0.10262059526135658,0.0951036810874939,0.012789309024810791,-0.12080228434493279,0.10410887002944946,0.03890734910964966,-0.11118059711148476,0.10764026641845703,0.04493445158004761,-0.10784570978572106,0.01581534743309021,-0.0056639909744262695,-0.11376780377318596,0.05784672498703003,0.043309152126312256,-0.12574768917252754,0.0709112286567688,0.061072349548339844,-0.1203486035912249,0.07822960615158081,0.06269019842147827,-0.11848600314547753,0.11356252043000924,0.06312684109827431,0.02391547028233477,0.0,0.03906597706181761,0.03488471951639971,0.04241468283740575,0.07683679829547047,0.07682690398877348,0.10603991226814852,1
0.06265872716903687,0.03822523355484009,-0.008446769112197217,0.11847415566444397,0.06806868314743042,-0.02761501099303132,0.15454068779945374,0.10031765699386597,-0.04799464184179669,0.16438162326812744,0.11819827556610107,-0.0652307665659464,0.17029732465744019,-0.04331505298614502,-0.029384868474153336,0.18938153982162476,0.06905829906463623,-0.05219653833046323,0.1560584008693695,0.07955402135848999,-0.064482363195566,0.14360934495925903,0.054945945739746094,-0.07448658558860188,0.14256316423416138,-0.05164742469787598,-0.040598316372779664,0.15518832206726074,0.08133912086486816,-0.059927808375505265,0.12012386322021484,0.08137387037277222,-0.06136343467369443,0.11162644624710083,0.0514756441116333,-0.06475135150685674,0.10900667309761047,-0.04488414525985718,-0.05290550205245381,0.11893218755722046,0.08557271957397461,-0.06366915467515355,0.09299051761627197,0.08296972513198853,-0.05387874531879788,0.08598396182060242,0.05314725637435913,-0.05060430455341702,0.07674315571784973,-0.028277337551116943,-0.0676074868752039,0.08799010515213013,0.07669216394424438,-0.07088266524806386,0.07227888703346252,0.0792352557182312,-0.06437580499186879,0.06662812829017639,0.05612450838088989,-0.0617076738490141,0.12939565309283496,0.06797405106248479,0.02040981458574181,0.0,0.028354611229167354,0.04666997362777382,0.06657585729529197,0.06501672362094137,0.08505891047226379,0.10187162715067002,1
0.08483560383319855,0.008269667625427246,-0.05105817035200744,0.1552528291940689,0.00517648458480835,-0.09387063697340636,0.20524494349956512,0.004751086235046387,-0.13559419378998427,0.21362240612506866,0.00813227891921997,-0.1731476978993669,0.1607217937707901,-0.17781031131744385,-0.05521231234433799,0.20246906578540802,-0.16147786378860474,-0.11830562815430312,0.22195561230182648,-0.09521204233169556,-0.1542595075106874,0.23513861000537872,-0.05618643760681152,-0.17332822546723037,0.1125124841928482,-0.18908190727233887,-0.0600885534322515,0.15382911264896393,-0.16281622648239136,-0.13245645627739577,0.16998471319675446,-0.06995254755020142,-0.15859358474972396,0.18001537024974823,-0.03086221218109131,-0.16589086220028548,0.06180833280086517,-0.1817483901977539,-0.07321484849217086,0.09583799540996552,-0.14387202262878418,-0.14184721276524215,0.11196811497211456,-0.05561000108718872,-0.14589715466263442,0.11702074110507965,-0.01963430643081665,-0.13515556320908217,0.012057065963745117,-0.1619608998298645,-0.0907163517213121,0.04715202748775482,-0.12162375450134277,-0.13720418975117354,0.06764180958271027,-0.05825001001358032,-0.14063765570881515,0.07799388468265533,-0.030095815658569336,-0.13459271654846816,0.1287868755744227,0.05844436868725026,0.00903406575187593,0.0,0.10073304420957122,0.06787498146694261,0.06782215217003267,0.04364445429198023,0.0514781817520523,0.10051300884281117,1
0.08671921491622925,0.022173583507537842,-0.018295642307094795,0.1552417278289795,0.035160839557647705,-0.048069171926073295,0.2066001296043396,0.054359614849090576,-0.07838738741546081,0.2493295669555664,0.07127350568771362,-0.10806831749349044,0.1742280125617981,-0.16040632128715515,-0.06394231351285384,0.22505199909210205,-0.10789310932159424,-0.10630746217637466,0.245949387550354,-0.06458514928817749,-0.13208632948069976,0.2558363080024719,-0.03669130802154541,-0.14954768898158477,0.13111746311187744,-0.17241409420967102,-0.07780692013173507,0.16730201244354248,-0.07727599143981934,-0.1238823312726538,0.18666964769363403,-0.006498098373413086,-0.14387875082164214,0.19796794652938843,0.03681427240371704,-0.1581986475196402,0.08499026298522949,-0.15517914295196533,-0.09203258933692382,0.11494565010070801,-0.0614050030708313,-0.13601364972262786,0.13403886556625366,0.005871415138244629,-0.14284565331607268,0.14605432748794556,0.046608805656433105,-0.14479783954291747,0.04257166385650635,-0.12305021286010742,-0.1073483306375067,0.06581193208694458,-0.05024600028991699,-0.14023772658973144,0.08059841394424438,0.00038379430770874023,-0.145563356896929,0.09238529205322266,0.03143054246902466,-0.14648524703650878,0.16986149931181133,0.10078018717253957,0.045955244745875014,0.0,0.12362038938631177,0.10351073286788774,0.10816070764527427,0.01955386473730704,0.06185026120659218,0.10617967091080797,1
0.10754519701004028,0.04405498504638672,-0.012449867683812954,0.17745965719223022,0.07177698612213135,-0.05873490090982614,0.2274230718612671,0.09884226322174072,-0.10316171835677324,0.2678326964378357,0.12417334318161011,-0.14918582479970155,0.1859356164932251,-0.12127697467803955,-0.15374361317174134,0.26098036766052246,-0.034007251262664795,-0.21964583139435945,0.2669966220855713,0.01691228151321411,-0.24086110632435975,0.2609577178955078,0.03581428527832031,-0.2560528997661322,0.13603997230529785,-0.12883377075195312,-0.18399428169743715,0.2059345841407776,-0.02119123935699463,-0.2638994042159766,0.21449029445648193,0.04327690601348877,-0.2785036448718756,0.21559590101242065,0.07706975936889648,-0.29018359224812684,0.08332610130310059,-0.10520848631858826,-0.21104528348462281,0.143027663230896,-0.011799752712249756,-0.28941117565648256,0.16315513849258423,0.05694836378097534,-0.29991896789090333,0.1770206093788147,0.09148961305618286,-0.30608879368321595,0.03788214921951294,-0.06310462951660156,-0.2353508506299704,0.0720861554145813,-0.003435075283050537,-0.3099023584605902,0.09722405672073364,0.04044902324676514,-0.337529588151142,0.12107425928115845,0.0656467080116272,-0.35535313527600465,0.17919551831198074,0.10446369922414263,0.04769278111362886,0.0,0.09091337631608275,0.07139396674984594,0.0886261160353673,0.02477748765129185,0.07033797270548817,0.09651456558948483,1
0.06239038705825806,0.035106778144836426,-0.05575578093559841,0.10630723834037781,0.07732832431793213,-0.10889543771774868,0.11657246947288513,0.12379086017608643,-0.15721333950789074,0.0773385763168335,0.13547790050506592,-0.20279091030390362,0.16245311498641968,-0.11582759022712708,-0.10648974955113033,0.13202431797981262,-0.02518749237060547,-0.1745575609806309,0.11189574003219604,0.05330789089202881,-0.21056650012762645,0.10679885745048523,0.08962339162826538,-0.22992099255354503,0.10917907953262329,-0.1523420810699463,-0.10769280225069622,0.07093054056167603,-0.04362046718597412,-0.17183294326098064,0.0559239387512207,0.045472681522369385,-0.18569662600786785,0.059197574853897095,0.07671874761581421,-0.19130163818628887,0.048041075468063354,-0.1623925268650055,-0.1138060408833752,0.018339216709136963,-0.06859105825424194,-0.16903180807859997,0.009897589683532715,0.011907696723937988,-0.1640905681255589,0.01403951644897461,0.04348599910736084,-0.15481712847979168,-0.007960796356201172,-0.14923536777496338,-0.12546461254389385,-0.03484269976615906,-0.07019788026809692,-0.1646587643030415,-0.03462114930152893,-0.005870521068572998,-0.16586537092955211,-0.023903608322143555,0.023306429386138916,-0.16168490976126293,0.10147812851034627,0.06496581093296393,0.04093757789405314,0.0,0.012304892096847016,0.035537858671151536,0.054502698546093804,0.07421362619780089,0.06149580459137614,0.1116659343887825,1
0.07042789459228516,0.0319523811340332,-0.05031089581757442,0.1238279640674591,0.06433224678039551,-0.0951146195104684,0.1391012966632843,0.09976089000701904,-0.13583833076268093,0.10187011957168579,0.10586738586425781,-0.17391675807743923,0.17371219396591187,-0.13796865940093994,-0.08506015785246746,0.15055111050605774,-0.04471033811569214,-0.14306956626683132,0.1294255554676056,0.026063084602355957,-0.17436532773285762,0.12592750787734985,0.05687820911407471,-0.1916746506860818,0.12105950713157654,-0.17559096217155457,-0.08609505094796077,0.09093612432479858,-0.06656211614608765,-0.14475479819088832,0.07531803846359253,0.021323084831237793,-0.15992130436211482,0.07621991634368896,0.05869179964065552,-0.16505248941689388,0.06061273813247681,-0.18774369359016418,-0.09172000088005916,0.03788876533508301,-0.09227579832077026,-0.14404039181977168,0.030306220054626465,-0.00846630334854126,-0.14344789184838191,0.033141493797302246,0.029943406581878662,-0.13521730996876613,0.004995465278625488,-0.1762213110923767,-0.10213964529543773,-0.01450309157371521,-0.09486949443817139,-0.13923178710251705,-0.014123916625976562,-0.02704787254333496,-0.14191617168694393,-0.004900753498077393,0.006623685359954834,-0.1374270031622018,0.08032460044049003,0.04698206800063561,0.03772863420905193,0.0,0.007744079140903701,0.04486059553263315,0.05457744379091222,0.07510484787560737,0.05369794093983561,0.10241130128509449,1
0.06650224328041077,0.03582131862640381,-0.05186427639529256,0.11940926313400269,0.07320219278335571,-0.09665193291112928,0.11282628774642944,0.1165972352027893,-0.13511841626569776,0.05839577317237854,0.12600922584533691,-0.1704836252491191,0.140508770942688,-0.11393070220947266,-0.1045445415537074,0.08886653184890747,-0.02137213945388794,-0.1637907836000636,0.0656801164150238,0.052437543869018555,-0.1915184322159007,0.06222143769264221,0.06687700748443604,-0.20705737801000623,0.07663410902023315,-0.1551424264907837,-0.10537014784023313,0.034519195556640625,-0.06592434644699097,-0.1616106990139201,0.030896008014678955,0.029571354389190674,-0.16813791425630598,0.042419254779815674,0.05381011962890625,-0.16982836158678083,0.012574583292007446,-0.16934290528297424,-0.10980691643163709,-0.014575600624084473,-0.1014619767665863,-0.16226435335084943,-0.014811217784881592,-0.0038613080978393555,-0.15061733754083662,-0.0036247074604034424,0.030959904193878174,-0.13662779958650617,-0.04089242219924927,-0.15696346759796143,-0.11916961403295545,-0.06525719165802002,-0.08835232257843018,-0.15921369822427778,-0.0624634325504303,-0.013576626777648926,-0.15693395467206983,-0.050502926111221313,0.018302083015441895,-0.1500390234749034,0.09055149621151108,0.08069218486387877,0.05523827010914961,0.0,0.05753655662078837,0.07094330055284427,0.05925584323341342,0.09433648378676188,0.073945656251056,0.11349411246546558,1
0.04324544966220856,-0.06878548860549927,-0.018728428513469453,0.06195792555809021,-0.14461195468902588,-0.03147942851549601,0.07227998971939087,-0.209771990776062,-0.0441076746142528,0.077615886926651,-0.265550434589386,-0.058222408399643655,0.013402596116065979,-0.21247172355651855,-0.03263727481729006,0.006936222314834595,-0.3039032816886902,-0.056286505416693444,-0.0008192211389541626,-0.3584202826023102,-0.0723412735319755,-0.008382260799407959,-0.40495288372039795,-0.08463730941778635,-0.01709321141242981,-0.2039991021156311,-0.041177808300318475,-0.04994705319404602,-0.3010600209236145,-0.06951312999493098,-0.06969329714775085,-0.36078161001205444,-0.09442934672600245,-0.0866820216178894,-0.411041796207428,-0.11229040752417063,-0.037785083055496216,-0.17080092430114746,-0.050442262545885796,-0.08284464478492737,-0.24439483880996704,-0.07757372687822794,-0.11453180015087128,-0.2966075539588928,-0.100701558396878,-0.1407623440027237,-0.34300291538238525,-0.11732935439115977,-0.04929928481578827,-0.12038546800613403,-0.06030291225081896,-0.09612856805324554,-0.15589368343353271,-0.08722074608570551,-0.12659072130918503,-0.17837750911712646,-0.10384955535894846,-0.15540774166584015,-0.20214009284973145,-0.1152494726634643,0.19974426381198243,0.12194788917742344,0.05603308480926769,0.0,0.269675992898377,0.21119180767564302,0.16379476254153377,0.2564731089739693,0.21945737412441174,0.2317065785100484,2
0.037611693143844604,-0.0587010383605957,-0.008492395104667594,0.04954037070274353,-0.14242172241210938,-0.01102882792224591,0.04967230558395386,-0.20872509479522705,-0.014030312010845591,0.04525786638259888,-0.2607858180999756,-0.01806043815781777,0.024085253477096558,-0.21748214960098267,-0.011164318593046119,0.006662428379058838,-0.30874860286712646,-0.022798767136237075,-0.0062904804944992065,-0.3608454465866089,-0.03216036018898194,-0.017827197909355164,-0.40260225534439087,-0.0395217387097091,0.0035460293292999268,-0.21977949142456055,-0.019537553014060904,-0.017251133918762207,-0.319461464881897,-0.033804159434339454,-0.032816082239151,-0.38626694679260254,-0.04759117943217461,-0.04475267231464386,-0.4329291880130768,-0.057245939792892386,-0.015962019562721252,-0.20276564359664917,-0.029417611481449057,-0.03275962173938751,-0.29683250188827515,-0.04414517042209809,-0.042104363441467285,-0.3581719398498535,-0.057636152775785376,-0.04910720884799957,-0.40576884150505066,-0.06745343265106385,-0.0343913733959198,-0.16996514797210693,-0.039713185103437354,-0.0617244690656662,-0.23733192682266235,-0.05660591629316514,-0.07686871290206909,-0.28303277492523193,-0.06606099364330476,-0.08886246383190155,-0.3201500177383423,-0.07202983257343476,0.2022293800799249,0.118441542506244,0.05224754716229315,0.0,0.2687606723790366,0.2052913450548987,0.15521477767731767,0.24327669815826775,0.19425559678322432,0.17298798946445113,2
0.04587233066558838,-0.07488584518432617,0.003512630089815616,0.05581817030906677,-0.162162184715271,-0.0017269386773222095,0.055472224950790405,-0.23081982135772705,-0.010228917384822012,0.044834136962890625,-0.27684342861175537,-0.021833961280364633,0.03749239444732666,-0.22817689180374146,-0.025806474881548525,0.02925550937652588,-0.3303816318511963,-0.04756311458565676,0.02291169762611389,-0.38990670442581177,-0.05986715612031901,0.018226921558380127,-0.4361079931259155,-0.06907675546624148,0.015450000762939453,-0.22166961431503296,-0.04524202403642619,-0.014715045690536499,-0.33995985984802246,-0.06873996687151873,-0.031326115131378174,-0.4140819013118744,-0.08480038625218356,-0.04424077272415161,-0.4687162935733795,-0.09627592694975817,-0.007017165422439575,-0.1901608109474182,-0.06398257744528735,-0.04433867335319519,-0.2956432104110718,-0.08940852564789736,-0.0661117434501648,-0.35980188846588135,-0.10908810925700152,-0.08191397786140442,-0.4154103398323059,-0.12373311203934634,-0.026140302419662476,-0.1425803303718567,-0.08104671669222796,-0.06638821959495544,-0.18926328420639038,-0.11248007548071826,-0.09266585111618042,-0.2233244776725769,-0.13095583898045504,-0.11543411016464233,-0.25694024562835693,-0.1429917303941437,0.20196025190618908,0.11520606186392643,0.0472370759119502,0.0,0.27651294350969824,0.20863951229984684,0.1614718099900633,0.257948470431549,0.21154086093314545,0.18779210179535405,2
0.018105775117874146,-0.10140186548233032,0.04409192538781781,0.04647567868232727,-0.18599998950958252,0.053773057078558395,0.06938809156417847,-0.24408698081970215,0.052450918024021576,0.08867993950843811,-0.2948381304740906,0.04778983107729573,0.06489640474319458,-0.22666305303573608,0.01602490655108113,0.10419091582298279,-0.3291233777999878,-0.0004713300014032029,0.1266736388206482,-0.3979684114456177,-0.011311097639065792,0.14710599184036255,-0.449799120426178,-0.01964597553984504,0.07310280203819275,-0.21165895462036133,-0.02242424116508346,0.1211649477481842,-0.3376017212867737,-0.04547556825951915,0.15088650584220886,-0.4154421091079712,-0.06023357772306781,0.17375710606575012,-0.4765622615814209,-0.0702402141042171,0.08235791325569153,-0.18376308679580688,-0.05802838840560298,0.13135290145874023,-0.30316805839538574,-0.07942501419262271,0.15863725543022156,-0.37448543310165405,-0.08901083433107715,0.1817329227924347,-0.4309229254722595,-0.09639289938883167,0.1008656919002533,-0.1408187747001648,-0.08934001588301044,0.1388704478740692,-0.22034966945648193,-0.10748878830150943,0.16113099455833435,-0.273129940032959,-0.11387274378017764,0.1797027289867401,-0.31903785467147827,-0.11958838962988239,0.20590847795413583,0.11673448745117494,0.05429414874870556,0.0,0.28234100197922957,0.21990351612653466,0.16560951662879675,0.2548286627388474,0.20065339293451978,0.1648572992856107,2
-0.020147860050201416,-0.09138017892837524,0.017392423926906986,-0.008292227983474731,-0.16984397172927856,0.01986898760409872,0.012748748064041138,-0.23103231191635132,0.021235308601575298,0.033843010663986206,-0.271051287651062,0.019397360264377994,0.044073641300201416,-0.20467746257781982,-0.01886993181793173,0.08303248882293701,-0.29671138525009155,-0.02555192355899294,0.10248762369155884,-0.3430024981498718,-0.02366758045641859,0.11781230568885803,-0.38050562143325806,-0.022421297625584202,0.08003705739974976,-0.18563807010650635,-0.03336780984787424,0.13652724027633667,-0.2802633047103882,-0.05039122422127207,0.16242718696594238,-0.3379477262496948,-0.057151285008472996,0.18130886554718018,-0.37930163741111755,-0.06085071434168299,0.10641360282897949,-0.14849543571472168,-0.04364176561026056,0.16838598251342773,-0.22751277685165405,-0.06047428493289431,0.19690454006195068,-0.2824322581291199,-0.06790110935358484,0.21885234117507935,-0.3236340284347534,-0.07242586185125788,0.12265154719352722,-0.10121035575866699,-0.05005949457077463,0.1733698844909668,-0.14663589000701904,-0.06391570438532312,0.20312196016311646,-0.17689645290374756,-0.06766880770115336,0.22523611783981323,-0.20345503091812134,-0.06968530733971079,0.18760789277137477,0.10962800341140108,0.04523810709447075,0.0,0.2455212497294657,0.18270364363832545,0.1379532300842512,0.2244912160611247,0.18293254652905694,0.19233667618134556,2
0.005389600992202759,-0.05613970756530762,0.04369765773088119,0.022600024938583374,-0.11489766836166382,0.06452850505382202,0.053503960371017456,-0.16416394710540771,0.08140100046664855,0.0800028145313263,-0.19326388835906982,0.09708068772822998,0.055499762296676636,-0.16184639930725098,0.02279495887130878,0.11238044500350952,-0.23172760009765625,0.03679165497094772,0.1370963156223297,-0.25851863622665405,0.051884884682003474,0.1577332317829132,-0.28030216693878174,0.062337639477554774,0.08020457625389099,-0.16668492555618286,0.008071660731438612,0.13886061310768127,-0.2606395483016968,0.007482222948674178,0.16293635964393616,-0.31200385093688965,0.013262357298735594,0.18011507391929626,-0.3452763557434082,0.0195348530229964,0.09762406349182129,-0.15968769788742065,-0.0005906102326846963,0.15101400017738342,-0.24467647075653076,0.002247279478687858,0.1711132824420929,-0.29499751329421997,0.006054538969401335,0.18673911690711975,-0.3302798271179199,0.009154042896334147,0.10634607076644897,-0.14281058311462402,-0.003784653529073978,0.14166530966758728,-0.21177291870117188,0.0027329236888178343,0.1550721824169159,-0.24962711334228516,0.008621377606395697,0.16499260067939758,-0.2784327268600464,0.013009014275375819,0.15610948911900016,0.09714084974772741,0.039357284621476404,0.0,0.21358752712080412,0.15605071971996715,0.11669481438446756,0.2209798149980971,0.18201718248571677,0.17368363687701202,2
-0.01590973138809204,-0.08936119079589844,0.030647168206598963,-0.0048494040966033936,-0.16103804111480713,0.044198448109057153,0.014550060033798218,-0.21982747316360474,0.053461766141083444,0.03093665838241577,-0.2533388137817383,0.061118675666477884,0.046256035566329956,-0.19199120998382568,0.020518597486045564,0.08604243397712708,-0.2745933532714844,0.025591906430747713,0.10789406299591064,-0.3123718500137329,0.03176857371869346,0.1257445216178894,-0.33931195735931396,0.035843117433216776,0.08295920491218567,-0.16952770948410034,0.004695606222924198,0.1380942463874817,-0.2602730393409729,0.0023122057696696174,0.16879630088806152,-0.30199092626571655,0.0022937949193533314,0.19215399026870728,-0.3299209475517273,0.004047834119376148,0.10935211181640625,-0.1327093243598938,-0.008143517849418913,0.16458159685134888,-0.21854323148727417,-0.013878983174834048,0.19565725326538086,-0.2672150135040283,-0.01676420467850903,0.22216898202896118,-0.30024534463882446,-0.017608320069882666,0.13023599982261658,-0.08357685804367065,-0.01677179123220185,0.18356430530548096,-0.13115829229354858,-0.01848341497537831,0.215565025806427,-0.15541690587997437,-0.015909388390753065,0.242315411567688,-0.1749364733695984,-0.013274804418358599,0.17053810446529705,0.09899532768098082,0.03730322446469585,0.0,0.2209895080013436,0.16321994440168952,0.1279840316128802,0.20895867806275634,0.17848207560788606,0.1969010519126393,2
0.04800701141357422,-0.04695999622344971,-0.012868595601133848,0.07629325985908508,-0.10471749305725098,-0.015389430628232503,0.08933958411216736,-0.15792793035507202,-0.018412729085497404,0.09986129403114319,-0.20026075839996338,-0.02167196321587994,0.03511291742324829,-0.17029571533203125,0.004295960242785668,0.04787576198577881,-0.2367459535598755,-0.003335401707403207,0.054230451583862305,-0.27747833728790283,-0.011424397409967924,0.05974653363227844,-0.3073751926422119,-0.017041907937340284,0.004137694835662842,-0.1725495457649231,0.0021845199511574265,0.0017560720443725586,-0.24881255626678467,-0.004449715663753295,-8.091330528259277e-05,-0.2967909574508667,-0.014034285501651311,0.00019943714141845703,-0.3325927257537842,-0.020547819615416074,-0.024119287729263306,-0.1600860357284546,-0.0032751707481963876,-0.034639328718185425,-0.23030728101730347,-0.01372758607666924,-0.04133211076259613,-0.2772325873374939,-0.025901248038820768,-0.04427742958068848,-0.3137964606285095,-0.033749529452137494,-0.05018553137779236,-0.1350066065788269,-0.009946678125373865,-0.07335305213928223,-0.17981141805648804,-0.023217764974646116,-0.08972863852977753,-0.2130182981491089,-0.03204336139660313,-0.10206456482410431,-0.24400818347930908,-0.036894024641327405,0.16183321757192717,0.09840715312965438,0.043620805929022156,0.0,0.2033320863756952,0.15234904936305457,0.11437961367698053,0.19609629408441326,0.16566301730452898,0.18348386121121688,2
0.05258369445800781,-0.04765903949737549,-0.020102252588856118,0.08673557639122009,-0.11212819814682007,-0.027316521258342163,0.10457944869995117,-0.16854816675186157,-0.034275177271354096,0.11975792050361633,-0.21391558647155762,-0.04130496025203456,0.03944939374923706,-0.19028574228286743,-0.005424619988787072,0.05274301767349243,-0.2621132731437683,-0.01758343108116378,0.05888453125953674,-0.3097253441810608,-0.028419924305069344,0.06344255805015564,-0.3466845154762268,-0.03627315104125728,0.005312204360961914,-0.1945018768310547,-0.007003642489451067,0.0035761892795562744,-0.27758586406707764,-0.01778915651260604,0.0017452239990234375,-0.33105993270874023,-0.028829000295388596,0.001214742660522461,-0.3737648129463196,-0.03646990969895114,-0.026034578680992126,-0.18268758058547974,-0.012643974610853093,-0.03634679317474365,-0.262565016746521,-0.027352986262428658,-0.04237666726112366,-0.31483983993530273,-0.0401844339084505,-0.045716360211372375,-0.3582000136375427,-0.0483958417189001,-0.05518940091133118,-0.15700048208236694,-0.02021787069855918,-0.08043286204338074,-0.2080608606338501,-0.0377311663341402,-0.09688861668109894,-0.24683678150177002,-0.04810113400338878,-0.10940659046173096,-0.28505533933639526,-0.05393484920381297,0.17931429406660512,0.10701003519599658,0.0478391970910646,0.0,0.2357100564307143,0.18282451287828416,0.14421861376851303,0.2297784461822276,0.19900819133321906,0.21954437706477328,2
0.055368199944496155,-0.03932952880859375,-0.010690813477751249,0.08839766681194305,-0.10805153846740723,-0.01272555958819055,0.1083107441663742,-0.16556304693222046,-0.01662319951098823,0.1270073503255844,-0.20767152309417725,-0.02146025985818767,0.061288997530937195,-0.20454758405685425,0.002279039180237419,0.07609705626964569,-0.28392279148101807,-0.009837885912176603,0.08284004032611847,-0.33044713735580444,-0.021737440082844728,0.08912549912929535,-0.36834627389907837,-0.0310119451616373,0.035002246499061584,-0.2154921293258667,-0.004678019847389692,0.04424731433391571,-0.30500948429107666,-0.017359994876798623,0.04901702702045441,-0.36268144845962524,-0.0322345817123022,0.054387107491493225,-0.40940773487091064,-0.042901462468918794,0.007408216595649719,-0.2068781852722168,-0.01472224161368274,0.009031400084495544,-0.2965089678764343,-0.029656542990025514,0.010572239756584167,-0.3527514934539795,-0.04448768362742328,0.013691350817680359,-0.39996659755706787,-0.05476003006440067,-0.022230833768844604,-0.1796576976776123,-0.025811134431179994,-0.03657667338848114,-0.24521887302398682,-0.0424407744441595,-0.04513898491859436,-0.28857725858688354,-0.05262289062481784,-0.051264241337776184,-0.3292362689971924,-0.059225867096003526,0.18295134573807212,0.1068402966958696,0.046072625783155664,0.0,0.2602957530067017,0.20368875954805402,0.16508001149828788,0.24973584129668247,0.2144089522648469,0.22319926390372338,2
0.06244209408760071,-0.043696820735931396,-0.007457019665622511,0.09748721122741699,-0.11205458641052246,-0.011096283697867193,0.12219899892807007,-0.17291605472564697,-0.01664177318789939,0.14393314719200134,-0.2181606888771057,-0.023383049198770323,0.07755833864212036,-0.2040773630142212,-0.009231630617165365,0.10356056690216064,-0.2958028316497803,-0.024861816221260824,0.1154305636882782,-0.3475993275642395,-0.036131834515714445,0.12671712040901184,-0.38866281509399414,-0.04507522461690883,0.052338361740112305,-0.2169397473335266,-0.019870247596287527,0.06802019476890564,-0.31956690549850464,-0.04214806658902148,0.07519584894180298,-0.38423025608062744,-0.06295613376178721,0.08467534184455872,-0.4358827471733093,-0.0774665492562292,0.024049073457717896,-0.20550215244293213,-0.03144999770202617,0.026824951171875,-0.3047277331352234,-0.05226800767459849,0.028015464544296265,-0.3685317039489746,-0.0703927668718336,0.033639222383499146,-0.42256981134414673,-0.08328077373781184,-0.007949680089950562,-0.1719980239868164,-0.04300341559329013,-0.02355748414993286,-0.2455517053604126,-0.06401059953250865,-0.0325186550617218,-0.2904418706893921,-0.07663522837438563,-0.03950627148151398,-0.33371502161026,-0.0852695870188711,0.19255760962071922,0.11582629212866712,0.05019412435990784,0.0,0.2781483412968196,0.21579406393863934,0.17136909471276424,0.26563039392694576,0.22564215511143054,0.23226674147929424,2
0.06005163490772247,-0.029311954975128174,-0.017122955514878413,0.10431154072284698,-0.09336823225021362,-0.022700543968767306,0.13300664722919464,-0.1563030481338501,-0.028033371536821505,0.15475471317768097,-0.20908474922180176,-0.03273500454315581,0.10467608273029327,-0.1962451934814453,-0.003518012805670878,0.1338641494512558,-0.2856174111366272,-0.015589762932449958,0.14743061363697052,-0.33754855394363403,-0.026090995861977717,0.15801562368869781,-0.3768038749694824,-0.033341690420002124,0.07852764427661896,-0.212174654006958,-0.0071297190029326885,0.10208164155483246,-0.31176114082336426,-0.018852868570775172,0.11685506999492645,-0.3792899250984192,-0.03357122790703215,0.12869803607463837,-0.4265967905521393,-0.04384370100387969,0.04757486283779144,-0.2075769305229187,-0.01399257265666165,0.06176130473613739,-0.30146974325180054,-0.026648776127785823,0.0704231709241867,-0.36289602518081665,-0.042053196101278445,0.08043016493320465,-0.4090031087398529,-0.05341877740511336,0.01338513195514679,-0.18688750267028809,-0.022339522360653064,0.008630111813545227,-0.24811577796936035,-0.03787437778601088,0.008087679743766785,-0.2871185541152954,-0.04833350655326285,0.009346142411231995,-0.31790095567703247,-0.05482936230191626,0.20319185659140654,0.12623322045857804,0.05708665642895534,0.0,0.28847858168482454,0.22191454107099312,0.1677508231840523,0.27032808089535504,0.21906720098029894,0.21328733892131113,2
0.06840759515762329,-0.051008760929107666,0.004886515423223159,0.11465856432914734,-0.14108258485794067,0.006355594362631223,0.14012163877487183,-0.20800209045410156,0.004010248448267362,0.15670454502105713,-0.26665085554122925,-0.00021755717249050122,0.10359221696853638,-0.22770041227340698,-0.0045529920761140374,0.13081836700439453,-0.3361508250236511,-0.022298621494755366,0.14249545335769653,-0.40559303760528564,-0.03382614303050957,0.14958801865577698,-0.4569011926651001,-0.041873638067826846,0.08351561427116394,-0.2315954566001892,-0.023048509393319705,0.10542339086532593,-0.3539420962333679,-0.041259631995544055,0.11536949872970581,-0.4348829984664917,-0.056003667895183185,0.12373083829879761,-0.49364984035491943,-0.0657554571670147,0.05707588791847229,-0.21593701839447021,-0.042518798742875674,0.07478880882263184,-0.3328460454940796,-0.061562665287837604,0.082034170627594,-0.40756499767303467,-0.07636842179714165,0.09043866395950317,-0.46789661049842834,-0.08746924299417458,0.02650749683380127,-0.18430209159851074,-0.06120960835038147,0.030072152614593506,-0.2518346309661865,-0.0842975308340641,0.03610879182815552,-0.30308014154434204,-0.09671641189275704,0.04448294639587402,-0.3515763282775879,-0.10475513387142144,0.23301902137784578,0.13242075024230937,0.06094809616234833,0.0,0.31774433089641185,0.24907905457804094,0.19038339140601063,0.2861176250489415,0.22938135155555156,0.21187501240391005,2
0.055858314037323,-0.026156306266784668,-0.015199582748920193,0.09619352221488953,-0.10395640134811401,-0.017900950000495186,0.11368861794471741,-0.16699260473251343,-0.020306926877111664,0.11772516369819641,-0.21320992708206177,-0.023546776459426155,0.09460124373435974,-0.19433367252349854,-0.006754900519609919,0.1114741861820221,-0.28332555294036865,-0.020585740641564598,0.11866912245750427,-0.3472103476524353,-0.03366967170020985,0.12135425209999084,-0.39789652824401855,-0.04375675945064472,0.07210296392440796,-0.20215213298797607,-0.011973523259968033,0.10069224238395691,-0.3042934536933899,-0.027424758956641426,0.11754563450813293,-0.37187159061431885,-0.044489803449124565,0.12888148427009583,-0.4268150329589844,-0.05559721468469547,0.045292437076568604,-0.1959487795829773,-0.019541146890134087,0.06838551163673401,-0.2858316898345947,-0.037820334271401634,0.08475801348686218,-0.34195148944854736,-0.051723024533004036,0.0968189537525177,-0.3908047676086426,-0.06043970464250492,0.015103131532669067,-0.17791283130645752,-0.028214337960690727,0.028422266244888306,-0.2355249524116516,-0.04522780208370136,0.03880086541175842,-0.2650851607322693,-0.05094651012203144,0.0481264591217041,-0.29053932428359985,-0.05394267915269779,0.1970191974074267,0.11135503792044636,0.04639326014392597,0.0,0.29501501746170733,0.23103113175502887,0.1847222534817712,0.26026624329075115,0.21389624761877965,0.17882113129033286,2
0.034179747104644775,-0.07781171798706055,-0.022229848598243507,0.0396362841129303,-0.16650670766830444,-0.029894806613327773,0.028291314840316772,-0.23729044198989868,-0.037129936908485206,0.016312509775161743,-0.2937875986099243,-0.044522581790687354,-0.03355300426483154,-0.2288336157798767,-0.006763814185859474,-0.04785216599702835,-0.31757062673568726,-0.023059858177902015,-0.05932760238647461,-0.36975741386413574,-0.03736866096139124,-0.06778384745121002,-0.41317522525787354,-0.0471203347492235,-0.06659187376499176,-0.21384960412979126,-0.00889950914412907,-0.10177698358893394,-0.30743324756622314,-0.02420548925280741,-0.12445949018001556,-0.3658469319343567,-0.039964249526263984,-0.13999898731708527,-0.41430288553237915,-0.05020925605774096,-0.0895756408572197,-0.18163901567459106,-0.014993913640381606,-0.1332302987575531,-0.2581871747970581,-0.032821780239345344,-0.1589859277009964,-0.3060293197631836,-0.04799183288693598,-0.1767771616578102,-0.34900420904159546,-0.05755551735043696,-0.10526030883193016,-0.133947491645813,-0.023046851326824935,-0.14161834120750427,-0.17956382036209106,-0.041020522062780174,-0.15656379610300064,-0.20606017112731934,-0.04910662228346041,-0.16547281295061111,-0.23005515336990356,-0.053165858780147346,0.2167136801879604,0.1294002459358238,0.057753099284252186,0.0,0.2690435693992569,0.20041430536407748,0.14603288224018468,0.24424379412609343,0.19737583060045918,0.20082951795404977,2
0.02796083688735962,-0.04416269063949585,-0.007096409206710064,0.038484394550323486,-0.09640640020370483,-0.009395331950358354,0.039628028869628906,-0.13834023475646973,-0.012937725396326982,0.04705771803855896,-0.17000889778137207,-0.016870913901797735,-0.005203038454055786,-0.1418086290359497,0.0022107703932903178,-0.011953473091125488,-0.19185763597488403,-0.0049847433021881216,-0.02010996639728546,-0.22189974784851074,-0.012227550954989397,-0.02822360396385193,-0.24411088228225708,-0.017870092639199697,-0.028744205832481384,-0.1369284987449646,-0.0021330941146828764,-0.04935625195503235,-0.1925845742225647,-0.009179705628625356,-0.06460097432136536,-0.22488123178482056,-0.017223058143130743,-0.07737502455711365,-0.248393714427948,-0.022535806396476232,-0.04756852984428406,-0.12109917402267456,-0.008425012105576002,-0.07383465766906738,-0.16953152418136597,-0.01740539620207926,-0.09233875572681427,-0.1970558762550354,-0.025926915803424322,-0.10777339339256287,-0.2207646369934082,-0.031439619013539755,-0.062270388007164,-0.09499388933181763,-0.015421180860570871,-0.09289620816707611,-0.11833685636520386,-0.02536011847244879,-0.11339989304542542,-0.1338675618171692,-0.030839703851810896,-0.13073718547821045,-0.14996862411499023,-0.03374716813253542,0.12728691496653946,0.07410013174957546,0.0325285182406413,0.0,0.16206964889164346,0.12566333576741404,0.10563324074078233,0.1606284000386658,0.14706354718487596,0.16293808066243043,2
0.026010066270828247,-0.04423046112060547,-0.007795045401451262,0.03639528155326843,-0.09707635641098022,-0.010321262076047333,0.03720483183860779,-0.13839781284332275,-0.014176334037927063,0.043351560831069946,-0.17038708925247192,-0.018304351500717075,-0.008515000343322754,-0.14223551750183105,0.0034902007155892534,-0.01576581597328186,-0.1898266077041626,-0.003971918735203417,-0.023117288947105408,-0.21859723329544067,-0.01204174735352126,-0.030487969517707825,-0.24113672971725464,-0.018433127335754307,-0.03212517499923706,-0.13662302494049072,-0.0007646503672162908,-0.0523170530796051,-0.18963176012039185,-0.008231262459901245,-0.06680041551589966,-0.22088301181793213,-0.01713798918530074,-0.0790221095085144,-0.24411970376968384,-0.02327717632755366,-0.05112479627132416,-0.12039273977279663,-0.007245790462491186,-0.07791502773761749,-0.1662420630455017,-0.016947949088660152,-0.09601223468780518,-0.1922396421432495,-0.025786587751952084,-0.11120611429214478,-0.21416997909545898,-0.031470171890703114,-0.06614649295806885,-0.09445136785507202,-0.014592889479843052,-0.09720242023468018,-0.11913305521011353,-0.0253672988782796,-0.11844992637634277,-0.13590097427368164,-0.03160736688181487,-0.13692057132720947,-0.1535881757736206,-0.035112827799764545,0.12734293170484545,0.07364002560528711,0.032574469795957114,0.0,0.1588293437339788,0.12303495599175988,0.10226332611461497,0.15711721775780263,0.14286991858304196,0.16063939859977167,2
0.030174851417541504,-0.041290223598480225,0.00033191377154651036,0.04052218794822693,-0.09020769596099854,0.0006210824169414764,0.04215133190155029,-0.13139712810516357,-0.0018167807909463818,0.04612720012664795,-0.16476881504058838,-0.004831740651539462,0.0055275559425354,-0.15038925409317017,0.010367464255281789,-0.000892937183380127,-0.20724976062774658,0.005434207599350316,-0.008318215608596802,-0.2391871213912964,-4.6322217500005536e-05,-0.015759676694869995,-0.26411521434783936,-0.004508332833907502,-0.01574036478996277,-0.1505407691001892,0.002991921482347948,-0.032683372497558594,-0.21429049968719482,-0.002903614212087291,-0.04578244686126709,-0.251234233379364,-0.010336677562705177,-0.057309553027153015,-0.2789303660392761,-0.015295986105016368,-0.03441047668457031,-0.13762861490249634,-0.005892521720639365,-0.0570748895406723,-0.19364094734191895,-0.013056568820289272,-0.07307806611061096,-0.22800379991531372,-0.0204829275796925,-0.08801066875457764,-0.25616455078125,-0.025480635483077663,-0.050432443618774414,-0.11424428224563599,-0.014882955719045299,-0.07551440596580505,-0.151664137840271,-0.022565476615241664,-0.09258747100830078,-0.17543643712997437,-0.02685456166069855,-0.10856255888938904,-0.19653671979904175,-0.029216688145211833,0.12450477891978282,0.07477149617281324,0.03360769282559194,0.0,0.1827880555155978,0.1448025391095508,0.11704568585828994,0.17792842360377453,0.15405200949493109,0.16231496659141978,2
-0.003440558910369873,-0.07207608222961426,0.029965812887994048,0.004598766565322876,-0.11967688798904419,0.033968397032467124,0.012276142835617065,-0.15990102291107178,0.03390484730526566,0.02076837420463562,-0.19201135635375977,0.03155169690772652,0.028091907501220703,-0.13929271697998047,-0.011308605235072378,0.06310325860977173,-0.20769304037094116,-0.017710243735464815,0.08019298315048218,-0.24227607250213623,-0.013117426458748582,0.09254834055900574,-0.26742756366729736,-0.008744609925898317,0.044752538204193115,-0.12166333198547363,-0.03168233801797271,0.09031805396080017,-0.19853729009628296,-0.046468287158759836,0.11356064677238464,-0.24155843257904053,-0.04642875437811256,0.129889577627182,-0.26975828409194946,-0.04449912478402496,0.06104740500450134,-0.09525197744369507,-0.047526984859260324,0.10616675019264221,-0.1660718321800232,-0.05869516303017974,0.1266261339187622,-0.20682311058044434,-0.05851307456568122,0.1419794261455536,-0.23937147855758667,-0.05799100865796447,0.07680502533912659,-0.06261402368545532,-0.05919982810691238,0.11455243825912476,-0.10508763790130615,-0.0690547557659471,0.13595157861709595,-0.131475031375885,-0.0708739565797174,0.1520863175392151,-0.1549164056777954,-0.07142024059966445,0.12235416797886672,0.07411971077126084,0.0332143268398676,0.0,0.17194589186441953,0.13418488251044916,0.10411516650033745,0.1609395472767128,0.13398515518187842,0.13013493108226296,2
-0.006943196058273315,-0.06774270534515381,0.01886035182268131,0.002545565366744995,-0.11789369583129883,0.02278369717986095,0.01451525092124939,-0.15777581930160522,0.02417477273137081,0.020172119140625,-0.1879061460494995,0.02396940679044235,0.03608223795890808,-0.14061599969863892,-0.002380139830179928,0.07040038704872131,-0.2077796459197998,-0.006044404984109519,0.08731609582901001,-0.2423480749130249,-0.004534354370676397,0.09993407130241394,-0.267686665058136,-0.002502888844006179,0.056188344955444336,-0.1212005615234375,-0.0159081066331197,0.10281971096992493,-0.191084086894989,-0.021984211572103618,0.12800732254981995,-0.22853416204452515,-0.022094008915715335,0.14639407396316528,-0.2528080940246582,-0.02094864419906628,0.07165682315826416,-0.09308290481567383,-0.026910598792724727,0.12274792790412903,-0.15356874465942383,-0.032146110602312206,0.14984673261642456,-0.1865214705467224,-0.03281787357538235,0.17075857520103455,-0.21331727504730225,-0.03316948510020268,0.08212888240814209,-0.057776689529418945,-0.03528305835335743,0.12490558624267578,-0.08906155824661255,-0.0387618908962537,0.14850276708602905,-0.10846191644668579,-0.03726428694336903,0.1667139232158661,-0.1270970106124878,-0.035611357011489986,0.1231847912700363,0.07219722005381864,0.030656756971119036,0.0,0.17866856107937404,0.1392004629669943,0.11281356401579959,0.162552013847749,0.14193042214477347,0.15271544200170664,2
-0.010681450366973877,-0.06731247901916504,0.018333154729418766,-0.0034939050674438477,-0.11689770221710205,0.022252510300688755,0.006403803825378418,-0.15784037113189697,0.02370726223927022,0.009891748428344727,-0.19135868549346924,0.023619460872225773,0.0312231183052063,-0.14160478115081787,-0.002282544273100484,0.06728455424308777,-0.20811432600021362,-0.005647124258018721,0.08683261275291443,-0.24237298965454102,-0.004054222722686518,0.10217493772506714,-0.26690590381622314,-0.001822462655752588,0.05247080326080322,-0.12203043699264526,-0.015000614338703144,0.10031580924987793,-0.1906733512878418,-0.021046510898656834,0.1276225447654724,-0.22661608457565308,-0.021085181274600018,0.14717191457748413,-0.25008702278137207,-0.0196660375233364,0.06910443305969238,-0.09363645315170288,-0.025178859942741383,0.11972224712371826,-0.15243273973464966,-0.02979673165935992,0.14764970541000366,-0.18387234210968018,-0.030261537992544163,0.1689026653766632,-0.21028029918670654,-0.03033827524740218,0.07978186011314392,-0.058786094188690186,-0.03282270114976882,0.12250024080276489,-0.08881598711013794,-0.03445475828010558,0.14557170867919922,-0.10676795244216919,-0.03187227156121253,0.16284066438674927,-0.12465417385101318,-0.02958860714096545,0.1257406769877489,0.07565456859960772,0.03369930496604557,0.0,0.18348941354778742,0.1451461350093344,0.11926260613905998,0.16830064095319633,0.14931463966583117,0.1601327548426653,2
-0.009050816297531128,-0.06772631406784058,0.022479662422711044,-0.0019897520542144775,-0.11961549520492554,0.02922091235654989,0.005656331777572632,-0.162894606590271,0.03282025617795625,0.0048032402992248535,-0.19469290971755981,0.03427088422017732,0.03260219097137451,-0.13909119367599487,-0.000421116726784021,0.06921690702438354,-0.20467203855514526,-0.0022714545646067563,0.08930021524429321,-0.23729479312896729,0.0008061333630848821,0.10392758250236511,-0.261067271232605,0.003865542339781314,0.05493482947349548,-0.11800342798233032,-0.013665064486986012,0.10652786493301392,-0.1806929111480713,-0.016953503961985916,0.13418859243392944,-0.21142858266830444,-0.016182422886913628,0.15347015857696533,-0.23171353340148926,-0.014835458497827858,0.0723307728767395,-0.08712989091873169,-0.02363442281944117,0.12454012036323547,-0.13929486274719238,-0.026403257872289032,0.15149030089378357,-0.16602295637130737,-0.027592703949039787,0.17228421568870544,-0.1873553991317749,-0.028809471304839462,0.0821199119091034,-0.05133962631225586,-0.030515162523215622,0.12552261352539062,-0.0691518783569336,-0.031653920437520355,0.15002676844596863,-0.07797718048095703,-0.02969381238085589,0.16920343041419983,-0.0866813063621521,-0.02805573890668711,0.12772020707415652,0.07538410253505572,0.03180974452656568,0.0,0.17671187481591383,0.1389068421712595,0.11929455596855693,0.16304898675100277,0.15320698146020462,0.16764163020863376,2
-0.010396838188171387,-0.0649765133857727,0.012456283508413435,-0.006007164716720581,-0.11981284618377686,0.01456238476055205,-0.0019283592700958252,-0.16331428289413452,0.014264021603935362,-0.0031324923038482666,-0.19477635622024536,0.011629577329927088,0.03199225664138794,-0.1392836570739746,-0.005386819993532299,0.060775160789489746,-0.2035084366798401,-0.009874768020040392,0.07778939604759216,-0.23856526613235474,-0.010450857156342863,0.0899425745010376,-0.2649719715118408,-0.01041796004903972,0.05477041006088257,-0.11950081586837769,-0.016399291740185618,0.10472992062568665,-0.17531734704971313,-0.019813762442595362,0.1332665979862213,-0.20603060722351074,-0.022030317620760798,0.1541987955570221,-0.22663438320159912,-0.023409818695313334,0.07163161039352417,-0.08924472332000732,-0.025424889685041308,0.12204056978225708,-0.136249840259552,-0.030213295878297686,0.14962852001190186,-0.16277152299880981,-0.03555143943560779,0.17128726840019226,-0.18394684791564941,-0.03995517587793529,0.07965794205665588,-0.05392265319824219,-0.032393328310377,0.12004798650741577,-0.0646175742149353,-0.037714734138376116,0.14439189434051514,-0.07162350416183472,-0.03909387758506,0.16426387429237366,-0.07851219177246094,-0.03966206258667171,0.13000296120081606,0.07501860821468927,0.03148510750085744,0.0,0.17400437960569953,0.1370202690373746,0.11657783866112649,0.16847885201816348,0.16052435336454315,0.17475563273947445,2
0.0500389039516449,-0.0282973051071167,0.0064321261106670136,0.08111348748207092,-0.07661241292953491,0.004471544942134642,0.10495755076408386,-0.1238638162612915,0.0005552863094635541,0.12385872006416321,-0.15774431824684143,-0.004606959575539804,0.08048942685127258,-0.1259022355079651,-0.013198393096899963,0.1161130964756012,-0.20751097798347473,-0.026656068561351276,0.12962082028388977,-0.2571480870246887,-0.03264821663287876,0.1353180706501007,-0.2950661778450012,-0.03542481705335376,0.05813363194465637,-0.14935508370399475,-0.02347462594298122,0.09209063649177551,-0.2429347038269043,-0.039205237922942615,0.10859432816505432,-0.30092814564704895,-0.04486950829414127,0.11786344647407532,-0.342296302318573,-0.04731750085738895,0.03312414884567261,-0.16811475157737732,-0.03293459087399242,0.06229397654533386,-0.2576603889465332,-0.04500254213598964,0.07924667000770569,-0.3086906671524048,-0.04793946042445896,0.09016594290733337,-0.3466144800186157,-0.049289043692624546,0.006321370601654053,-0.17952102422714233,-0.04123733535197971,0.024434328079223633,-0.2536541819572449,-0.05165992647198436,0.03715091943740845,-0.29794788360595703,-0.054103456137454486,0.04683545231819153,-0.3326149582862854,-0.05462352901486156,0.149016423462926,0.09170354938012788,0.03879616753885768,0.0,0.2250781736245469,0.17387354537015834,0.13779916487173693,0.21881342077039437,0.18464933828809857,0.19185187317364402,2
-0.023667603731155396,-0.06843334436416626,0.020575194991693024,-0.02784055471420288,-0.1287708282470703,0.02301157768772555,-0.02574777603149414,-0.18070906400680542,0.023366489819750313,-0.021898359060287476,-0.2177654206752777,0.021215410343870644,0.009130895137786865,-0.16634970903396606,-0.01604966875208902,0.03770279884338379,-0.25696855783462524,-0.023161149211659904,0.05144459009170532,-0.3015649914741516,-0.02104808259798574,0.059945762157440186,-0.33355623483657837,-0.017489402182832237,0.0365445613861084,-0.14690262079238892,-0.02989398744000482,0.08198308944702148,-0.2410300374031067,-0.03888174947394418,0.10191881656646729,-0.29147037863731384,-0.03901625853075075,0.11347764730453491,-0.32598572969436646,-0.037780542485847945,0.06034368276596069,-0.11783117055892944,-0.039909389429226394,0.10584032535552979,-0.19727280735969543,-0.04899823349012422,0.12638753652572632,-0.24328067898750305,-0.052672803961172576,0.14010846614837646,-0.2787995934486389,-0.05459992643488931,0.07826924324035645,-0.0842663049697876,-0.046193246357574935,0.12421542406082153,-0.12896955013275146,-0.052668132447138305,0.15158283710479736,-0.15092125535011292,-0.053328160755768295,0.17213988304138184,-0.16891631484031677,-0.05296711307062196,0.1493425567013402,0.08919275290432603,0.03725575902540766,0.0,0.22280821390137,0.1752302488670382,0.14179553174214962,0.20121885621479882,0.1733156034045276,0.17312244701458876,2
-0.024665862321853638,-0.07112914323806763,0.0038445562681488354,-0.026811212301254272,-0.13949555158615112,0.004703374914669212,-0.026359647512435913,-0.194967120885849,0.004861142355792936,-0.03226342797279358,-0.23645266890525818,0.0036330224106393416,0.010585993528366089,-0.16751527786254883,-0.000996907022937421,0.033456772565841675,-0.24987325072288513,-0.007163713351047818,0.04806414246559143,-0.2966339588165283,-0.01055908076480705,0.05850610136985779,-0.3302488923072815,-0.011998437941230122,0.04235932230949402,-0.1511487364768982,-0.006848854608989541,0.07807579636573792,-0.23070678114891052,-0.010577397085882012,0.09697702527046204,-0.2742269039154053,-0.014671582393503968,0.10994258522987366,-0.3073784112930298,-0.017635821961022202,0.06600019335746765,-0.12349796295166016,-0.012534829452789609,0.10268381237983704,-0.1902938187122345,-0.01718513261542398,0.1232214868068695,-0.22837340831756592,-0.019832385368800942,0.14055070281028748,-0.25778254866600037,-0.02209556255505163,0.08340618014335632,-0.0888487696647644,-0.01719898697004396,0.11943212151527405,-0.12823855876922607,-0.020687959753132645,0.14387735724449158,-0.1508725881576538,-0.019625801257944886,0.16444823145866394,-0.16975578665733337,-0.01849163103864271,0.16549800948304652,0.09711029427697183,0.04190352393528265,0.0,0.20896382703311733,0.15969769257028496,0.13052524269875432,0.17667653172265485,0.15891196029328225,0.17412549373632674,2
-0.027645885944366455,-0.06557309627532959,0.005899306004153004,-0.03160583972930908,-0.13230782747268677,0.008489139926837197,-0.03097522258758545,-0.18584740161895752,0.010776090984450093,-0.03503650426864624,-0.22355416417121887,0.011549205136702767,0.011199712753295898,-0.15989086031913757,-0.003964559091969022,0.030609130859375,-0.24409860372543335,-0.007223379715128431,0.04304182529449463,-0.2868492603302002,-0.00733874962736536,0.051790595054626465,-0.318026065826416,-0.006443816619707832,0.0435560941696167,-0.1433887481689453,-0.009009533944322357,0.08577924966812134,-0.22581607103347778,-0.012200822504951248,0.10590499639511108,-0.271003782749176,-0.01678711027909685,0.11774563789367676,-0.3058611750602722,-0.01959872284044195,0.06705474853515625,-0.11634540557861328,-0.012815934988452682,0.10638278722763062,-0.18556246161460876,-0.01797172279168535,0.12659645080566406,-0.22857409715652466,-0.025316939140452632,0.14161747694015503,-0.26116830110549927,-0.030470727394117603,0.08259934186935425,-0.08412927389144897,-0.014669659930063972,0.12329339981079102,-0.11992532014846802,-0.01892537848164011,0.14974623918533325,-0.14228582382202148,-0.021133222068442592,0.1711081862449646,-0.16155794262886047,-0.022334207231892833,0.15815384615222217,0.09131080669933517,0.03792484609152078,0.0,0.2035834703306823,0.15595313347814446,0.12831167280977482,0.1911052070402852,0.17354200357607671,0.18061409793875535,2
-0.025690346956253052,-0.06381630897521973,-0.0022672987544183343,-0.028999358415603638,-0.12981104850769043,-0.005727131851131162,-0.02777501940727234,-0.18189242482185364,-0.009479555301481923,-0.03150370717048645,-0.2212502360343933,-0.014971581287795743,0.01399540901184082,-0.16298311948776245,-0.011512965895349225,0.0345686674118042,-0.23890620470046997,-0.022051673382634362,0.04717981815338135,-0.2818145751953125,-0.028919044882172784,0.05649048089981079,-0.3129771053791046,-0.033202817663664064,0.04480165243148804,-0.14698970317840576,-0.017559507861847123,0.08580034971237183,-0.2210942804813385,-0.027953816577905855,0.10772895812988281,-0.2633240818977356,-0.03793481178593083,0.12249672412872314,-0.2959761619567871,-0.04468671418737813,0.06759631633758545,-0.11941522359848022,-0.02347398921858712,0.10838192701339722,-0.1822746992111206,-0.03476232476543828,0.1312217116355896,-0.21750321984291077,-0.043181145563835344,0.1489323377609253,-0.24479657411575317,-0.04887124709796353,0.08347392082214355,-0.08369511365890503,-0.02863199822616025,0.1240646243095398,-0.11795389652252197,-0.038042632863039216,0.1505172848701477,-0.13735568523406982,-0.041029034182543,0.17200827598571777,-0.1537896990776062,-0.04254920221876546,0.15754122173657795,0.09147347581801851,0.039534041228762036,0.0,0.20213440334588645,0.15583282073683824,0.12710938475947628,0.1886708668131373,0.17117271057414982,0.18196592084105237,2
0.02709464728832245,-0.06950557231903076,-0.010344613973018113,0.03954693675041199,-0.14808756113052368,-0.015563679557260457,0.042349234223365784,-0.20778149366378784,-0.022966162931140843,0.042363062500953674,-0.2608339190483093,-0.030479758676108304,-0.01741911470890045,-0.20440709590911865,0.01136616554487091,-0.035324305295944214,-0.27642881870269775,-0.002255248768221918,-0.0491572767496109,-0.3196108341217041,-0.01750819541138071,-0.06220473349094391,-0.3562062382698059,-0.028143472667750302,-0.04120489954948425,-0.19431346654891968,0.004681567497584638,-0.06188538670539856,-0.27022993564605713,-0.006753774989363137,-0.07807553559541702,-0.317535400390625,-0.021911309730228368,-0.09254626929759979,-0.3591182231903076,-0.03252089365940947,-0.06416556984186172,-0.17450988292694092,-0.005595350336250249,-0.08581245690584183,-0.24760377407073975,-0.01688707217198271,-0.09777329862117767,-0.29213833808898926,-0.024042864959653798,-0.10846846550703049,-0.3312816023826599,-0.028487229417976323,-0.08596893399953842,-0.14458417892456055,-0.017795774783905927,-0.10421598702669144,-0.205666184425354,-0.026925114612993184,-0.11519169062376022,-0.24065154790878296,-0.027232436161455098,-0.1260739490389824,-0.2704458236694336,-0.026242561336573544,0.19193660611062274,0.11278152236943909,0.053052427186712964,0.0,0.2316609293150453,0.18155284898939647,0.14152845379036033,0.2027303691457149,0.16691414633580046,0.16647229778074263,2
0.03378981351852417,-0.07696926593780518,-0.009700817338057277,0.043750226497650146,-0.16756361722946167,-0.014924008681305168,0.044182032346725464,-0.23177623748779297,-0.022442105508275745,0.04314884543418884,-0.28924161195755005,-0.031189871302672145,-0.00508543848991394,-0.225885272026062,-0.0006826687514376317,-0.02251073718070984,-0.3080902695655823,-0.018667741960712192,-0.03906156122684479,-0.35968220233917236,-0.03539466792983603,-0.054628968238830566,-0.4012249708175659,-0.04726335341376853,-0.027457475662231445,-0.21597957611083984,-0.010644257350691078,-0.04898671805858612,-0.3054802417755127,-0.027141276097722766,-0.07065066695213318,-0.3648473024368286,-0.04461698541683745,-0.08978082239627838,-0.4143291711807251,-0.057208362317510364,-0.04740092158317566,-0.19264626502990723,-0.02365652034325194,-0.06991618871688843,-0.27822673320770264,-0.03985486487192702,-0.08745832741260529,-0.33495378494262695,-0.051495272016950366,-0.1021324098110199,-0.3825104832649231,-0.05951726744217467,-0.06508433818817139,-0.1558876633644104,-0.0380972542826612,-0.08506496250629425,-0.22622942924499512,-0.052879317945667026,-0.09797103703022003,-0.27170926332473755,-0.05808950150651526,-0.10921187698841095,-0.3087426424026489,-0.06113140965146613,0.21247856447916041,0.12167948085126018,0.057474661705360613,0.0,0.2535273044814374,0.1961542430430279,0.14866328904018905,0.22643237412258704,0.18252998126863892,0.1726433476290784,2
0.0018437504768371582,-0.08219128847122192,0.02295366517387265,0.013082951307296753,-0.15287435054779053,0.02127558394454354,0.02515682578086853,-0.20542031526565552,0.013751877761706055,0.035495102405548096,-0.25105559825897217,0.0036603848554932483,0.038039058446884155,-0.18452632427215576,-0.01140646048702365,0.08491477370262146,-0.26745933294296265,-0.025881051727310478,0.11361992359161377,-0.3076511025428772,-0.031043089636341392,0.1378907561302185,-0.3371480107307434,-0.03380943433262473,0.05006435513496399,-0.16517174243927002,-0.034925430723205864,0.10749340057373047,-0.25696873664855957,-0.0521869023225463,0.14385980367660522,-0.30642229318618774,-0.058512560733333885,0.17190909385681152,-0.34020793437957764,-0.06194984511353141,0.06350871920585632,-0.1356750726699829,-0.05598840088464385,0.11701083183288574,-0.21948295831680298,-0.06897529558159476,0.14967989921569824,-0.2697044014930725,-0.07367024169184333,0.17478907108306885,-0.310449481010437,-0.07769242272593146,0.08058685064315796,-0.095497727394104,-0.07436459109999305,0.12049460411071777,-0.15513890981674194,-0.08547918842054969,0.141920804977417,-0.1949440836906433,-0.08914908365227348,0.15819567441940308,-0.23015767335891724,-0.09199940756775504,0.17218469329973335,0.1007068116811135,0.04679165542539067,0.0,0.22256183406401675,0.17338144308014924,0.133778822639879,0.19925845139374435,0.16296292860471914,0.15142801266023695,2
-0.0061896443367004395,-0.08356410264968872,0.02402599991651755,0.005366414785385132,-0.15130650997161865,0.028509595406973176,0.022316336631774902,-0.20444834232330322,0.030033060325109773,0.02897682785987854,-0.2440258264541626,0.03023121596666556,0.05283448100090027,-0.1667889952659607,-0.0028781646641107272,0.10852903127670288,-0.24112975597381592,-0.006784460997408814,0.13879740238189697,-0.2784463167190552,-0.0037712764704735946,0.16121387481689453,-0.3054018020629883,9.481562770474738e-05,0.07540848851203918,-0.142392098903656,-0.01790093912390489,0.14065426588058472,-0.22347784042358398,-0.02636019981113691,0.17598754167556763,-0.26955342292785645,-0.02573097406533975,0.20213305950164795,-0.300986647605896,-0.023183864565766044,0.09337517619132996,-0.10995680093765259,-0.02932855954972524,0.15416020154953003,-0.18695068359375,-0.03377122527567167,0.18639343976974487,-0.23085075616836548,-0.03097566126493234,0.21180081367492676,-0.26373255252838135,-0.02803669965473432,0.10659724473953247,-0.06978064775466919,-0.0376144172867896,0.1514938473701477,-0.12988507747650146,-0.03625283485857267,0.17540287971496582,-0.16422182321548462,-0.03001997715441007,0.19312292337417603,-0.19351166486740112,-0.024743448035991378,0.16427003857385564,0.09567822769333865,0.04013401790910139,0.0,0.2191661238490051,0.17170942649516646,0.14578630583785027,0.20409237665943283,0.1822844362600874,0.18388301944950014,2
-0.004002034664154053,-0.08642017841339111,0.027667073404046505,0.007694840431213379,-0.15114200115203857,0.030919084196540325,0.02351278066635132,-0.2045314908027649,0.029981316869708508,0.027949362993240356,-0.24734234809875488,0.027238856872173756,0.058698028326034546,-0.1662704348564148,-0.0013286030277583905,0.11498409509658813,-0.23766624927520752,-0.005613124126938374,0.14491701126098633,-0.2724176049232483,-0.0032402506455753155,0.16738289594650269,-0.2971234917640686,0.00028674422563312874,0.0796034038066864,-0.13904446363449097,-0.019181985536960156,0.14329606294631958,-0.21651709079742432,-0.027807239571956188,0.1778154969215393,-0.2587602138519287,-0.02663005901351312,0.20362401008605957,-0.2862674593925476,-0.023639589677003414,0.09535825252532959,-0.10463529825210571,-0.03317655449583867,0.15474385023117065,-0.1803167462348938,-0.03736625810935834,0.1871597170829773,-0.22206753492355347,-0.03299922695234159,0.2124791145324707,-0.25290316343307495,-0.029103955382851154,0.1063239574432373,-0.06334441900253296,-0.04370644142701963,0.15207445621490479,-0.1228911280632019,-0.04092830991223195,0.17671477794647217,-0.1543383002281189,-0.03199639743044713,0.19554448127746582,-0.18069857358932495,-0.024826331192997486,0.16406351364183921,0.0983094727728933,0.043040129706599206,0.0,0.21635819992679808,0.17109029403429674,0.14805361318270857,0.1977898468688136,0.1799353937401442,0.18461352028037517,2
-0.005819082260131836,-0.08897662162780762,0.02478643973958583,0.004169821739196777,-0.1516091227531433,0.02703437303793521,0.018616139888763428,-0.20332437753677368,0.026560789920807792,0.023694366216659546,-0.24685215950012207,0.024227160044432594,0.05611449480056763,-0.16580921411514282,-0.011201453379868553,0.10989540815353394,-0.23533910512924194,-0.016686023197650002,0.13956904411315918,-0.2712475061416626,-0.012790826133965538,0.16181838512420654,-0.2961047291755676,-0.008034394107340859,0.07776755094528198,-0.13926923274993896,-0.026854204929946945,0.1396404504776001,-0.213905930519104,-0.0404216768066874,0.17398184537887573,-0.25769227743148804,-0.040782527051447914,0.20024263858795166,-0.2860978841781616,-0.038348217479466484,0.09397387504577637,-0.10513728857040405,-0.038050160727976845,0.15066975355148315,-0.17954784631729126,-0.04699237363743691,0.18318599462509155,-0.22392624616622925,-0.04575432928609757,0.2091091275215149,-0.2558296322822571,-0.04333889203476815,0.1049453616142273,-0.0654333233833313,-0.04541774185705094,0.14864134788513184,-0.12382018566131592,-0.047832039169549034,0.17363327741622925,-0.1573447585105896,-0.0433687986652842,0.19241595268249512,-0.18600410223007202,-0.03905240165400414,0.16061048875918663,0.09722367965592933,0.04382300976982451,0.0,0.21385053147640665,0.1706314059330528,0.14664262756377158,0.1995986934612502,0.18085773243849,0.18563197118839864,2
-0.0053415000438690186,-0.08823269605636597,0.02330729003574561,0.005656421184539795,-0.1495819091796875,0.025353307011982906,0.020451754331588745,-0.20062416791915894,0.024293867978713024,0.024503648281097412,-0.2417072057723999,0.021177129927536953,0.06262046098709106,-0.1577054262161255,-0.006680256113895666,0.11846217513084412,-0.22501689195632935,-0.009547628354766857,0.14809855818748474,-0.2561812996864319,-0.005427699894198668,0.16935202479362488,-0.27839386463165283,-0.0007132155094495829,0.08404266834259033,-0.12924182415008545,-0.02143664274785806,0.1484030783176422,-0.20189052820205688,-0.028775917258599293,0.18231001496315002,-0.2426210641860962,-0.026875097197034847,0.2066332995891571,-0.2684914469718933,-0.023555496600010883,0.09927424788475037,-0.09506076574325562,-0.032378993820884716,0.15713265538215637,-0.16703808307647705,-0.03539266799066354,0.18880245089530945,-0.20956969261169434,-0.03179093439553071,0.21360668540000916,-0.24142354726791382,-0.028750091683605206,0.10815122723579407,-0.056932270526885986,-0.04012659181330491,0.15550127625465393,-0.11422020196914673,-0.03733539570544053,0.18112871050834656,-0.1451900601387024,-0.029469177019336712,0.20120248198509216,-0.171359121799469,-0.023224258687832844,0.15634947397134485,0.09403344214440118,0.041282367226564115,0.0,0.20829971317383472,0.16798635739375026,0.14942209714955187,0.1981654242306606,0.18408858047751916,0.1891032498656321,2
0.012562036514282227,-0.09114944934844971,0.04197856160135416,0.03725704550743103,-0.1612088680267334,0.05116381244988588,0.05966484546661377,-0.21544593572616577,0.05383814992637781,0.06912407279014587,-0.2590824365615845,0.05309488000602869,0.07340645790100098,-0.1692536473274231,0.004562862499369658,0.14587819576263428,-0.22018200159072876,0.000987302328212536,0.18644040822982788,-0.24240505695343018,0.002277150333611644,0.21584898233413696,-0.2572275400161743,0.004250518328262842,0.08926630020141602,-0.13524144887924194,-0.019680228733705007,0.17340022325515747,-0.19111818075180054,-0.02475323592989298,0.21926289796829224,-0.2159779667854309,-0.022908915483640158,0.2512499690055847,-0.23353278636932373,-0.021366064154790365,0.10254630446434021,-0.09642022848129272,-0.038672609904097044,0.18156743049621582,-0.1553633213043213,-0.038708476999090635,0.22268050909042358,-0.18168336153030396,-0.0337964395966992,0.25327032804489136,-0.20267057418823242,-0.032179604002521955,0.11369764804840088,-0.0526813268661499,-0.053063652196215116,0.17273449897766113,-0.09820902347564697,-0.049635174402283155,0.20472294092178345,-0.12040621042251587,-0.042469138928936445,0.22947251796722412,-0.14061152935028076,-0.03808177141218039,0.17720257374541432,0.10293076724470425,0.04464998529358944,0.0,0.20276751532267187,0.161676179649632,0.1467366338781374,0.19243698638159626,0.18390928931737976,0.19259320221849963,2
0.02575916051864624,-0.08755350112915039,0.03176754487807898,0.056202083826065063,-0.15808701515197754,0.029622803983642143,0.0814911425113678,-0.21445393562316895,0.021531106514288467,0.09170326590538025,-0.2696187496185303,0.009910650161458534,0.06796121597290039,-0.16681671142578125,-0.02767926679794641,0.13461139798164368,-0.23336875438690186,-0.04870571048800798,0.17148736119270325,-0.2711547613143921,-0.05521011577789636,0.20078948140144348,-0.3004714846611023,-0.058932187425540405,0.07199481129646301,-0.14103734493255615,-0.05720309393350931,0.15077441930770874,-0.21358567476272583,-0.08478219659869524,0.19872185587882996,-0.2533831000328064,-0.09222109468524309,0.2345980703830719,-0.28055572509765625,-0.09624615909402223,0.07585340738296509,-0.10493963956832886,-0.08182370515410753,0.1503073275089264,-0.17406123876571655,-0.1037748813802466,0.1945374310016632,-0.21220529079437256,-0.10780953468625398,0.2303236424922943,-0.24358749389648438,-0.11076815279071184,0.08349794149398804,-0.05620640516281128,-0.10206771494691225,0.13325908780097961,-0.10898804664611816,-0.12039390059058519,0.16291099786758423,-0.14629340171813965,-0.125825552659677,0.18770799040794373,-0.18063777685165405,-0.12990075202529283,0.1936398196207493,0.11704555404690226,0.05610208701427559,0.0,0.20292573196865749,0.14707519302868385,0.11336531070332184,0.1667668370331483,0.14331274395303695,0.1410433801337887,2
0.0336378812789917,-0.040837228298187256,-0.009297229348803171,0.0492301881313324,-0.09479689598083496,-0.013234836979890474,0.05504158139228821,-0.13756394386291504,-0.018793824127996572,0.07012820243835449,-0.16899091005325317,-0.024459908715570577,0.02256852388381958,-0.1538938283920288,0.005357413553511492,0.016932159662246704,-0.21474570035934448,-0.005907325073266634,0.010621130466461182,-0.25387322902679443,-0.017471295780623564,0.004234731197357178,-0.2854853868484497,-0.02572206687101186,0.002619147300720215,-0.15635108947753906,0.001062609256123892,-0.005676060914993286,-0.22120046615600586,-0.009515229611778864,-0.015311837196350098,-0.2648535966873169,-0.021438336930359014,-0.024368643760681152,-0.30123186111450195,-0.029628689400041708,-0.01755756139755249,-0.15030330419540405,-0.005990190430665621,-0.027122080326080322,-0.21197354793548584,-0.01664635818370641,-0.03455349802970886,-0.25214308500289917,-0.024077403358305105,-0.04177314043045044,-0.2855159044265747,-0.028500876388633856,-0.03888168931007385,-0.13681018352508545,-0.014469176530027994,-0.04631128907203674,-0.18674838542938232,-0.023055794648016104,-0.05231422185897827,-0.21926164627075195,-0.025752893648231634,-0.05891382694244385,-0.24727505445480347,-0.026839585042679914,0.13324755039283895,0.0770809880979395,0.03486058431117107,0.0,0.19592521964786874,0.15640361032167047,0.1338391298386788,0.18191528521902053,0.16253406744171447,0.16155489732454556,2
0.041806429624557495,-0.056774675846099854,-0.010890188220315622,0.0595172643661499,-0.13029056787490845,-0.0130647994236881,0.0624690055847168,-0.1876988410949707,-0.01670043316053693,0.06733959913253784,-0.23292607069015503,-0.020755344595187353,0.010847672820091248,-0.19614511728286743,0.002727107318690969,0.009525120258331299,-0.2703929543495178,-0.009208937700265096,0.0064063966274261475,-0.3160894513130188,-0.02056553360390012,0.002636939287185669,-0.35155314207077026,-0.028552986274831937,-0.017638400197029114,-0.195756733417511,-0.0023718223100388514,-0.031090527772903442,-0.2774643898010254,-0.013562675158851789,-0.04205673933029175,-0.33062487840652466,-0.025776909257643865,-0.050997212529182434,-0.3709080219268799,-0.033885646204822706,-0.043491870164871216,-0.18073105812072754,-0.010616994056277917,-0.06348039209842682,-0.2581480145454407,-0.02378249872791116,-0.07659912109375,-0.30642396211624146,-0.03565572906600778,-0.08683368563652039,-0.3458648920059204,-0.04309187416302507,-0.06773500144481659,-0.15214788913726807,-0.02000382129418199,-0.09453341364860535,-0.20270490646362305,-0.034179780225628065,-0.11317805200815201,-0.235417902469635,-0.04158259887563531,-0.12933403253555298,-0.26374953985214233,-0.045353572409027265,0.17799229379562892,0.10293315966847578,0.04548873463137432,0.0,0.2284567751695447,0.1744365446393045,0.13512518734641935,0.21549985288665546,0.18177629070193774,0.19111404735569676,2
0.04687771201133728,-0.057247817516326904,0.0022276485954790815,0.06035706400871277,-0.13538885116577148,0.008127876525875877,0.06548288464546204,-0.19765830039978027,0.009140974810478042,0.0708773136138916,-0.24701648950576782,0.00921282914107735,0.023471325635910034,-0.2066504955291748,0.027714564433452438,0.02553573250770569,-0.28580141067504883,0.02248811252987082,0.02486380934715271,-0.33298277854919434,0.01393009532814915,0.02384135127067566,-0.3702957034111023,0.007157142708209108,-0.0012345314025878906,-0.21120423078536987,0.016233573636171172,-0.009932994842529297,-0.29891353845596313,0.011621136186775516,-0.017206668853759766,-0.35714906454086304,0.00036807078625145095,-0.022091031074523926,-0.4001992344856262,-0.007781254624816825,-0.025288864970207214,-0.198899507522583,0.0014910990988283856,-0.04031054675579071,-0.28291380405426025,-0.005770149206611563,-0.04980723559856415,-0.33414554595947266,-0.016126495817545106,-0.05705031752586365,-0.37594905495643616,-0.023759082922580887,-0.04900333285331726,-0.17044544219970703,-0.0138653628843457,-0.07040932774543762,-0.22924762964248657,-0.024278632396701028,-0.08544781804084778,-0.2682396173477173,-0.03046488113129442,-0.0983550101518631,-0.30473607778549194,-0.03426756619835203,0.19128023877472902,0.11212227830864072,0.04965209658934716,0.0,0.23772805158116392,0.1775885419172562,0.13194751356001233,0.22066268532513195,0.17918723859044308,0.18162897688067328,2
0.04649859666824341,-0.05562734603881836,-0.003187869839038626,0.07143044471740723,-0.13730883598327637,0.00029965747320659375,0.0817987322807312,-0.1981360912322998,0.0008088740979843578,0.0873694121837616,-0.25024163722991943,0.0015377149212696395,0.05241316556930542,-0.20650535821914673,0.01919808362085007,0.060969650745391846,-0.28909170627593994,0.010686438832763656,0.06286388635635376,-0.34086310863494873,9.519551180403596e-05,0.06304764747619629,-0.3824383020401001,-0.007435426279570834,0.03301683068275452,-0.21147453784942627,0.011811744723800643,0.03543868660926819,-0.29875272512435913,0.004330319188866838,0.03174084424972534,-0.35667863488197327,-0.008271760005172268,0.026770204305648804,-0.40361493825912476,-0.016964214551862256,0.011055439710617065,-0.20445936918258667,0.0012914540240132055,0.008547782897949219,-0.2866501808166504,-0.006392317987646834,0.004303872585296631,-0.33785271644592285,-0.014340087469335572,-0.001399308443069458,-0.37975913286209106,-0.019832241046842114,-0.012760341167449951,-0.18617528676986694,-0.010513586621399895,-0.018684417009353638,-0.2512596845626831,-0.017384576309140698,-0.022319406270980835,-0.29124367237091064,-0.019820193458016888,-0.027578085660934448,-0.3257191479206085,-0.020950142923410908,0.1988596135385921,0.11405204198657422,0.05240248465761983,0.0,0.24527275922713218,0.1852536317862344,0.13441542480469057,0.21271975805405985,0.1649109864868013,0.15701804812362807,2
0.0035711824893951416,-0.08130353689193726,0.03425294899346909,0.017128437757492065,-0.13966280221939087,0.04029380151035866,0.02738797664642334,-0.18158185482025146,0.0408129989445456,0.039156585931777954,-0.21493405103683472,0.03804698207380852,0.047425657510757446,-0.16308456659317017,-0.010481161130940109,0.08530780673027039,-0.2388504147529602,-0.020653266525243907,0.10228940844535828,-0.2793388366699219,-0.019382510399793773,0.11516252160072327,-0.31157416105270386,-0.017722571334218173,0.06407102942466736,-0.14047396183013916,-0.03617079190013328,0.11769428849220276,-0.2207980751991272,-0.056062650001024394,0.14586660265922546,-0.26333409547805786,-0.05989049009082237,0.1660132110118866,-0.2934509515762329,-0.060254573887561946,0.07559117674827576,-0.10507810115814209,-0.056902196323846965,0.1328887641429901,-0.16594856977462769,-0.07419827587006012,0.16240575909614563,-0.1956937313079834,-0.07597599930164733,0.18605825304985046,-0.22331786155700684,-0.07591635740396896,0.08327189087867737,-0.06097513437271118,-0.07288147515652099,0.12380239367485046,-0.10018885135650635,-0.08844157314894119,0.14816126227378845,-0.12072193622589111,-0.09088946140406051,0.1674034297466278,-0.1407109498977661,-0.09116145229933181,0.13828750937372034,0.07842831255691937,0.03536762865928115,0.0,0.1978994615730366,0.1568514278595069,0.122948009828509,0.1781337991844298,0.1491895002908348,0.14714070844231766,2
0.03741118311882019,-0.06055796146392822,-0.007064820054495158,0.04458022117614746,-0.13598322868347168,-0.0051168075497685095,0.04000672698020935,-0.1932229995727539,-0.005416709251278462,0.03899848461151123,-0.23890620470046997,-0.00594549884232265,-0.0022597312927246094,-0.19183528423309326,0.014191864271140275,-0.005777567625045776,-0.2624461054801941,0.003754792249253569,-0.005986809730529785,-0.30935120582580566,-0.008089391301894011,-0.005211919546127319,-0.347018301486969,-0.016241631257855715,-0.029843345284461975,-0.19324028491973877,0.008512614507651506,-0.046397268772125244,-0.27425336837768555,3.5659018919886876e-05,-0.05507358908653259,-0.328554630279541,-0.011717771898531737,-0.05991217494010925,-0.3716513514518738,-0.01973137703868133,-0.05436854064464569,-0.18183916807174683,-0.000795079415240707,-0.07626676559448242,-0.2589097023010254,-0.011263325597667517,-0.08748699724674225,-0.3094998002052307,-0.0222957756105302,-0.09370183944702148,-0.3511180877685547,-0.02924707603784782,-0.07697492837905884,-0.1566227674484253,-0.01135078889461738,-0.10602113604545593,-0.20795267820358276,-0.022120824802243533,-0.12447436153888702,-0.24506992101669312,-0.0282123077395795,-0.13863827288150787,-0.27806681394577026,-0.03161849898430091,0.1783553065977835,0.1030742197412748,0.04569432988254693,0.0,0.2168295626313078,0.16030508689545178,0.11680233434035074,0.20450052253053358,0.16554332532297492,0.17378401165505736,2
0.03601750731468201,-0.051480770111083984,-0.002870478413782962,0.041568905115127563,-0.12757760286331177,-0.0002182350810784328,0.035985082387924194,-0.18604826927185059,-0.0008491921264379698,0.03284251689910889,-0.23115068674087524,-0.0016566174829080182,0.00040027499198913574,-0.19897747039794922,0.013865245992533914,-0.004177510738372803,-0.27520817518234253,0.0030040170738772076,-0.0024985671043395996,-0.3210393190383911,-0.008253018816716917,0.0007036924362182617,-0.358245313167572,-0.016019665149755724,-0.02144700288772583,-0.20356708765029907,0.0051731299815998,-0.03556761145591736,-0.29091209173202515,-0.0039004739166870195,-0.04190099239349365,-0.34882456064224243,-0.01537725373894716,-0.04504138231277466,-0.3934163451194763,-0.023131955859966524,-0.0410635769367218,-0.19378668069839478,-0.006664745023257979,-0.06331872940063477,-0.27576011419296265,-0.01742481484801317,-0.07421055436134338,-0.32933276891708374,-0.028197240529365786,-0.08174605667591095,-0.37301838397979736,-0.035097217632241495,-0.0592154860496521,-0.16931748390197754,-0.01941480159551645,-0.0854252427816391,-0.22865068912506104,-0.030664053259201296,-0.10083380341529846,-0.2692148685455322,-0.03698958687276388,-0.11314773559570312,-0.305289626121521,-0.04072296850175405,0.17969796745065073,0.1039400478891821,0.04521176593987094,0.0,0.2342595957144608,0.17577428254255328,0.13109518719006472,0.22263604124813272,0.17998901534673636,0.1823649766644687,2
-0.010369956493377686,-0.08043456077575684,0.04850165434549325,-0.005163431167602539,-0.1304721236228943,0.06623798869917863,0.003887772560119629,-0.17358732223510742,0.07872449122736924,0.013155460357666016,-0.20831537246704102,0.08945846073697084,0.035081684589385986,-0.16152328252792358,0.0142645657099294,0.07206380367279053,-0.23369401693344116,0.01782998331258767,0.08888125419616699,-0.2711748480796814,0.027674925330977374,0.10325950384140015,-0.2964533567428589,0.035527965802650385,0.05962061882019043,-0.1401350498199463,-0.008632051009733743,0.10545557737350464,-0.22220158576965332,-0.017902408909101553,0.12966489791870117,-0.26504456996917725,-0.014602919291753835,0.14769965410232544,-0.29300856590270996,-0.009813489574987955,0.07839930057525635,-0.110301673412323,-0.025433439012665815,0.12827986478805542,-0.18240958452224731,-0.033618447553415365,0.1528918743133545,-0.22485029697418213,-0.030750620361466474,0.17321926355361938,-0.25719785690307617,-0.027308861907620496,0.09552383422851562,-0.07336181402206421,-0.03576877824594504,0.13984298706054688,-0.12153249979019165,-0.040943102162380285,0.16575485467910767,-0.1473550796508789,-0.03927370644738204,0.18604308366775513,-0.1710878610610962,-0.03710429481794364,0.1300267173962223,0.0799697016208408,0.03594339313454551,0.0,0.19825564956386604,0.15802152832288074,0.1260438135107113,0.1869312459484137,0.1589813733892499,0.16736163950616673,2
-0.011880934238433838,-0.07502055168151855,0.02093268242866486,-0.005091488361358643,-0.13816648721694946,0.030187711689777075,0.003344118595123291,-0.1854228377342224,0.03748115395397633,0.004495382308959961,-0.22068452835083008,0.04340244327873677,0.04131293296813965,-0.15755081176757812,0.00464052670837134,0.07860958576202393,-0.22906732559204102,0.004590272076583801,0.09929496049880981,-0.2652461528778076,0.007081627950228153,0.11474639177322388,-0.29150915145874023,0.009267546806640325,0.06837260723114014,-0.13732212781906128,-0.006574184994988741,0.11514103412628174,-0.2085748314857483,-0.012277870800190271,0.1398087739944458,-0.24733632802963257,-0.015922624047689737,0.1564961075782776,-0.2744538187980652,-0.01782761829703361,0.08749902248382568,-0.10567605495452881,-0.014656753640466036,0.1328108310699463,-0.16796660423278809,-0.01957382949798614,0.15664106607437134,-0.20482230186462402,-0.022703591164045633,0.17527979612350464,-0.23019200563430786,-0.02517968545465976,0.10234588384628296,-0.06718838214874268,-0.019508655544214548,0.14433735609054565,-0.1002320647239685,-0.022932523291402163,0.170060396194458,-0.1185799241065979,-0.023169172357611956,0.18936622142791748,-0.13448470830917358,-0.02306082228928119,0.1465816422434207,0.08307307146014423,0.035280479493342405,0.0,0.1946152362789747,0.15383358680374376,0.1310397356768806,0.177149787803109,0.1612307572319801,0.1710488471936408,2
0.01133832335472107,-0.08594781160354614,0.049313151328746585,0.02713567018508911,-0.14431113004684448,0.06170775467056444,0.04094666242599487,-0.1886095404624939,0.06807237589258364,0.04866260290145874,-0.22991043329238892,0.07197829806703737,0.06494402885437012,-0.16134846210479736,-0.0015363359778035601,0.12092429399490356,-0.22780251502990723,-0.0053212539712745865,0.14922451972961426,-0.2619020342826843,-0.0005381756416369399,0.17292088270187378,-0.28776758909225464,0.0036061371722411195,0.08089983463287354,-0.13245916366577148,-0.028841006518419476,0.15014159679412842,-0.19617921113967896,-0.04634920409422705,0.1883118748664856,-0.23226207494735718,-0.04940289905768225,0.21612834930419922,-0.2538139224052429,-0.04982793977957556,0.0924561619758606,-0.09384322166442871,-0.048498014868314954,0.16357481479644775,-0.1339430809020996,-0.058917532623823377,0.2027701735496521,-0.15634125471115112,-0.057054053009565564,0.235584557056427,-0.17448574304580688,-0.055751702697094174,0.10133612155914307,-0.04990190267562866,-0.06167808076840231,0.15591084957122803,-0.08079677820205688,-0.06729652261834929,0.18886590003967285,-0.09096235036849976,-0.06395293301444838,0.21690380573272705,-0.10162371397018433,-0.061155031384046765,0.14872235301799083,0.08826465628040353,0.042015467223004616,0.0,0.20453137615146363,0.16507426639391193,0.13706775906903917,0.18692307198959984,0.16916309588676637,0.1949659283927364,2
0.017151087522506714,-0.08409804105758667,0.020302708813005665,0.039992690086364746,-0.1458187699317932,0.013084568635576943,0.05726942420005798,-0.19217735528945923,0.0011908014705568348,0.06568139791488647,-0.2384311556816101,-0.015013474418765327,0.07349130511283875,-0.17020922899246216,-0.0409873280739248,0.12670958042144775,-0.24028712511062622,-0.07118126042837503,0.15392065048217773,-0.2847605347633362,-0.08594500311369302,0.17636525630950928,-0.3207884430885315,-0.09587469734901788,0.08407381176948547,-0.1390320062637329,-0.07027370520586373,0.148281067609787,-0.2119486927986145,-0.10924467482323053,0.1880040466785431,-0.2601199746131897,-0.12843263932222726,0.2182615101337433,-0.295276939868927,-0.14100778885836007,0.08881181478500366,-0.09671419858932495,-0.09581088312620523,0.15651935338974,-0.15516215562820435,-0.13312260099405648,0.19710537791252136,-0.19471603631973267,-0.15164522119516732,0.22988620400428772,-0.2299402356147766,-0.16363754161352517,0.09268298745155334,-0.0458683967590332,-0.11686411537880304,0.13902488350868225,-0.0804281234741211,-0.15233246274942758,0.1704525649547577,-0.10513818264007568,-0.16933149882311227,0.19759449362754822,-0.13067764043807983,-0.18089110442156198,0.16178350131064873,0.09610912393821952,0.04701250208716722,0.0,0.22183747055640027,0.17528442352560392,0.1379624561181308,0.19117524963691807,0.16282547044178913,0.16442418942004616,2
0.04355457425117493,-0.06234931945800781,0.0034049502676793963,0.05808374285697937,-0.13342821598052979,0.0013584842775458128,0.0622917115688324,-0.18881160020828247,-0.004160589062564668,0.06358891725540161,-0.23467165231704712,-0.012124178455167112,0.034388720989227295,-0.19994455575942993,-0.011787103944413957,0.03297394514083862,-0.2911408543586731,-0.02635564048676997,0.03309091925621033,-0.3400905728340149,-0.03495130454092532,0.03425544500350952,-0.3795807361602783,-0.04135282848864108,0.010174989700317383,-0.19520145654678345,-0.027967754275493917,0.0003720521926879883,-0.28934627771377563,-0.042005361513190564,-0.006548210978507996,-0.3499119281768799,-0.0529942712643674,-0.010956332087516785,-0.3907739818096161,-0.0613229027846387,-0.014154940843582153,-0.1673661470413208,-0.044476052270226774,-0.02988433837890625,-0.2543582320213318,-0.059947052494578656,-0.041007667779922485,-0.30594009160995483,-0.07275090505271464,-0.04731370508670807,-0.34712010622024536,-0.08321723480611354,-0.037191614508628845,-0.12416344881057739,-0.06015290831118136,-0.06761643290519714,-0.16557270288467407,-0.08361233909516841,-0.08605942130088806,-0.1998252272605896,-0.09818142046123057,-0.10064069926738739,-0.23352926969528198,-0.10740071673779994,0.1734830288575587,0.10139299949396646,0.04587839493718014,0.0,0.2473031560037906,0.19281829652497431,0.14784821667722994,0.21483500525185634,0.17298824085065564,0.1579368431607277,2
0.04051238298416138,-0.05443054437637329,-0.01249170705693814,0.05658966302871704,-0.122028648853302,-0.01703358378279063,0.05832687020301819,-0.17410528659820557,-0.022999006621716944,0.06646522879600525,-0.2119373083114624,-0.030446020253179995,0.011124283075332642,-0.19203591346740723,-0.006592308003632752,0.013686731457710266,-0.26507264375686646,-0.02224014263617846,0.013214677572250366,-0.3120464086532593,-0.036069830246447054,0.012685641646385193,-0.35054969787597656,-0.046309036500929324,-0.017190545797348022,-0.18964546918869019,-0.013278059959588973,-0.030370503664016724,-0.27085578441619873,-0.027762550227521388,-0.03982068598270416,-0.3238152265548706,-0.042755817361353365,-0.04658946394920349,-0.36587345600128174,-0.05333508301544043,-0.04093414545059204,-0.16911041736602783,-0.022752738855956522,-0.06454339623451233,-0.24203979969024658,-0.039508701600311724,-0.07941359281539917,-0.2899678349494934,-0.05509263400006148,-0.09047544002532959,-0.33142805099487305,-0.0655690704660401,-0.06157991290092468,-0.13329660892486572,-0.03329448524880263,-0.09457913041114807,-0.1766614317893982,-0.05167380098271224,-0.11608552187681198,-0.20719444751739502,-0.06283031899499747,-0.1339288055896759,-0.2364153265953064,-0.06968175370263907,0.15963060762597261,0.09044939936112063,0.03869747727566208,0.0,0.23270030713336817,0.18225189166458056,0.14867965070838784,0.2185920125900019,0.19099136398616412,0.19725215110898273,2
0.037952303886413574,-0.015129327774047852,-0.0014073848851836601,0.06267547607421875,-0.04886507987976074,-0.0026067015842414776,0.07971018552780151,-0.08294689655303955,-0.004678359733603088,0.09811851382255554,-0.10150080919265747,-0.007526533225259868,0.04834887385368347,-0.10458463430404663,-0.001087232854857234,0.06412112712860107,-0.1515880823135376,-0.007563750737986652,0.07344597578048706,-0.17968183755874634,-0.013099569840065328,0.08115142583847046,-0.19916599988937378,-0.016784721998206464,0.028128981590270996,-0.11522620916366577,-0.004902408471039621,0.03811296820640564,-0.17090696096420288,-0.010646423337689725,0.04447782039642334,-0.20434331893920898,-0.01635728963994154,0.050040602684020996,-0.22869670391082764,-0.019882136968604414,0.005822539329528809,-0.11478924751281738,-0.009253303533128587,0.0066054463386535645,-0.1676369309425354,-0.015426229698292104,0.008709847927093506,-0.2003401517868042,-0.02081656829797396,0.01229742169380188,-0.22561079263687134,-0.024345504132739393,-0.016471505165100098,-0.10501664876937866,-0.01353716385894188,-0.026564985513687134,-0.14096695184707642,-0.019955489797226278,-0.03257328271865845,-0.16561973094940186,-0.02320957743906149,-0.03589954972267151,-0.18850237131118774,-0.024660293025604574,0.10526160563341762,0.06345651207819858,0.026136453945514785,0.0,0.15143225308839345,0.1162280394480378,0.0991280563134658,0.14873900124364253,0.1359789732738141,0.1508925042694138,2
0.036034390330314636,-0.01830202341079712,-0.00546400023600313,0.05932821333408356,-0.051832735538482666,-0.007808626703678101,0.0717078298330307,-0.0845840573310852,-0.01109606221294257,0.08437557518482208,-0.10824650526046753,-0.014991509802399605,0.03908570110797882,-0.10849559307098389,1.825648573117178e-05,0.049351587891578674,-0.1542530059814453,-0.0077869543617055115,0.05590842664241791,-0.18257743120193481,-0.015196634530781239,0.06114579737186432,-0.20421534776687622,-0.020381550378857582,0.01726682484149933,-0.11672180891036987,-0.003543513901291817,0.0206286758184433,-0.17039477825164795,-0.01023261908417794,0.022545084357261658,-0.20402652025222778,-0.01810790140157792,0.02416469156742096,-0.22989171743392944,-0.02357812326377484,-0.004999101161956787,-0.11382997035980225,-0.008506152853129834,-0.008337408304214478,-0.16415739059448242,-0.016314447931705445,-0.009586766362190247,-0.1948804259300232,-0.022824592031298607,-0.009777382016181946,-0.21990567445755005,-0.02700481664365384,-0.027159422636032104,-0.10253924131393433,-0.013927538953481644,-0.038624778389930725,-0.1390276551246643,-0.022227996103225678,-0.045741721987724304,-0.16416192054748535,-0.02616161208575818,-0.05074299871921539,-0.1869264841079712,-0.0280442024392471,0.10211209511288734,0.06172425576648914,0.026839955557127176,0.0,0.15239345170079768,0.12009663684318272,0.09874027197278352,0.15288775647744524,0.13573101396038706,0.14605666508405837,2
0.033068522810935974,-0.021756470203399658,-0.006422156608564933,0.05372460186481476,-0.058770716190338135,-0.009121411620540698,0.06400714814662933,-0.08941638469696045,-0.012965306780202468,0.07491369545459747,-0.11092442274093628,-0.017509956053359588,0.030225500464439392,-0.11692368984222412,-0.0007535525605959492,0.03838782012462616,-0.1605900526046753,-0.010656265682442267,0.044552937150001526,-0.18910324573516846,-0.02024870938704737,0.05035339295864105,-0.2110181450843811,-0.026867976552708228,0.009608611464500427,-0.12365812063217163,-0.004565233505232413,0.011135205626487732,-0.17535442113876343,-0.012933747983439048,0.0127573162317276,-0.21006524562835693,-0.022177556670172294,0.014966025948524475,-0.23799651861190796,-0.028659688449366172,-0.010575860738754272,-0.11920565366744995,-0.010113252467377265,-0.016201570630073547,-0.1697123646736145,-0.019058846077783187,-0.01829858124256134,-0.2030627727508545,-0.027025483689172347,-0.018931210041046143,-0.23046481609344482,-0.032227644837362845,-0.030745193362236023,-0.10568982362747192,-0.01634342982517012,-0.04424448311328888,-0.14205408096313477,-0.025039538881642898,-0.0525573194026947,-0.16847622394561768,-0.029597120500071128,-0.058750927448272705,-0.19170629978179932,-0.032175233728153785,0.09849843772017006,0.05629375448593276,0.0241153161845757,0.0,0.15228474859399327,0.12236589868118153,0.10306290172151912,0.1564643341488187,0.14050281359549627,0.15197622159521781,2
0.03873376548290253,-0.03136777877807617,0.011433689282355886,0.05096791684627533,-0.07359987497329712,0.020722723924635034,0.055785760283470154,-0.10896927118301392,0.025873822518704515,0.06286440789699554,-0.13378369808197021,0.030292359539387803,0.028989657759666443,-0.1383567452430725,0.027787437089799027,0.03478391468524933,-0.19284206628799438,0.028313505821941476,0.038447871804237366,-0.22486335039138794,0.024485680633304696,0.0421091765165329,-0.24956953525543213,0.020875023105261903,0.007219165563583374,-0.14495360851287842,0.017796277427194696,0.003290623426437378,-0.21222656965255737,0.016372680091379266,0.002097785472869873,-0.25308364629745483,0.008744708621023278,0.001485779881477356,-0.2838159203529358,0.0031944617024493027,-0.0136260986328125,-0.1389024257659912,0.006708094277499299,-0.023154795169830322,-0.20142638683319092,0.0037449054746758748,-0.028235137462615967,-0.23826837539672852,-0.004366642902525086,-0.03138230741024017,-0.2678981125354767,-0.010403777114035506,-0.0320163369178772,-0.12167823314666748,-0.003627861258493681,-0.046676501631736755,-0.16327685117721558,-0.007317948727788348,-0.055543988943099976,-0.19007903337478638,-0.011683689071716685,-0.06226097047328949,-0.214016854763031,-0.01498331745612802,0.10522028525991821,0.06134834197674718,0.02580432200930911,0.0,0.17619250443773085,0.141263877905032,0.117631372174331,0.1830842390748219,0.16210183125625624,0.16391802680123393,2
0.039404213428497314,-0.039426207542419434,0.001506316243634842,0.05733558535575867,-0.09298133850097656,0.0025699732368451578,0.06653091311454773,-0.13667911291122437,0.000850657875147931,0.06923678517341614,-0.16888821125030518,-0.0016967592519137042,0.034128278493881226,-0.14968544244766235,0.006751536392570756,0.03744924068450928,-0.21241670846939087,-0.00025963349527557966,0.036458373069763184,-0.2501007318496704,-0.00703441351562617,0.035333454608917236,-0.27865850925445557,-0.01209163479417441,0.012668251991271973,-0.1548856496810913,-0.0016122549996140378,0.009132951498031616,-0.22478675842285156,-0.00906680058598397,0.0050133466720581055,-0.26983457803726196,-0.01820274721741555,0.00243532657623291,-0.30401381850242615,-0.024664447641967513,-0.00894320011138916,-0.14705413579940796,-0.011189568786917903,-0.018725097179412842,-0.21403521299362183,-0.018354088998435714,-0.024374082684516907,-0.25517159700393677,-0.02636762428939221,-0.028278827667236328,-0.2870591878890991,-0.0325722796833503,-0.029877349734306335,-0.1283063292503357,-0.020756863988040664,-0.04548788070678711,-0.17401880025863647,-0.029339301398991324,-0.053785935044288635,-0.20619994401931763,-0.03473630454301713,-0.05985638499259949,-0.23359060287475586,-0.038393742403982856,0.13285478064780487,0.07683418436921535,0.03232255805804273,0.0,0.1869762163924003,0.14536653811382752,0.11488670135087728,0.1791902561775745,0.15073607599365732,0.15321120868740123,2
-0.006881237030029297,-0.05614691972732544,-0.005488803592356817,0.0023307204246520996,-0.10720819234848022,-0.011857063491675035,0.01422971487045288,-0.14759153127670288,-0.017343899217280523,0.019654154777526855,-0.18366801738739014,-0.025188172218236105,0.0406685471534729,-0.12492942810058594,-0.02199616467657961,0.06998330354690552,-0.17289423942565918,-0.03507275132540144,0.09076392650604248,-0.20082974433898926,-0.044766817224058286,0.10749071836471558,-0.21724271774291992,-0.05098493767980017,0.059490323066711426,-0.10361003875732422,-0.025249320995840208,0.10044604539871216,-0.15075647830963135,-0.03844179211262144,0.1260068416595459,-0.17678558826446533,-0.050075501185688154,0.1462138295173645,-0.19638901948928833,-0.05871191246512808,0.07218575477600098,-0.07427346706390381,-0.028252301719817297,0.11319839954376221,-0.11548835039138794,-0.04427181182506956,0.14013177156448364,-0.13764750957489014,-0.058865334820779935,0.1614452600479126,-0.15325289964675903,-0.0690536945879785,0.08000242710113525,-0.042450010776519775,-0.029954610374602453,0.11702167987823486,-0.05908989906311035,-0.04500881953242697,0.1433202028274536,-0.0681082010269165,-0.05504966152909674,0.1653614640235901,-0.07523506879806519,-0.06249187884930052,0.13025266740765148,0.07839774373512975,0.036482014725067846,0.0,0.15220453983220655,0.11639975321669979,0.0940346872530018,0.14071603098078955,0.1271973866269665,0.14501654016343812,2
-0.0027267932891845703,-0.05944162607192993,0.01597033211824339,0.006412148475646973,-0.10980600118637085,0.018950242119402105,0.01573038101196289,-0.14920306205749512,0.02005641864475649,0.01759868860244751,-0.18074321746826172,0.018772944378227407,0.040723204612731934,-0.12322843074798584,-0.007812601943939512,0.06941604614257812,-0.1735362410545349,-0.013936472555130308,0.08700752258300781,-0.2002127766609192,-0.015854986814289873,0.10187458992004395,-0.21839594841003418,-0.016716311184197252,0.059269607067108154,-0.10199278593063354,-0.01891390090945322,0.10260385274887085,-0.14786672592163086,-0.02961476748946268,0.1279153823852539,-0.17375195026397705,-0.03529050616684515,0.14728504419326782,-0.19267481565475464,-0.03864191515508253,0.07179325819015503,-0.07203936576843262,-0.027245091704159563,0.11626845598220825,-0.11000204086303711,-0.03906424386563856,0.1430356502532959,-0.13263380527496338,-0.04633794022861082,0.1651235818862915,-0.14994806051254272,-0.050974734557300394,0.08026343584060669,-0.03910374641418457,-0.03228514684501249,0.11866909265518188,-0.054893553256988525,-0.042647332382827585,0.14452356100082397,-0.062486112117767334,-0.04709031103315908,0.1668257713317871,-0.07031619548797607,-0.04992287648978788,0.12299268795099039,0.07181383803858614,0.031595442338855965,0.0,0.14458511114413858,0.11049199179214074,0.09230468942728079,0.13855115577131585,0.13023407335145673,0.1507047969718845,2
0.03812456130981445,-0.03688448667526245,-0.0011507372247407943,0.0628618597984314,-0.0913856029510498,-0.0023201639406735808,0.07625865936279297,-0.13617748022079468,-0.006311984091659895,0.08058792352676392,-0.1719401478767395,-0.011115596919914594,0.04069840908050537,-0.16086924076080322,0.0033757890931909174,0.04168516397476196,-0.2330160140991211,-0.0070501135770584256,0.039258360862731934,-0.27967405319213867,-0.016844621218403688,0.03742825984954834,-0.315154105424881,-0.02409815817292582,0.021960139274597168,-0.16700279712677002,-0.005660661320796123,0.011930584907531738,-0.24486184120178223,-0.016555687702854982,0.0062871575355529785,-0.2938537299633026,-0.028017070434650293,0.0017254948616027832,-0.33165299892425537,-0.03590281336720835,0.0015450716018676758,-0.16096746921539307,-0.01602088130231749,-0.014101624488830566,-0.23403972387313843,-0.02716200082715403,-0.022545039653778076,-0.2793702483177185,-0.03518462210114848,-0.030668675899505615,-0.31503233313560486,-0.04068107932027232,-0.017770469188690186,-0.14601922035217285,-0.02671821258183371,-0.033883869647979736,-0.19875138998031616,-0.03793640836294543,-0.04303699731826782,-0.23167654871940613,-0.04200394108112704,-0.050647199153900146,-0.25884556770324707,-0.04405277996476542,0.14157389855950145,0.08248180431759398,0.036023755024580724,0.0,0.2252092598134917,0.18314047148514762,0.14957604823410475,0.2092029421947705,0.1781220857858273,0.18125508102686347,2
0.04103285074234009,-0.043262481689453125,0.004373787688422226,0.06149876117706299,-0.10340923070907593,0.005841862662094854,0.06959164142608643,-0.15168017148971558,0.003832591716530942,0.06984251737594604,-0.18756240606307983,0.0003250875641640505,0.04761922359466553,-0.1636778712272644,0.006505928254085802,0.04514181613922119,-0.23842456936836243,-0.0019107209328979025,0.04008859395980835,-0.28581446409225464,-0.010526936249476648,0.03648322820663452,-0.3219600319862366,-0.017139189624828077,0.030691921710968018,-0.1664600968360901,-0.003982499921363569,0.01797962188720703,-0.2464706003665924,-0.012471318924468733,0.009287118911743164,-0.29658323526382446,-0.022775350818079687,0.0020411014556884766,-0.3351629376411438,-0.03033667870764134,0.011399805545806885,-0.1572434902191162,-0.015227207662206865,-0.005318582057952881,-0.23154601454734802,-0.0233208841920316,-0.016274213790893555,-0.2764706015586853,-0.030139618301433302,-0.02667999267578125,-0.3110273778438568,-0.035488740289252974,-0.006706953048706055,-0.14029955863952637,-0.026320089334291197,-0.022855758666992188,-0.1950128674507141,-0.03534853898887036,-0.032673180103302,-0.22656792402267456,-0.0387560024202287,-0.041238635778427124,-0.25126031041145325,-0.04064937376384137,0.14714776609168723,0.08456580390245297,0.03588311158080017,0.0,0.21997779348989652,0.17346872316537246,0.13847586081213764,0.19552237960108818,0.16242828855503838,0.15671692379418967,2
0.04088506102561951,-0.0506245493888855,-0.012346297821011376,0.06072908639907837,-0.1141279935836792,-0.015797748548891377,0.06691300868988037,-0.16881656646728516,-0.02004978185703976,0.07511839270591736,-0.21219831705093384,-0.02423142021706326,0.013065755367279053,-0.1772749423980713,0.004119936989638973,0.016450732946395874,-0.24169784784317017,-0.005969899093713593,0.017764538526535034,-0.28340834379196167,-0.016688409579899144,0.01806536316871643,-0.31678739190101624,-0.02430553486755116,-0.017011642456054688,-0.1788933277130127,0.0012181687941961172,-0.028202295303344727,-0.25373750925064087,-0.007542761361207795,-0.03480556607246399,-0.3022242784500122,-0.018419922647979092,-0.03940203785896301,-0.33934441208839417,-0.02599996080806477,-0.04398703575134277,-0.16726386547088623,-0.005023167787101102,-0.061796605587005615,-0.23823976516723633,-0.016204900426771474,-0.07337373495101929,-0.2845118045806885,-0.02766391759922726,-0.0811932384967804,-0.3218836486339569,-0.03502897484412415,-0.068532794713974,-0.14437198638916016,-0.012592228447999787,-0.09508463740348816,-0.1922839879989624,-0.024903648851420712,-0.11253061890602112,-0.2260858416557312,-0.03244118331184609,-0.12642168998718262,-0.2581021189689636,-0.03673073588123543,0.16516053824822338,0.09912033333763559,0.044150929894539455,0.0,0.20710148479965565,0.15582508672386808,0.11913825060562565,0.20095431136171107,0.17111709002913905,0.19095601067713452,2
0.04011130332946777,-0.05381721258163452,-0.00943332282079723,0.05382701754570007,-0.12258434295654297,-0.011976638112201954,0.05697965621948242,-0.1805652379989624,-0.016567846994831825,0.05979794263839722,-0.2282397747039795,-0.021701170366242195,0.005718857049942017,-0.19814389944076538,0.005876945097014641,0.0029032230377197266,-0.272544264793396,-0.0063490753546204814,0.0010257363319396973,-0.3176361322402954,-0.019253198292091156,-0.0004971027374267578,-0.3545542359352112,-0.028746474768951202,-0.020447105169296265,-0.20021623373031616,-0.001239992563597525,-0.035400956869125366,-0.2854875922203064,-0.01275098161025312,-0.045983076095581055,-0.3419775366783142,-0.027169363807871605,-0.053564608097076416,-0.38491445779800415,-0.03745955624802377,-0.043218255043029785,-0.1864558458328247,-0.01167138689382341,-0.06406015157699585,-0.2666003108024597,-0.02472820901496675,-0.07591724395751953,-0.3197889029979706,-0.03795162611825731,-0.08438336849212646,-0.364033043384552,-0.04688295000417497,-0.06308424472808838,-0.15785902738571167,-0.023303563009932304,-0.08974143862724304,-0.21521568298339844,-0.0376026297472265,-0.10582087934017181,-0.2556166648864746,-0.045925852145984436,-0.11817526817321777,-0.2935722768306732,-0.05103174620492723,0.17553003715775592,0.10582401525268174,0.047757765738956647,0.0,0.23824596805207515,0.1832368664408192,0.13996726621967367,0.23233303253254,0.19338568776376883,0.19806075405862472,2
0.06092715263366699,-0.020334303379058838,0.022365997477237443,0.10256916284561157,-0.06572723388671875,0.023574317737285355,0.14141911268234253,-0.11709529161453247,0.022799868999783257,0.16788548231124878,-0.1502123475074768,0.020260040580097893,0.10092002153396606,-0.10528618097305298,-0.016398896531399032,0.1466032862663269,-0.1895216703414917,-0.021375344203050872,0.1669883131980896,-0.23571902513504028,-0.01849114994817569,0.17994534969329834,-0.26804858446121216,-0.014856072210903903,0.07386523485183716,-0.13097769021987915,-0.028810509548719665,0.1257038712501526,-0.22418490052223206,-0.03798262874894931,0.15049421787261963,-0.2750207185745239,-0.0358481119137366,0.16617035865783691,-0.3058434724807739,-0.03262781451755359,0.04794910550117493,-0.15081125497817993,-0.03660812701397731,0.09279429912567139,-0.2399100661277771,-0.04042674328499629,0.1170196533203125,-0.28758230805397034,-0.03720137576871707,0.13277137279510498,-0.3171757459640503,-0.03500120069199397,0.02577647566795349,-0.1613897681236267,-0.040841945515211364,0.058411866426467896,-0.2319328784942627,-0.03875912825876071,0.07982325553894043,-0.2676700949668884,-0.03246767173820331,0.09742319583892822,-0.29228562116622925,-0.02780150722080066,0.1682509751354849,0.10678930663717963,0.04239349139137151,0.0,0.21661256470799473,0.15579206513644966,0.11845175870661223,0.190364124660228,0.15564057539600823,0.17061587590631846,2
-0.012793093919754028,-0.07742160558700562,0.02018405275308055,-0.0013034641742706299,-0.14275723695755005,0.018169853481282416,0.019978970289230347,-0.19350579380989075,0.015024024638165656,0.04252123832702637,-0.22718596458435059,0.009268200601269427,0.03446879982948303,-0.16797932982444763,-0.033200160023938,0.0770840048789978,-0.2530977725982666,-0.043605376389990624,0.09801065921783447,-0.29083311557769775,-0.04207383876777726,0.11195284128189087,-0.3186919689178467,-0.03990004247165757,0.05948728322982788,-0.14442235231399536,-0.04895891657210427,0.1165539026260376,-0.23180440068244934,-0.06598892843462068,0.1426488757133484,-0.27724021673202515,-0.06814396416879731,0.1571851372718811,-0.3061300814151764,-0.06840764766670304,0.08074808120727539,-0.10922706127166748,-0.05944618990756112,0.13579434156417847,-0.18937766551971436,-0.07381023502088624,0.15825796127319336,-0.2371636927127838,-0.07528547978139954,0.17041397094726562,-0.2689967751502991,-0.07600254600978928,0.09877842664718628,-0.06798571348190308,-0.06571190839744645,0.14519447088241577,-0.11064541339874268,-0.07622444665170747,0.1699656844139099,-0.1391553282737732,-0.07642260229326325,0.1842266321182251,-0.16370689868927002,-0.07582014834619599,0.1596528689933032,0.09512525741362102,0.040527863892445885,0.0,0.2092367573719321,0.15534082330004037,0.11486555757912706,0.17750989385572044,0.139212008474251,0.13455368793627934,2
0.02264353632926941,-0.07597452402114868,-0.014907216425484648,0.014445632696151733,-0.14583927392959595,-0.018960824939853183,-0.005042463541030884,-0.21011042594909668,-0.02209965955043458,-0.013079941272735596,-0.2567930817604065,-0.025523568275815478,-0.03755265474319458,-0.18376672267913818,-0.01143690362150096,-0.059307441115379333,-0.2611473798751831,-0.022999510872608653,-0.07420669496059418,-0.3018878102302551,-0.03190500173295163,-0.08595466613769531,-0.3366237282752991,-0.03958568233574056,-0.06371830403804779,-0.17346656322479248,-0.014434168818837634,-0.09930320084095001,-0.2486996054649353,-0.03204145911658429,-0.12299710512161255,-0.29178565740585327,-0.04867657530630254,-0.1410210132598877,-0.33267444372177124,-0.06085727247918271,-0.08103501796722412,-0.14732682704925537,-0.019063996854669085,-0.12292923033237457,-0.21390461921691895,-0.035608547511941424,-0.14915993809700012,-0.2524454593658447,-0.05013647559607648,-0.1703980788588524,-0.2898557186126709,-0.06068067881787442,-0.09151506423950195,-0.10479408502578735,-0.02469239268029355,-0.13526436686515808,-0.14453673362731934,-0.042875676188117495,-0.16173334419727325,-0.17084580659866333,-0.055397717985755435,-0.18745464086532593,-0.20047485828399658,-0.06418109569275998,0.18431363941631196,0.11431712336510713,0.04736951975569171,0.0,0.21558972152195352,0.15017456573775986,0.10809096931348755,0.18306311599069897,0.14875113106908897,0.16075488909886718,2
0.025921911001205444,-0.07530719041824341,-0.014802447752089165,0.021250903606414795,-0.14545994997024536,-0.020207094260484837,0.004434317350387573,-0.21049797534942627,-0.025265598901540898,-0.001132667064666748,-0.2591034173965454,-0.030528623842627667,-0.027890264987945557,-0.1917232871055603,-0.00933845830056157,-0.04695364832878113,-0.2696766257286072,-0.022154284873039387,-0.060225144028663635,-0.3111666440963745,-0.032110626109869145,-0.0699579119682312,-0.3465615212917328,-0.040115287759334706,-0.05419333279132843,-0.18199068307876587,-0.013211481505067013,-0.08711458742618561,-0.2591899037361145,-0.032709377118379734,-0.11029052734375,-0.3048643171787262,-0.05012348876240935,-0.12658050656318665,-0.3473247289657593,-0.06185799301508155,-0.070913165807724,-0.1553739309310913,-0.018875498556525372,-0.10986313223838806,-0.22367334365844727,-0.03669876442197051,-0.13483795523643494,-0.26490020751953125,-0.05059932754281249,-0.15332427620887756,-0.30535265803337097,-0.059794934698373936,-0.08134272694587708,-0.11118555068969727,-0.025466010206372403,-0.12290376424789429,-0.15432125329971313,-0.04344426677468505,-0.14731788635253906,-0.17929679155349731,-0.05387598485592093,-0.16942133009433746,-0.20571362972259521,-0.06045538769009795,0.1857767564734132,0.11582686184413278,0.048923208317457216,0.0,0.22081868133493843,0.1550725388887024,0.11129166308837789,0.18943717847954122,0.15336283855562508,0.15906375499587336,2
0.02441304922103882,-0.06691873073577881,-0.005126204681602076,0.019574075937271118,-0.14019936323165894,-0.009727365677264288,0.014798492193222046,-0.20230364799499512,-0.016143795442786768,0.00969800353050232,-0.2517750859260559,-0.02413985353430803,-0.013078153133392334,-0.18331915140151978,-0.014546158132162645,-0.028179168701171875,-0.26402735710144043,-0.032464558598604754,-0.03607553243637085,-0.3117595314979553,-0.044345459309425905,-0.03907760977745056,-0.3499506115913391,-0.05245081555565889,-0.03200516104698181,-0.172532856464386,-0.02480843510946329,-0.05751356482505798,-0.25260359048843384,-0.04499516111334856,-0.07534921169281006,-0.30650776624679565,-0.060739579019156054,-0.08627232909202576,-0.34813427925109863,-0.07133861851414736,-0.04600930213928223,-0.14571911096572876,-0.035932923075762346,-0.07735982537269592,-0.21602606773376465,-0.0553598947497278,-0.0979292094707489,-0.2642746567726135,-0.06854207288941438,-0.11151701211929321,-0.3055594265460968,-0.07741134088954027,-0.055943697690963745,-0.10682839155197144,-0.04696274023970659,-0.08599890768527985,-0.14869695901870728,-0.06740722280463274,-0.10281713306903839,-0.17884069681167603,-0.07780282419642504,-0.11723965406417847,-0.20769912004470825,-0.08403855037411745,0.18544110823630358,0.11201195784808295,0.04973367225095421,0.0,0.217797168084488,0.15716952701708573,0.10962433257822658,0.17743134990138618,0.13599778998914516,0.13261159570306344,2
-0.009086430072784424,-0.06454390287399292,0.01486837008440034,-0.011066436767578125,-0.12274867296218872,0.009433582252199813,-0.0033776462078094482,-0.16761958599090576,0.0014664314820720392,0.006989032030105591,-0.1982182264328003,-0.008405388505821065,0.0003566741943359375,-0.15308886766433716,-0.029530885802273588,0.018196165561676025,-0.2328285574913025,-0.04657049028730853,0.02769574522972107,-0.27557891607284546,-0.05401905177689059,0.03385591506958008,-0.311610609292984,-0.05850639490938647,0.012497901916503906,-0.13323372602462769,-0.047009281055693464,0.05138233304023743,-0.22244900465011597,-0.0659301049873875,0.07505592703819275,-0.26953125,-0.07266500516391261,0.09350669384002686,-0.30361518263816833,-0.07656857295489772,0.028011083602905273,-0.10463809967041016,-0.06095433904386027,0.07344856858253479,-0.18282335996627808,-0.07425866945243342,0.09909284114837646,-0.22034388780593872,-0.07510035409188731,0.11900025606155396,-0.2511160671710968,-0.0758691348002003,0.0442158579826355,-0.0711742639541626,-0.07270225061631663,0.07979634404182434,-0.11911094188690186,-0.08188901020741923,0.10026493668556213,-0.14865738153457642,-0.08065793587422831,0.11782464385032654,-0.1774950623512268,-0.0793539501593159,0.13463745860913365,0.07759931349282434,0.03230703970624366,0.0,0.1941310090871595,0.1487271087494703,0.11653180636619037,0.16697717704509712,0.13635917344429813,0.12387370933251937,2
-0.007268130779266357,-0.06465381383895874,0.015216782926074757,-0.00442078709602356,-0.1259567141532898,0.012540634027175201,0.005518436431884766,-0.17402756214141846,0.007420596903614296,0.015138685703277588,-0.2084289789199829,0.00017770234677527696,0.014953911304473877,-0.15653681755065918,-0.02108887000525783,0.03463366627693176,-0.2387092113494873,-0.03395117795611213,0.045103639364242554,-0.2834513187408447,-0.03859221166516136,0.05257895588874817,-0.31987982988357544,-0.041439264775760876,0.03227391839027405,-0.1383582353591919,-0.03777305013085197,0.07317137718200684,-0.22735774517059326,-0.051754403622396694,0.09608396887779236,-0.27532970905303955,-0.05618950700903724,0.11303752660751343,-0.30979466438293457,-0.05873563116932701,0.048604995012283325,-0.10979539155960083,-0.051385529102333294,0.09161239862442017,-0.18995851278305054,-0.06165981641555618,0.1137622594833374,-0.23223114013671875,-0.06195520213390182,0.1307353973388672,-0.2672688364982605,-0.06287266290331672,0.0633726716041565,-0.07304686307907104,-0.06279741948986839,0.09885808825492859,-0.1197475790977478,-0.07146008289004158,0.11934733390808105,-0.1507057547569275,-0.07030086940670799,0.13560718297958374,-0.18114179372787476,-0.06911386525774788,0.14551069898450134,0.08475994001846705,0.03572123559475834,0.0,0.20212655816312658,0.15325657081208513,0.11757153572217194,0.17318504786283734,0.1409226214621589,0.12971017146235544,2
-0.007582932710647583,-0.05737036466598511,0.0030248096599052587,-0.006175726652145386,-0.11144465208053589,-0.00392427957478958,0.0013145506381988525,-0.15490442514419556,-0.011912972767390784,0.013465791940689087,-0.18892431259155273,-0.02087303913060623,0.020510166883468628,-0.1445210576057434,-0.02042883924070793,0.046662747859954834,-0.21771639585494995,-0.03224011800114113,0.061502933502197266,-0.2585073709487915,-0.03680049544993835,0.07345175743103027,-0.28798234462738037,-0.038986927930750426,0.040681809186935425,-0.12856650352478027,-0.030562571350969847,0.08444634079933167,-0.20020288228988647,-0.041266179744638976,0.11035928130149841,-0.23749077320098877,-0.04569797134820419,0.13082417845726013,-0.26166918873786926,-0.04847502252880531,0.057680726051330566,-0.10242211818695068,-0.039348687146343764,0.10386496782302856,-0.1596950888633728,-0.0477612829846521,0.13021883368492126,-0.18604683876037598,-0.048680811290182646,0.14973607659339905,-0.20638298988342285,-0.049798584644236144,0.07106795907020569,-0.06796246767044067,-0.047269350950159605,0.10563740134239197,-0.10148066282272339,-0.05335161379400688,0.12454494833946228,-0.11872357130050659,-0.05106320894185501,0.137441486120224,-0.133195698261261,-0.04879844478193718,0.13322721202611254,0.07993051385756934,0.03612485857580892,0.0,0.19366489901678255,0.15137208876752922,0.11580505069563873,0.16784355347479035,0.13807537032836745,0.1373841180490389,2
0.004199117422103882,-0.06088536977767944,0.023119472618489567,0.01937413215637207,-0.10444968938827515,0.027225474546938244,0.037422746419906616,-0.13629668951034546,0.02759515931764156,0.054676979780197144,-0.15500706434249878,0.02544768778541595,0.03828456997871399,-0.12270599603652954,-0.006956873741657432,0.06462505459785461,-0.1816663146018982,-0.012525722664506134,0.07904687523841858,-0.21399182081222534,-0.0113456717698881,0.09075817465782166,-0.2384966015815735,-0.009841935057849582,0.05213192105293274,-0.10244089365005493,-0.023761744891018566,0.10180798172950745,-0.1591583490371704,-0.03395988913318604,0.1294725239276886,-0.18827283382415771,-0.03518925355812996,0.14912983775138855,-0.2071150541305542,-0.03453676151177376,0.06299588084220886,-0.07285457849502563,-0.03728424506327599,0.11687210202217102,-0.12060004472732544,-0.046959077288121875,0.14460322260856628,-0.1475575566291809,-0.048926108796806034,0.16571882367134094,-0.16915416717529297,-0.049211853463859256,0.07059136033058167,-0.038586318492889404,-0.04742392646214455,0.115998774766922,-0.0666930079460144,-0.05426090331813782,0.14117255806922913,-0.08161896467208862,-0.053672530968398746,0.161017507314682,-0.09559100866317749,-0.052348994930000003,0.10680312718266141,0.06166311063036774,0.025451654076131064,0.0,0.1518692075188601,0.11528005002032453,0.09095249008241588,0.13226380843307392,0.10787300393832622,0.11193941045631249,2
0.013740837574005127,-0.05900716781616211,0.02969826510319251,0.03154349327087402,-0.10500466823577881,0.03643527379402656,0.04996103048324585,-0.138072669506073,0.03845251849064368,0.06456190347671509,-0.16289204359054565,0.038629931715817634,0.05757039785385132,-0.11986356973648071,0.0014835480521782074,0.09859663248062134,-0.1739446520805359,-0.002807016864849743,0.12082046270370483,-0.2014693021774292,-0.0019658363037393656,0.13854271173477173,-0.22227227687835693,-0.0003905087380786654,0.06967324018478394,-0.09587645530700684,-0.01688354523709279,0.13093358278274536,-0.14335203170776367,-0.025592553111223992,0.16339445114135742,-0.16473889350891113,-0.026792130114941415,0.18664872646331787,-0.17941665649414062,-0.02605465488365155,0.0798078179359436,-0.06322634220123291,-0.03133304292192918,0.1438213586807251,-0.09791260957717896,-0.036920259388594445,0.17602932453155518,-0.11635643243789673,-0.03602873036494714,0.20153284072875977,-0.13144034147262573,-0.03498051563134652,0.08618247509002686,-0.02372431755065918,-0.04210101315608483,0.13804465532302856,-0.03838616609573364,-0.04177782559624177,0.16506075859069824,-0.045551300048828125,-0.03635031977525216,0.18807250261306763,-0.05340927839279175,-0.03228106969824296,0.11564967857346899,0.06664205607561083,0.028795604215164722,0.0,0.15874673158409836,0.12221410775763043,0.09486396626659795,0.14280354159617367,0.12320006160134718,0.14053557278432366,2
0.02099674940109253,-0.06613069772720337,0.04121496676097536,0.041634202003479004,-0.11447107791900635,0.054215898351770875,0.06821739673614502,-0.14735227823257446,0.062256963538033006,0.0889885425567627,-0.16859030723571777,0.06898033766637468,0.06546270847320557,-0.14425653219223022,0.00016875220907763833,0.11529052257537842,-0.20333248376846313,-0.006249513396966222,0.14239352941513062,-0.23616719245910645,-0.005267914770143989,0.16195303201675415,-0.2604697644710541,-0.002967931250083211,0.07553094625473022,-0.1175074577331543,-0.021445466591018203,0.14225739240646362,-0.17464816570281982,-0.03634672836770392,0.17936021089553833,-0.20321184396743774,-0.03978840486516333,0.20608168840408325,-0.2215099334716797,-0.039689911914962295,0.08498936891555786,-0.08064359426498413,-0.03699570001472807,0.15340274572372437,-0.1258258819580078,-0.0492869526277957,0.18840640783309937,-0.14988631010055542,-0.05118206368197775,0.2164178490638733,-0.16672837734222412,-0.05027862117995596,0.09313112497329712,-0.035147130489349365,-0.046851514292853835,0.1485515832901001,-0.05139577388763428,-0.05297413320650435,0.1784611940383911,-0.05722600221633911,-0.05080222935785628,0.2049809694290161,-0.06415462493896484,-0.04756672532667494,0.12296688788922282,0.07191192217616746,0.02970680687384155,0.0,0.1891883646810408,0.14690791338240428,0.11732711274047954,0.15654367041712142,0.12849627093957158,0.12744290855050125,2
0.009611368179321289,-0.06962358951568604,0.013990286237202554,0.0330965518951416,-0.12266820669174194,0.011098269804023175,0.06234562397003174,-0.1578236222267151,0.005528040195457606,0.08978486061096191,-0.1735379695892334,-0.0008408407796025585,0.04944285750389099,-0.14184969663619995,-0.019147356541253657,0.0984150767326355,-0.20496177673339844,-0.03118309894333038,0.12327295541763306,-0.240555077791214,-0.03447608047852668,0.1401134729385376,-0.2696418762207031,-0.03508367160091552,0.061691343784332275,-0.11913144588470459,-0.03334839412698898,0.1269945502281189,-0.17965978384017944,-0.044350960792399974,0.16361886262893677,-0.21266621351242065,-0.045998690219022365,0.18937808275222778,-0.23448163270950317,-0.04611526572833213,0.07546544075012207,-0.08550715446472168,-0.04488993951807174,0.14187824726104736,-0.13553422689437866,-0.05232351789007339,0.1767231822013855,-0.16370946168899536,-0.0528674847794548,0.20261305570602417,-0.18388020992279053,-0.05335851901898536,0.08712640404701233,-0.045338213443756104,-0.05460490057001266,0.13990074396133423,-0.06732398271560669,-0.05911150717864189,0.16982245445251465,-0.07952773571014404,-0.05690590435395393,0.19486063718795776,-0.0893012285232544,-0.054433894844152064,0.13124780864744368,0.07616624660771429,0.03162044307828167,0.0,0.18180726312338774,0.13620264409860905,0.10848469979056795,0.14837013228891313,0.11676018144468799,0.11330120715829327,2
0.006662607192993164,-0.06957846879959106,0.017047053487573294,0.02770259976387024,-0.12711316347122192,0.015924241678391127,0.04950219392776489,-0.16835862398147583,0.011911444650564817,0.06564277410507202,-0.20046836137771606,0.006334645026896624,0.05226331949234009,-0.15132856369018555,-0.016108125163640352,0.09499049186706543,-0.22045958042144775,-0.027259561879958483,0.11758661270141602,-0.2581865191459656,-0.02945855045172152,0.1337488293647766,-0.2865065336227417,-0.029565140320386263,0.06272125244140625,-0.1296810507774353,-0.03261532233509001,0.12487366795539856,-0.19791769981384277,-0.046294800652589174,0.15947747230529785,-0.2346268594264984,-0.050232656015481325,0.18547147512435913,-0.2578275501728058,-0.0513606515661138,0.07083401083946228,-0.09509021043777466,-0.046037967963542314,0.1361229419708252,-0.14956414699554443,-0.05823747785242972,0.17127424478530884,-0.17936891317367554,-0.061405770196046205,0.19857686758041382,-0.20237773656845093,-0.06289451540860114,0.07545134425163269,-0.050070106983184814,-0.05665843905362067,0.1258588433265686,-0.07255589962005615,-0.0648620274797338,0.15450143814086914,-0.08487272262573242,-0.06378887565287528,0.17645502090454102,-0.09768557548522949,-0.062032982422437044,0.14356470342005997,0.08258596665863825,0.03593819088540196,0.0,0.19144724929031376,0.1451083186280424,0.10973149887932195,0.16276465888806502,0.13284951684970647,0.13294780525352762,2
0.011981159448623657,-0.07575112581253052,0.022765560986073297,0.03132447600364685,-0.13530254364013672,0.02215575517860202,0.04970604181289673,-0.17740923166275024,0.018008190186293405,0.06299489736557007,-0.2127823829650879,0.011677361072571557,0.06082203984260559,-0.16679292917251587,-0.019424644319741446,0.0979679524898529,-0.23540902137756348,-0.034661927281348426,0.11604389548301697,-0.2782604396343231,-0.04041658064576836,0.13007071614265442,-0.3130890727043152,-0.04473306333872529,0.06976693868637085,-0.14257651567459106,-0.04188654294463845,0.1299169361591339,-0.21010452508926392,-0.06516888832899781,0.16270768642425537,-0.25083744525909424,-0.07611475235077592,0.18809208273887634,-0.28005102276802063,-0.08297649121138306,0.0728236734867096,-0.10561919212341309,-0.05998768380138131,0.13464981317520142,-0.15751677751541138,-0.07820628678652497,0.16906490921974182,-0.18843483924865723,-0.08355564719292374,0.19828754663467407,-0.21485280990600586,-0.08784230148646088,0.0730380117893219,-0.058399081230163574,-0.074652143774955,0.11491140723228455,-0.08143377304077148,-0.0906029055103943,0.14163056015968323,-0.09715455770492554,-0.09416397756191941,0.16487285494804382,-0.11775720119476318,-0.09644077813479157,0.14621890060135592,0.08370269464636138,0.037786949003033955,0.0,0.20336880256882697,0.15769432502532343,0.12066730075317782,0.17229635400804297,0.1420365294185269,0.1353084905464933,2
0.009287834167480469,-0.07420206069946289,0.020776348333072292,0.029528290033340454,-0.13766849040985107,0.020673958729219066,0.05243644118309021,-0.17749816179275513,0.016570150996756183,0.07186567783355713,-0.2032812535762787,0.009970121230196582,0.041571617126464844,-0.17210710048675537,-0.01992610641269721,0.07990282773971558,-0.2531219720840454,-0.036778772105265034,0.09791916608810425,-0.3009271025657654,-0.043601432670641316,0.11008113622665405,-0.33709394931793213,-0.047712562461185826,0.047171980142593384,-0.1547105312347412,-0.041249448288965596,0.10084569454193115,-0.24153760075569153,-0.06153125860242881,0.12956222891807556,-0.2903411388397217,-0.07091751121430434,0.151426762342453,-0.32574206590652466,-0.07616894118933715,0.053654253482818604,-0.12239855527877808,-0.059070335556555165,0.11053210496902466,-0.19935068488121033,-0.07938389651923217,0.1412528157234192,-0.23983493447303772,-0.08889500968604125,0.16601315140724182,-0.2727236747741699,-0.09455308489947356,0.06299930810928345,-0.07783573865890503,-0.07342387907652892,0.1093575656414032,-0.11568135023117065,-0.09218193017392196,0.13708460330963135,-0.13757389783859253,-0.09863976560978926,0.1603822410106659,-0.15833687782287598,-0.10197397493271865,0.14344833408452726,0.07808642068938527,0.03228409916255132,0.0,0.21507969381264788,0.16968714230149234,0.1391627062177322,0.178256384991187,0.14603635412052504,0.11698716443325306,2
0.03783181309700012,-0.06484168767929077,-0.02193735617814241,0.043010562658309937,-0.13715708255767822,-0.03316520418641744,0.03804859519004822,-0.2070612907409668,-0.042290164936758856,0.047480612993240356,-0.25855183601379395,-0.05216242637155233,0.004007101058959961,-0.18761515617370605,-0.03104849610147653,-0.006262332201004028,-0.2811020612716675,-0.05043905120012937,-0.016512304544448853,-0.3341454267501831,-0.0621594254266995,-0.023818224668502808,-0.37522757053375244,-0.07055867354986844,-0.027931198477745056,-0.17687422037124634,-0.03206495087263761,-0.04896709322929382,-0.2623981237411499,-0.05478019531486211,-0.06518484652042389,-0.31605982780456543,-0.07089309285996137,-0.0740714967250824,-0.3613691031932831,-0.08171377222654996,-0.05166532099246979,-0.15029197931289673,-0.03465914245364843,-0.07858844101428986,-0.22428938746452332,-0.05535703044054685,-0.09396210312843323,-0.2720230221748352,-0.06938130300162015,-0.10096040368080139,-0.31529489159584045,-0.07899629216311155,-0.07007691264152527,-0.10804343223571777,-0.03854889314291654,-0.10486006736755371,-0.14579415321350098,-0.06078688691971479,-0.12652750313282013,-0.1744168996810913,-0.07416259389040647,-0.14353033900260925,-0.2057514786720276,-0.08255908529875455,0.1939503052516621,0.12147702464527163,0.052347294221695886,0.0,0.24727240861191624,0.17918538182216726,0.13673606429061588,0.19074017928815248,0.15920523172067438,0.15891667561338665,2
0.037119150161743164,-0.07384616136550903,-0.013642827713510997,0.038457274436950684,-0.14386165142059326,-0.01789490293117524,0.02969929575920105,-0.21376433968544006,-0.02165751877578259,0.043836891651153564,-0.255796879529953,-0.026099411503992087,-0.011084839701652527,-0.20017045736312866,-0.013715211035332686,-0.02301609516143799,-0.28330251574516296,-0.02714058543892861,-0.035132914781570435,-0.3306960463523865,-0.03598782020958424,-0.04463697969913483,-0.3690096139907837,-0.04349011156114102,-0.04447178542613983,-0.19188934564590454,-0.017921555520615584,-0.07513892650604248,-0.2735337018966675,-0.040085237206540114,-0.09895583987236023,-0.32364600896835327,-0.05632553222926617,-0.11603975296020508,-0.36860305070877075,-0.06642965945752621,-0.06755024194717407,-0.16516470909118652,-0.02341421853157044,-0.10725545883178711,-0.23479914665222168,-0.04466442737134457,-0.13335157930850983,-0.2771480679512024,-0.0588698160961485,-0.15290755778551102,-0.3197389841079712,-0.06723921719344617,-0.08306612074375153,-0.11941158771514893,-0.0295358744576788,-0.13018116354942322,-0.15925264358520508,-0.05017438131721974,-0.15710382163524628,-0.18252158164978027,-0.06167798090132237,-0.18085524439811707,-0.21070131659507751,-0.06839307370933057,0.18207468767315094,0.11206442599355848,0.04434643191266599,0.0,0.23999220845673352,0.1721248879248988,0.14368280744684084,0.2126379475846302,0.1956675081565956,0.20687428820905338,2
0.020056724548339844,-0.07363706827163696,-0.0270232546507998,0.020950183272361755,-0.15005850791931152,-0.04593523288068013,0.012128829956054688,-0.2138097882270813,-0.06290013784465032,0.006178051233291626,-0.276070773601532,-0.0815004005461617,-0.03400471806526184,-0.17388492822647095,-0.03968197548684316,-0.07152554392814636,-0.24034428596496582,-0.06258422577676015,-0.09778333455324173,-0.2800101339817047,-0.07771745020446019,-0.11935076862573624,-0.31309008598327637,-0.08916856789883809,-0.054122194647789,-0.1469811201095581,-0.04213010588583188,-0.10683178156614304,-0.19621747732162476,-0.06573398852643209,-0.14380503445863724,-0.2280118465423584,-0.08329058879908757,-0.17444269359111786,-0.2548275589942932,-0.09663376653489308,-0.06618157029151917,-0.11049413681030273,-0.04701716521677213,-0.11967658996582031,-0.14859306812286377,-0.07044967705306249,-0.15720468759536743,-0.17884612083435059,-0.08525927806195455,-0.1884927600622177,-0.20592206716537476,-0.09604280883368688,-0.07162077724933624,-0.06776309013366699,-0.053725343885986376,-0.11875499039888382,-0.08549147844314575,-0.077521261516182,-0.15212596952915192,-0.10434204339981079,-0.09096437388953404,-0.18296371400356293,-0.12433826923370361,-0.09983968431052404,0.2029089022851797,0.12687516300421545,0.0625447205382265,0.0,0.21508987086689849,0.16475273098127274,0.13087365703004344,0.1910271994178439,0.18186568567977207,0.2069240580143304,2
0.02181297540664673,-0.09268999099731445,0.0014291233007384108,0.018600821495056152,-0.17171120643615723,-0.015026705609955116,0.010742396116256714,-0.23653000593185425,-0.034384551728464885,0.0006686747074127197,-0.29791247844696045,-0.05933321946332626,-0.0037902891635894775,-0.19225919246673584,-0.06194807150433235,-0.0398993045091629,-0.2729860544204712,-0.09583983504245452,-0.06300747394561768,-0.3208903670310974,-0.11681678825090103,-0.07836326956748962,-0.35979515314102173,-0.13304313951203994,-0.014519169926643372,-0.16552990674972534,-0.08568192207286529,-0.06855633854866028,-0.23625051975250244,-0.12799870901773147,-0.10385674238204956,-0.28232595324516296,-0.1584081643171089,-0.12999671697616577,-0.31427550315856934,-0.18235176735589675,-0.02133500576019287,-0.12180012464523315,-0.10578810357520751,-0.08044546842575073,-0.17106634378433228,-0.14612287216851882,-0.11903825402259827,-0.20366531610488892,-0.17546039753625564,-0.14827866852283478,-0.22856366634368896,-0.19834029608438186,-0.024546027183532715,-0.07105159759521484,-0.1230005540795105,-0.06586101651191711,-0.077273428440094,-0.16245229476163559,-0.09197807312011719,-0.08536243438720703,-0.18618096345136337,-0.11553853750228882,-0.09565258026123047,-0.20440539651582412,0.20630887234212622,0.12746890972138397,0.062203599534840184,0.0,0.21160719733426833,0.1520990340976605,0.10037685810565243,0.1607851370403087,0.13168596417817544,0.16430023979131622,2
0.01867261528968811,-0.07154524326324463,0.0009197540353937939,0.01588594913482666,-0.14420264959335327,-0.009129360434044997,0.007312506437301636,-0.1991150975227356,-0.02128094260059754,-0.001776576042175293,-0.2478603720664978,-0.03691481437944333,0.02204948663711548,-0.16718655824661255,-0.04227089148425023,0.017675548791885376,-0.23284733295440674,-0.06886189442538182,0.016928791999816895,-0.27076882123947144,-0.08545408409499089,0.017689794301986694,-0.30636364221572876,-0.09813322138451497,0.009849369525909424,-0.15016978979110718,-0.061390116926659744,-0.024408549070358276,-0.23713195323944092,-0.08892781299017827,-0.046834707260131836,-0.2860984802246094,-0.10856448125504414,-0.06634140014648438,-0.3206833600997925,-0.12488780182265202,-0.003287792205810547,-0.11760371923446655,-0.07900596421622197,-0.03956761956214905,-0.18033570051193237,-0.10899877559803883,-0.06638190150260925,-0.21792471408843994,-0.13025282334946553,-0.08911612629890442,-0.2460278868675232,-0.1464635581936733,-0.015286117792129517,-0.07663094997406006,-0.09463352721594731,-0.04166099429130554,-0.1006268858909607,-0.12669067096375386,-0.06156879663467407,-0.11883926391601562,-0.14560730766915242,-0.08147653937339783,-0.1359441876411438,-0.15961827349327962,0.17749702552728852,0.10515173904385833,0.04958541328521409,0.0,0.16217102511133485,0.10774942432417675,0.06165689087628379,0.14213986218178673,0.0973231940377922,0.08735877197541282,2
0.01265689730644226,-0.05453521013259888,0.004093881220661899,0.011076092720031738,-0.10702985525131226,0.000327155973401716,-0.002764761447906494,-0.1430993676185608,-0.006076792730844716,-0.015529453754425049,-0.17076951265335083,-0.014969978491670588,0.03678193688392639,-0.13312315940856934,-0.010826352993852595,0.02669525146484375,-0.1945468783378601,-0.02354338673026035,0.01776638627052307,-0.23477298021316528,-0.03424809222192238,0.010401010513305664,-0.26823705434799194,-0.04298013170332382,0.030622035264968872,-0.125654935836792,-0.023941225382394293,0.018055379390716553,-0.19296252727508545,-0.03700437863439987,0.006839364767074585,-0.2369687557220459,-0.049573008912510375,-0.003929942846298218,-0.2730543613433838,-0.05979600270361374,0.01831313967704773,-0.10888403654098511,-0.03638562654227684,0.00710722804069519,-0.17168855667114258,-0.05024874677032898,-0.003936082124710083,-0.21384990215301514,-0.062241462069458464,-0.014273375272750854,-0.24965053796768188,-0.0720079811391301,0.0014387667179107666,-0.08623504638671875,-0.04778216500849197,-0.006102621555328369,-0.12000530958175659,-0.062239428060955504,-0.012439250946044922,-0.14176827669143677,-0.06948315073818634,-0.019367128610610962,-0.15846508741378784,-0.07519549598068664,0.11960302449608931,0.0690695231555404,0.030472517059252094,0.0,0.16120861260051325,0.1258283679911962,0.10085787357036963,0.12996021715013384,0.10294046301066792,0.07889102539447856,2
0.02052462100982666,-0.07642549276351929,0.01599507203371786,0.05481225252151489,-0.13393592834472656,0.017196675595357647,0.09675902128219604,-0.17686688899993896,0.01765840111346506,0.12108045816421509,-0.21926605701446533,0.01587346179456972,0.09337687492370605,-0.1253974437713623,-0.03173235820560194,0.1677088737487793,-0.17513728141784668,-0.0457058662357781,0.20723038911819458,-0.20696347951889038,-0.0484214575770352,0.23720431327819824,-0.23338580131530762,-0.049016628581568966,0.10329705476760864,-0.08477973937988281,-0.04651107655791975,0.1940155029296875,-0.11740070581436157,-0.06720583530096746,0.2461032271385193,-0.14453470706939697,-0.0771113673034165,0.2832414507865906,-0.16404730081558228,-0.08259735645680166,0.10563945770263672,-0.037952303886413574,-0.0561843106332276,0.19148999452590942,-0.04924166202545166,-0.07761802168516851,0.2432209849357605,-0.06015443801879883,-0.08985690416722036,0.28332483768463135,-0.06944817304611206,-0.09623890014319159,0.09929108619689941,0.008647561073303223,-0.0615737961414311,0.16303998231887817,0.027226805686950684,-0.07926930876402594,0.19723469018936157,0.0425797700881958,-0.08474010618357397,0.22614699602127075,0.0512467622756958,-0.08655131997494436,0.17468515443891772,0.1080402977499478,0.04887966591876495,0.0,0.207742968740062,0.15139110770832825,0.11697913021413059,0.18692254640646744,0.1713046951032744,0.22083622221619312,2
0.024122297763824463,-0.07188773155212402,0.013871646126290216,0.060662806034088135,-0.1239662766456604,0.014258076076885118,0.09982460737228394,-0.16485226154327393,0.013468376932223691,0.12165814638137817,-0.20562207698822021,0.010517348175426378,0.0954318642616272,-0.11918765306472778,-0.026933943281392203,0.1686561107635498,-0.1622139811515808,-0.04107072706005965,0.20875006914138794,-0.19055914878845215,-0.044281774560431586,0.23910444974899292,-0.21319568157196045,-0.04514866451404487,0.10485833883285522,-0.08031672239303589,-0.04133795330903922,0.1929437518119812,-0.11026513576507568,-0.06213946769616996,0.24524080753326416,-0.13529717922210693,-0.07289925346753989,0.28401845693588257,-0.15386974811553955,-0.0786922437944213,0.10695797204971313,-0.03547710180282593,-0.05138342956684028,0.19046765565872192,-0.046794593334198,-0.07252644131563102,0.240533709526062,-0.057745158672332764,-0.08428999910734092,0.28031057119369507,-0.06729882955551147,-0.09037372599027549,0.10039812326431274,0.01052635908126831,-0.05774709711454307,0.1594368815422058,0.028247535228729248,-0.0755375636615554,0.19261550903320312,0.04163175821304321,-0.08147221187732612,0.22138875722885132,0.0486987829208374,-0.08359316865585242,0.16552376540777297,0.10192203527042491,0.0462480407917635,0.0,0.1995076612944441,0.1474312068476376,0.1176902445451986,0.18452097392504727,0.17040884362937625,0.21048494644310844,2
0.02468562126159668,-0.07103598117828369,0.022798883275925164,0.058159828186035156,-0.12305819988250732,0.027664691688357834,0.09422075748443604,-0.16250079870224,0.030159179599820618,0.11010003089904785,-0.20303136110305786,0.030335611211000924,0.09227055311203003,-0.12106329202651978,-0.019096014542640205,0.16228580474853516,-0.16184645891189575,-0.030443565441430565,0.20055091381072998,-0.1859481930732727,-0.03325290743833875,0.2292425036430359,-0.2055608630180359,-0.03398225222355222,0.09925264120101929,-0.08172982931137085,-0.03557425875789022,0.18414074182510376,-0.1114463210105896,-0.05275565896755552,0.23303598165512085,-0.13294470310211182,-0.06186309595233297,0.2689622640609741,-0.14940506219863892,-0.06705987964397764,0.10184258222579956,-0.0371248722076416,-0.04704737429148054,0.18452459573745728,-0.05025237798690796,-0.06513715301281309,0.2310132384300232,-0.06103438138961792,-0.07608121399408674,0.26784443855285645,-0.07079911231994629,-0.08196613703495359,0.098197340965271,0.00777125358581543,-0.05392601106888151,0.15775513648986816,0.02373296022415161,-0.06751091544157362,0.18927007913589478,0.03449815511703491,-0.07191520695215559,0.21732711791992188,0.039990246295928955,-0.07366128776794767,0.15722086914656014,0.09535979851843764,0.04353019426447106,0.0,0.18993675596361,0.14172170290607525,0.11916932151980143,0.17523153949905837,0.16766928478221738,0.20583650250694036,2
0.026458919048309326,-0.0662466287612915,0.04092188957596932,0.0590328574180603,-0.10787135362625122,0.05796973440314446,0.08887547254562378,-0.14257287979125977,0.06963666561509285,0.0956001877784729,-0.17962634563446045,0.07960836622382317,0.0999937653541565,-0.10805046558380127,0.0219329747882,0.15744692087173462,-0.14615398645401,0.026246575969111063,0.18887263536453247,-0.16863709688186646,0.03249504077697907,0.21399223804473877,-0.1832243800163269,0.03741092640424881,0.11133044958114624,-0.07191425561904907,0.0033845341343692326,0.18376082181930542,-0.0929943323135376,0.00045149023512180975,0.2220582365989685,-0.10245198011398315,0.001862035696234443,0.2505154013633728,-0.10783910751342773,0.0042886294935158276,0.11472195386886597,-0.03339338302612305,-0.010578224104989431,0.18467777967453003,-0.03607887029647827,-0.012647425425399206,0.2238890528678894,-0.03802955150604248,-0.012219061744559667,0.25535017251968384,-0.03918623924255371,-0.01146582853530731,0.11264443397521973,0.005257368087768555,-0.019471989614118,0.16546660661697388,0.015447854995727539,-0.015489012603808305,0.19403809309005737,0.024233877658843994,-0.010085659702468774,0.21903371810913086,0.030010998249053955,-0.006444973074991367,0.1327986266489855,0.0805353868047191,0.03765874567688298,0.0,0.17230928074351437,0.13155511954883842,0.11844671129948318,0.16532967526991416,0.17073995126244182,0.21270515063859458,2
0.026127874851226807,-0.07403630018234253,0.03041316748716838,0.06445848941802979,-0.1248939037322998,0.03974180289664275,0.104367196559906,-0.16459548473358154,0.04599502303757674,0.11841076612472534,-0.21098870038986206,0.05028587573328025,0.1100507378578186,-0.12329262495040894,-0.006596244935607842,0.1789926290512085,-0.16873157024383545,-0.015353393804943494,0.21651095151901245,-0.1955820918083191,-0.01668887591800683,0.2464427947998047,-0.21547555923461914,-0.016134174604630402,0.1193435788154602,-0.0809972882270813,-0.02436905733189576,0.20787352323532104,-0.10695075988769531,-0.04090750596365922,0.256754994392395,-0.1204649806022644,-0.046771127794599465,0.29377007484436035,-0.12942135334014893,-0.048850391124105386,0.12190037965774536,-0.0382351279258728,-0.03718326619706147,0.20624905824661255,-0.04744315147399902,-0.053650807653284005,0.25534844398498535,-0.05064362287521362,-0.06013939163527482,0.2957627773284912,-0.052247703075408936,-0.062109019671297006,0.11926507949829102,0.004498481750488281,-0.044750116829490594,0.1864093542098999,0.007540762424468994,-0.052449531917190484,0.22133398056030273,0.015532851219177246,-0.05123506492815011,0.25312042236328125,0.020276248455047607,-0.04948812357029908,0.1651426412057072,0.10160296340827288,0.04847218073340699,0.0,0.2032813904882293,0.15091142301514568,0.12811062512121746,0.19264129832857307,0.19340144585642735,0.23801773065552892,2
0.025070786476135254,-0.07869023084640503,0.019704858215504828,0.060180604457855225,-0.13809990882873535,0.02134393751805419,0.09364467859268188,-0.18243247270584106,0.020650744812542143,0.10842978954315186,-0.2283136248588562,0.017770009489709082,0.10010212659835815,-0.13606172800064087,-0.020320435611552057,0.17581462860107422,-0.18008404970169067,-0.03293424248511201,0.21683770418167114,-0.2068079113960266,-0.03720316067153817,0.24795347452163696,-0.22993844747543335,-0.03840332999641305,0.10839229822158813,-0.09292638301849365,-0.03623371720129853,0.2019428014755249,-0.1229962706565857,-0.0516655161958397,0.2542739510536194,-0.1406150460243225,-0.05869850292617684,0.29285699129104614,-0.1546887755393982,-0.06235754638726121,0.11342936754226685,-0.04517275094985962,-0.04794201031143075,0.20188909769058228,-0.05936771631240845,-0.061096643654650507,0.25251585245132446,-0.06595873832702637,-0.06748025268132096,0.29316550493240356,-0.07331538200378418,-0.07076198011452561,0.11393427848815918,0.0008921623229980469,-0.05599178895170098,0.18209069967269897,0.00294339656829834,-0.06183321550304299,0.21732652187347412,0.00799340009689331,-0.059951847044771966,0.24875277280807495,0.00980997085571289,-0.0579359061997593,0.17127721222664763,0.10230590609226084,0.04820456024802874,0.0,0.20902862940934885,0.1614559448885455,0.13953314559097021,0.20113492551790738,0.19857998686139397,0.2411467184693553,2
0.024046361446380615,-0.0758475661277771,0.01648878962586764,0.060061097145080566,-0.1347101330757141,0.01796290376077536,0.10021698474884033,-0.17458456754684448,0.018110345162853037,0.12173140048980713,-0.21346133947372437,0.016063268341525827,0.10437554121017456,-0.13061779737472534,-0.026012447617546286,0.1815279722213745,-0.17428213357925415,-0.039296993009344305,0.2239820957183838,-0.20260286331176758,-0.04326993688155767,0.2553137540817261,-0.2255433201789856,-0.044466526202455725,0.11252087354660034,-0.0873902440071106,-0.04048053636361715,0.20546650886535645,-0.11649709939956665,-0.056999926410213675,0.2592547535896301,-0.13512587547302246,-0.06522268890549299,0.2987341284751892,-0.1485530138015747,-0.06952986209799406,0.11449176073074341,-0.0378803014755249,-0.05047823577334043,0.20278793573379517,-0.049598097801208496,-0.06672339229990598,0.25464290380477905,-0.054998815059661865,-0.07662469982315656,0.2946494221687317,-0.060663461685180664,-0.08204129426886198,0.10831552743911743,0.010630667209625244,-0.056710128627315726,0.1714496612548828,0.02736586332321167,-0.06812746911455747,0.2059064507484436,0.03807699680328369,-0.07045684098412153,0.23543667793273926,0.04322260618209839,-0.07072467445541974,0.16875994035145161,0.10002489102104838,0.04443279734756518,0.0,0.2153468549112276,0.16325379728300998,0.13412762373545117,0.20021662803988266,0.18852866215997238,0.23075492124337404,2
0.0222417414188385,-0.08940237760543823,0.023809068783918974,0.05846783518791199,-0.15236300230026245,0.027378487348357794,0.10201752185821533,-0.18843668699264526,0.030385286494890806,0.1324668526649475,-0.219845712184906,0.03302509611825144,0.0980263352394104,-0.1638081669807434,-0.03032505610605085,0.17470961809158325,-0.2153363823890686,-0.04425772005339468,0.2167750597000122,-0.2504381537437439,-0.04856990376134718,0.24844777584075928,-0.28127914667129517,-0.050705433875521067,0.10376691818237305,-0.11498993635177612,-0.04655146697183454,0.19907552003860474,-0.15350520610809326,-0.0760371285082897,0.25382083654403687,-0.17646604776382446,-0.0907042073609432,0.2943297028541565,-0.19548815488815308,-0.09823344373722875,0.10902184247970581,-0.06170755624771118,-0.05546255880614126,0.19879162311553955,-0.07422500848770142,-0.07842405611296499,0.25304991006851196,-0.07874548435211182,-0.0863992991449436,0.2940601110458374,-0.08437365293502808,-0.08865550631304586,0.10787850618362427,-0.012705326080322266,-0.05928528034706915,0.17630535364151,-0.010596036911010742,-0.06622653180380667,0.19704604148864746,0.0006135702133178711,-0.06042660126109922,0.21095716953277588,0.006861269474029541,-0.05519107455035055,0.17077774645845423,0.10014874298233392,0.04374572676394666,0.0,0.22959039642361423,0.1733826450385795,0.1312464910521688,0.1924414148744937,0.16368528604868218,0.21086739907239213,2
0.023890137672424316,-0.04683339595794678,-0.018000964984736356,0.03273355960845947,-0.10889261960983276,-0.025754979789695653,0.029576212167739868,-0.15880179405212402,-0.032484513685545835,0.03171205520629883,-0.19908177852630615,-0.03967008458121768,-0.011956602334976196,-0.15217602252960205,-0.016259844392976674,-0.015539169311523438,-0.20988121628761292,-0.03144625292762271,-0.020572125911712646,-0.24642282724380493,-0.043073506072602186,-0.02541622519493103,-0.27545684576034546,-0.05118344815119258,-0.038731157779693604,-0.1436469554901123,-0.01809829564436427,-0.05981546640396118,-0.20599108934402466,-0.03222545699819079,-0.07281166315078735,-0.24466097354888916,-0.043641568139634046,-0.08309081196784973,-0.2746286392211914,-0.05126812399967662,-0.05856120586395264,-0.12200242280960083,-0.022440918699345502,-0.08679857850074768,-0.17524045705795288,-0.037952558115563306,-0.10495439171791077,-0.20970231294631958,-0.04941912458880893,-0.11892713606357574,-0.2392444610595703,-0.056726300135693464,-0.07283374667167664,-0.08950179815292358,-0.028131320119342718,-0.10415381193161011,-0.11682885885238647,-0.04415631012662402,-0.12530934810638428,-0.13657325506210327,-0.05264401899322024,-0.1433676928281784,-0.1562584638595581,-0.05738228650434962,0.15244917969142455,0.09019494363490962,0.04033657118206398,0.0,0.1764228979067053,0.12896731855836616,0.09537710058816827,0.16158501288606142,0.13743007848450642,0.1559012732940614,2
0.027884453535079956,-0.0510789155960083,-0.02256484915650958,0.03744968771934509,-0.11646205186843872,-0.03311715302206153,0.03596267104148865,-0.1738201379776001,-0.04178404090143317,0.03638488054275513,-0.21999555826187134,-0.050704058531295004,-0.008364498615264893,-0.17468047142028809,-0.022236291590701285,-0.015377283096313477,-0.24430769681930542,-0.038774688068400565,-0.02447649836540222,-0.2849999964237213,-0.05044923004842872,-0.032523125410079956,-0.31557217240333557,-0.05846989927030677,-0.03750127553939819,-0.1662040650844574,-0.022940038043628874,-0.06121939420700073,-0.2389228343963623,-0.038786772910128775,-0.07749573886394501,-0.28446638584136963,-0.05124725801087493,-0.08929097652435303,-0.31869181990623474,-0.05933422622419471,-0.059175461530685425,-0.14179015159606934,-0.026452869448434058,-0.09141074120998383,-0.20454415678977966,-0.04374494430757636,-0.11210016906261444,-0.24416223168373108,-0.05708234411812896,-0.1271178424358368,-0.2777176797389984,-0.06560662043429488,-0.0741860568523407,-0.10484367609024048,-0.031526327404748145,-0.10947039723396301,-0.13804686069488525,-0.05027451765872115,-0.13275468349456787,-0.1603330373764038,-0.06086834174729461,-0.15216323733329773,-0.18234533071517944,-0.06674531501866454,0.1691303917952645,0.1035389818398958,0.0461773505009983,0.0,0.2110474701972677,0.15742917003986454,0.11782700223268984,0.19151052308784383,0.15979791335347543,0.1733925711477697,2
0.03093785047531128,-0.048793792724609375,-0.018893240600164063,0.04362380504608154,-0.12013638019561768,-0.026994497164423592,0.04540199041366577,-0.18055689334869385,-0.03405575884812606,0.049562931060791016,-0.22728079557418823,-0.04123161046140922,0.007779359817504883,-0.1811148226261139,-0.017877054049904473,0.003983616828918457,-0.25408852100372314,-0.03432685939901603,-0.001866370439529419,-0.29930979013442993,-0.04610057233207954,-0.006729036569595337,-0.3323034346103668,-0.05401517508857978,-0.020924240350723267,-0.1750914752483368,-0.020205326958830483,-0.03836604952812195,-0.25222980976104736,-0.036055133327181466,-0.051415443420410156,-0.30488401651382446,-0.0485892934941603,-0.06090399622917175,-0.3427525758743286,-0.05657969100707305,-0.0431826114654541,-0.15299582481384277,-0.02526127046280635,-0.07030290365219116,-0.22105342149734497,-0.04259629605644477,-0.0866798460483551,-0.2663571536540985,-0.05560258088939918,-0.09720191359519958,-0.30225351452827454,-0.06360910145872367,-0.06048974394798279,-0.11854296922683716,-0.03169420419567359,-0.09283825755119324,-0.15509748458862305,-0.05057357309692634,-0.11448259651660919,-0.182027667760849,-0.06111446826093925,-0.13152867555618286,-0.20658329129219055,-0.06668461172216666,0.17945613339488062,0.10730889508626144,0.04690881011330876,0.0,0.2180602385530305,0.16045141557247203,0.11915762808072308,0.19392885867261647,0.1598019839381533,0.1648054253180564,2
0.03298625349998474,-0.04714477062225342,-0.014906551937428958,0.048085153102874756,-0.12105250358581543,-0.021877778011230475,0.05418732762336731,-0.1823338270187378,-0.02830249375369931,0.059235185384750366,-0.2287050187587738,-0.03561649775770093,0.01920837163925171,-0.18140065670013428,-0.02356492845979119,0.01651439070701599,-0.2610183656215668,-0.04229915818837071,0.013026446104049683,-0.31057190895080566,-0.05450197613504315,0.011208981275558472,-0.3475257158279419,-0.0625318579998293,-0.005224496126174927,-0.17752820253372192,-0.028462593692211158,-0.018761783838272095,-0.2569134831428528,-0.047825976523427016,-0.028951019048690796,-0.31380319595336914,-0.06219943544533635,-0.03604528307914734,-0.35551607608795166,-0.07132005623248006,-0.02712664008140564,-0.15525883436203003,-0.034894905301598556,-0.050387829542160034,-0.22625494003295898,-0.055152549656895644,-0.06377246975898743,-0.27375996112823486,-0.06881155005362416,-0.07224881649017334,-0.3124554753303528,-0.07723544469740773,-0.047181636095047,-0.1195671558380127,-0.04202082684901143,-0.0775633156299591,-0.15535926818847656,-0.06432978740599538,-0.09578174352645874,-0.1834891438484192,-0.07604663750794316,-0.11018064618110657,-0.20982542634010315,-0.08217503807213689,0.18344789485978277,0.10822840312483087,0.04664513148625845,0.0,0.2294558081895183,0.17069123698404867,0.1281595659057129,0.19527932667556694,0.15861718674735042,0.15589157041031076,2
0.03590834140777588,-0.05197542905807495,-0.009655275692608711,0.05535426735877991,-0.12151831388473511,-0.017142372516360638,0.06607332825660706,-0.17855548858642578,-0.0252756423628,0.07343965768814087,-0.2243376076221466,-0.03508008675035512,0.031693458557128906,-0.17623168230056763,-0.025781994996037838,0.0327775776386261,-0.2581726908683777,-0.04627650634702718,0.0298936665058136,-0.3106953203678131,-0.05875836343821561,0.028432220220565796,-0.34947192668914795,-0.06717585058268583,0.008401334285736084,-0.174146831035614,-0.03452214629706418,-0.0006479620933532715,-0.25830063223838806,-0.05643963844832456,-0.009027302265167236,-0.3164054751396179,-0.07208432288226163,-0.01552000641822815,-0.35851407051086426,-0.08246281774100339,-0.013913899660110474,-0.15363937616348267,-0.04402585731205022,-0.03029733896255493,-0.23061203956604004,-0.06674642891940152,-0.04137435555458069,-0.27907687425613403,-0.08177521110829389,-0.04983597993850708,-0.3166603446006775,-0.09164283455666578,-0.034623175859451294,-0.11983364820480347,-0.05343280763682401,-0.05553045868873596,-0.16063851118087769,-0.0773920196419624,-0.0694272518157959,-0.19103366136550903,-0.0900020825987724,-0.08214688301086426,-0.2181588113307953,-0.09745750607308423,0.17640102125863588,0.10439774187225244,0.04637095246697864,0.0,0.22953789711656852,0.17501223336642097,0.13298220646296924,0.1975919114529097,0.16098802760219602,0.1540141895912958,2
0.035961657762527466,-0.048056602478027344,-0.01324290366900982,0.05154117941856384,-0.11516916751861572,-0.02219232874048771,0.059113919734954834,-0.17018496990203857,-0.03130962656868519,0.06597280502319336,-0.21443656086921692,-0.041822287757526055,0.023486614227294922,-0.1751059889793396,-0.02753890821767868,0.017573177814483643,-0.2540228068828583,-0.04700929256213726,0.01182091236114502,-0.30087926983833313,-0.05921949775947155,0.007522106170654297,-0.33705228567123413,-0.06823149280680241,0.0002512633800506592,-0.17067307233810425,-0.0353810335887772,-0.013322770595550537,-0.24815142154693604,-0.05725743206275524,-0.024644792079925537,-0.30170321464538574,-0.07399027751816334,-0.032829612493515015,-0.34112006425857544,-0.08563341902626576,-0.021220028400421143,-0.1472812294960022,-0.044412627388368264,-0.04137417674064636,-0.21727558970451355,-0.06805580066574635,-0.05441203713417053,-0.26107197999954224,-0.08569371657503666,-0.06285995244979858,-0.2962273359298706,-0.09784666406048359,-0.0399211049079895,-0.11183524131774902,-0.053648192007671014,-0.06546881794929504,-0.14266973733901978,-0.08071953015459599,-0.08240678906440735,-0.16824692487716675,-0.09711814628971638,-0.09577032923698425,-0.19313198328018188,-0.10733684854639591,0.16906495649351863,0.10031095254365388,0.04477999118494414,0.0,0.22620742014959114,0.1746608608099421,0.13583482677529438,0.19409384225504384,0.1606568633396892,0.15260278596119145,2
0.040246427059173584,-0.05366569757461548,0.0031359648143762797,0.05677664279937744,-0.12416553497314453,0.002046536495711848,0.06197306513786316,-0.17847740650177002,-0.0017779962347930223,0.06559205055236816,-0.221574068069458,-0.007522478858206227,0.03362181782722473,-0.16850358247756958,-0.010258815409812883,0.0336039662361145,-0.2492603361606598,-0.023260375643346265,0.03102177381515503,-0.29821500182151794,-0.030824102619860128,0.029955893754959106,-0.3347187042236328,-0.03648644329068418,0.01433265209197998,-0.16679298877716064,-0.023526169518206075,0.012929320335388184,-0.2522435784339905,-0.03877775386926885,0.009613007307052612,-0.30724185705184937,-0.04973787085172887,0.008168011903762817,-0.3458510637283325,-0.057280063787672475,-0.005435585975646973,-0.15033620595932007,-0.036764551112625554,-0.012387007474899292,-0.22897806763648987,-0.0515782946443295,-0.01620537042617798,-0.27922749519348145,-0.05984547377583738,-0.017156541347503662,-0.31934642791748047,-0.06624422238228078,-0.02509292960166931,-0.12322109937667847,-0.04926587284562345,-0.039361804723739624,-0.17444884777069092,-0.0659651683366036,-0.04678773880004883,-0.21078193187713623,-0.07308504746315236,-0.05221053957939148,-0.24412691593170166,-0.07760150746462102,0.16981054594015085,0.09780661395747778,0.04324834440426864,0.0,0.2122545397882656,0.15948806343163746,0.11862396200494285,0.1758093424335556,0.13690249035248567,0.12808889027414802,2
0.04545748233795166,-0.015425562858581543,-0.024182871689703234,0.08372747898101807,-0.06256777048110962,-0.03624149109950281,0.1036829948425293,-0.10983806848526001,-0.04572776030531145,0.09656137228012085,-0.1490110158920288,-0.05548597197761751,0.0565112829208374,-0.13911032676696777,-0.026727641706969507,0.07204863429069519,-0.19936883449554443,-0.04801860894789911,0.07812005281448364,-0.2336147427558899,-0.06445849384894586,0.08306580781936646,-0.260312020778656,-0.07470936026206232,0.03478431701660156,-0.15466803312301636,-0.026042422985341318,0.04800039529800415,-0.23714947700500488,-0.04577397625675417,0.05490005016326904,-0.29236897826194763,-0.062051017542984255,0.060510873794555664,-0.33599787950515747,-0.07235899265637613,0.012989342212677002,-0.15562844276428223,-0.027927656432297,0.020948708057403564,-0.23486089706420898,-0.0466514050566218,0.0284670889377594,-0.2864379286766052,-0.059190285166408785,0.034231722354888916,-0.3282407820224762,-0.06628298457493997,-0.008796989917755127,-0.1439087986946106,-0.03148714896073557,-0.002151966094970703,-0.20381450653076172,-0.04652591865291811,0.0039015114307403564,-0.2432408332824707,-0.05278318445911623,0.009321391582489014,-0.27696773409843445,-0.05608047988047815,0.14302685352538763,0.08739075176690698,0.03981503882272224,0.0,0.1977453573019221,0.15187981669577855,0.11211620734259338,0.23024354965196445,0.1904303694396787,0.1897585158220227,2
-0.005167961120605469,-0.07318925857543945,0.03060770559865489,-0.0009956657886505127,-0.1317754089832306,0.038244183769407414,0.013363242149353027,-0.18355518579483032,0.04374980520266547,0.011704564094543457,-0.22868168354034424,0.04800303991693511,0.03570166230201721,-0.15614640712738037,-0.014703520910856582,0.07149872183799744,-0.23313072323799133,-0.022124288940844394,0.08830687403678894,-0.27756091952323914,-0.018673891538796283,0.10093995928764343,-0.310511976480484,-0.014302073383746006,0.05534026026725769,-0.13114264607429504,-0.030448925087270595,0.11189404129981995,-0.209780752658844,-0.05232815105658517,0.1407845914363861,-0.255329966545105,-0.057020530441818096,0.16193482279777527,-0.28643694519996643,-0.056468669662294246,0.07267686724662781,-0.0987221896648407,-0.039903123268899776,0.1304357349872589,-0.16070479154586792,-0.057970837095794536,0.159510999917984,-0.2031709849834442,-0.06206785548668847,0.18207833170890808,-0.2364526093006134,-0.061150562355337,0.08481535315513611,-0.0610581636428833,-0.0437930900250052,0.13648203015327454,-0.09705135226249695,-0.05210810560923562,0.16364118456840515,-0.11529466509819031,-0.051284898409662105,0.18570968508720398,-0.13449591398239136,-0.048858169803438045,0.15640516720557024,0.09773495734702432,0.04515697079815451,0.0,0.20576110473166448,0.15423264273791398,0.12107498749922636,0.18071571872603376,0.16094968430975992,0.1705508955657669,2
-0.0035963058471679688,-0.07516747713088989,0.029163900831548517,0.004617780447006226,-0.1415029764175415,0.03809665522894079,0.022843271493911743,-0.199131578207016,0.04464029900154287,0.01998502016067505,-0.24364739656448364,0.04972680664977247,0.03754046559333801,-0.16238191723823547,-0.01172814604470318,0.07627356052398682,-0.2472267746925354,-0.020239844849498922,0.09441143274307251,-0.2960025668144226,-0.019240284269841368,0.10612773895263672,-0.3339894413948059,-0.01671916425803488,0.058176636695861816,-0.13598310947418213,-0.0274845528660137,0.1225622296333313,-0.21976882219314575,-0.04270695888081377,0.15607821941375732,-0.26590123772621155,-0.04561240219155138,0.1792898178100586,-0.29744231700897217,-0.04507312171736544,0.07783997058868408,-0.1025649905204773,-0.03791940577903574,0.1388871669769287,-0.1738918125629425,-0.05018086724558657,0.16980677843093872,-0.2154901623725891,-0.05318333574214762,0.19469857215881348,-0.2476048767566681,-0.053385149618776495,0.09367352724075317,-0.06324326992034912,-0.04371440776267832,0.14767909049987793,-0.09958747029304504,-0.05097826563397234,0.17592072486877441,-0.11600476503372192,-0.05067637183347529,0.20084267854690552,-0.1337607502937317,-0.048835851183326895,0.17012219781274404,0.10329392345909028,0.044607484626674514,0.0,0.21761275439472397,0.15850219488530776,0.12482889515250443,0.18477154331237464,0.1681425348320284,0.17475836718531607,2
-0.0013260841369628906,-0.07813721895217896,0.015347578916276916,0.010249495506286621,-0.151859849691391,0.012798727843488678,0.028536349534988403,-0.20856919884681702,0.008619638513351902,0.028881877660751343,-0.25437596440315247,0.0019805928501739345,0.03380855917930603,-0.16672483086585999,-0.03185488527682878,0.06967291235923767,-0.253765344619751,-0.05058636760381319,0.08586224913597107,-0.3055621385574341,-0.05778552835849382,0.09637078642845154,-0.3475058078765869,-0.06172697862652399,0.05184707045555115,-0.14287340641021729,-0.04855686670211412,0.1087808609008789,-0.22772184014320374,-0.07326408719686128,0.1406543254852295,-0.27962297201156616,-0.08501924818423845,0.1648235321044922,-0.3181378245353699,-0.09145622199443437,0.06901973485946655,-0.10696190595626831,-0.06070047488478281,0.12383365631103516,-0.1822521686553955,-0.0815590271916733,0.15455108880996704,-0.22535675764083862,-0.08918506151107408,0.1797458529472351,-0.2616689205169678,-0.0930331224766121,0.08327311277389526,-0.061133623123168945,-0.06939360743430711,0.1276896595954895,-0.10160630941390991,-0.08568942045835115,0.15458077192306519,-0.12590456008911133,-0.08918537443545915,0.17732679843902588,-0.1511954963207245,-0.09019455557731249,0.178808882201375,0.10419558263355051,0.04580806872614008,0.0,0.2137620586172944,0.15461206989541396,0.11501269735138535,0.17486989411562948,0.1501522834339255,0.1510401478022278,2
0.004103273153305054,-0.0825149416923523,0.014560505772408305,0.011469632387161255,-0.15632176399230957,0.009871936427828132,0.021023333072662354,-0.20677953958511353,0.0014099804930651771,0.026358872652053833,-0.243105947971344,-0.009260501687947453,0.017769426107406616,-0.18569648265838623,-0.03194659107697362,0.037137895822525024,-0.27866846323013306,-0.055578439471844376,0.045835673809051514,-0.3350546061992645,-0.06737217956555241,0.051176518201828,-0.3799104392528534,-0.07562883102667683,0.024760276079177856,-0.163688063621521,-0.054993811038855256,0.05862671136856079,-0.2622157335281372,-0.0853318115450179,0.07781925797462463,-0.3228188753128052,-0.10197811478150243,0.09106063842773438,-0.36796101927757263,-0.11185091638338918,0.0360492467880249,-0.12591701745986938,-0.07449683451426381,0.07358384132385254,-0.2088339924812317,-0.10304670685303563,0.09293454885482788,-0.2537543773651123,-0.11726163232100362,0.10899433493614197,-0.2916271388530731,-0.12595134877932423,0.05213722586631775,-0.07764452695846558,-0.0909080570317542,0.08614575862884521,-0.10902857780456543,-0.11554277592671269,0.10105782747268677,-0.12102872133255005,-0.12377393895161504,0.1138906478881836,-0.13414150476455688,-0.12835328185332173,0.1621258246139333,0.08805216672275926,0.03671615351376623,0.0,0.22708705926552464,0.17573708485460532,0.13903734881472246,0.17574041520734554,0.14062399270883494,0.09582758262361701,2
0.01976218819618225,-0.08942723274230957,-0.02688729081947372,0.005288958549499512,-0.175548255443573,-0.046508938713856196,-0.017748400568962097,-0.2410683035850525,-0.06462557305295036,-0.03893640637397766,-0.3059867024421692,-0.08495875139433906,-0.045864567160606384,-0.20085126161575317,-0.048095398290939784,-0.09387659281492233,-0.271867573261261,-0.07931039173800514,-0.1290532946586609,-0.31649458408355713,-0.10008368332583473,-0.15607456117868423,-0.35535234212875366,-0.11497716297108695,-0.06548407673835754,-0.1733853816986084,-0.054862838878221964,-0.11771643161773682,-0.2440738081932068,-0.0863925038715081,-0.15408219397068024,-0.2952929139137268,-0.1100029467483239,-0.18182110786437988,-0.34133243560791016,-0.127364304556437,-0.07602593302726746,-0.13360226154327393,-0.06385571201045082,-0.13218159973621368,-0.18722331523895264,-0.09400515694815681,-0.16916430741548538,-0.22883319854736328,-0.11340091814000175,-0.19690191745758057,-0.2666517496109009,-0.1269651322503762,-0.07777416706085205,-0.08581042289733887,-0.07444332231480644,-0.12803784012794495,-0.11176550388336182,-0.10361475933987663,-0.1632901132106781,-0.1365618109703064,-0.11984407593209312,-0.19459110498428345,-0.1626935601234436,-0.13080191303689048,0.22437363686760622,0.1377318821407023,0.06828857957349138,0.0,0.24159407088701476,0.17942956326894635,0.12711535584939015,0.19228299313653527,0.14719157167795008,0.16278925396395788,2
0.025836944580078125,-0.0769919753074646,-0.026660291614547305,0.021684378385543823,-0.16369783878326416,-0.03588758608938747,0.0017518848180770874,-0.23461812734603882,-0.04366988143564754,-0.0019762814044952393,-0.28901612758636475,-0.05137291005493694,-0.05276079475879669,-0.21442663669586182,-0.0122945142412334,-0.08240172266960144,-0.2887287735939026,-0.029502211275115542,-0.10432007908821106,-0.33241963386535645,-0.04452316662909084,-0.12217709422111511,-0.368488609790802,-0.05499027869345241,-0.08622340112924576,-0.18933165073394775,-0.010979161734297804,-0.1334567815065384,-0.2577288746833801,-0.02447204678000503,-0.16382701694965363,-0.2981492877006531,-0.036403561147466235,-0.18677042424678802,-0.3320077955722809,-0.04456027052046352,-0.10731068253517151,-0.15207982063293457,-0.014059822211578421,-0.1541280597448349,-0.2035999894142151,-0.027317915248289637,-0.18302705883979797,-0.23646217584609985,-0.036094145985856585,-0.2051662802696228,-0.2671372890472412,-0.042218541862979464,-0.12037624418735504,-0.10070675611495972,-0.020289987462177805,-0.16116075217723846,-0.12094604969024658,-0.032822175087943606,-0.1867319941520691,-0.13733267784118652,-0.03806412047387653,-0.20830965042114258,-0.15688568353652954,-0.04090132391692691,0.21384063385908486,0.12753235013218137,0.05452560548521794,0.0,0.2502706199105646,0.18242724005940064,0.14409757398898387,0.2121919142954463,0.18972917209809606,0.20436452533312033,2
0.03000187873840332,-0.09660470485687256,-0.02205324971077971,0.02138805389404297,-0.17606377601623535,-0.03598893114326529,-0.0024973303079605103,-0.24849003553390503,-0.048769079679232163,-0.009916901588439941,-0.30831217765808105,-0.0619591181814485,-0.0484994500875473,-0.21259987354278564,-0.036827501440029664,-0.08562541007995605,-0.3052760064601898,-0.06227439322469763,-0.11109331250190735,-0.35557278990745544,-0.0775402715146356,-0.13101090490818024,-0.3984387516975403,-0.08917241596577696,-0.07957689464092255,-0.18816936016082764,-0.04186030157802634,-0.1395859345793724,-0.26366305351257324,-0.07757641428111128,-0.17527376860380173,-0.312028169631958,-0.10238366627095274,-0.20458944141864777,-0.3620723783969879,-0.11879006081221632,-0.09190410375595093,-0.1478661298751831,-0.047325909668188615,-0.1512901932001114,-0.2035008668899536,-0.07602582179902129,-0.1855945736169815,-0.2355380654335022,-0.09027737432120375,-0.21490177512168884,-0.2713925838470459,-0.09936668776867918,-0.09166261553764343,-0.09266775846481323,-0.05418539472816519,-0.1472446396946907,-0.11448436975479126,-0.08056338929532103,-0.17960964888334274,-0.12492430210113525,-0.09311275237200789,-0.21176300942897797,-0.13966459035873413,-0.10055183672307066,0.2154380724539124,0.13590305358814855,0.06028050038205747,0.0,0.2695850004233594,0.19748507876710253,0.15095216788139015,0.23182357512436322,0.2019592952736551,0.20828311209652564,2
0.026161134243011475,-0.08016157150268555,-0.020041521867767642,0.023206323385238647,-0.1690794825553894,-0.03171901055242188,0.012023210525512695,-0.23901349306106567,-0.042914316287294696,0.0035401582717895508,-0.29723304510116577,-0.05594129138256676,-0.025900691747665405,-0.2123979926109314,-0.0385832267310775,-0.0537080317735672,-0.30187681317329407,-0.06394669809009201,-0.07439729571342468,-0.3533076047897339,-0.07966193207170136,-0.08927616477012634,-0.3954482674598694,-0.09156559803153641,-0.05043470859527588,-0.1902903914451599,-0.04706268780495293,-0.09580519795417786,-0.2709980607032776,-0.07582140364314682,-0.1258632242679596,-0.3262704312801361,-0.09826586045886643,-0.14766357839107513,-0.37218838930130005,-0.11455773957635529,-0.06371761858463287,-0.14808660745620728,-0.05688829742933876,-0.11589203774929047,-0.21267497539520264,-0.08640746422673828,-0.1505974531173706,-0.2576828598976135,-0.10888733365203507,-0.17760184407234192,-0.2998325824737549,-0.1248629579749263,-0.06804580986499786,-0.09281802177429199,-0.0672980959024585,-0.11653095483779907,-0.11190539598464966,-0.09994084038402207,-0.15031111240386963,-0.1283077597618103,-0.11995599814321167,-0.18163146078586578,-0.1475178599357605,-0.13292702682878144,0.21824695462733562,0.1296537451963639,0.05883433024424873,0.0,0.25277487399018234,0.18636899440757665,0.13513363654542448,0.20793129524698314,0.16876277316094784,0.18116065413823393,2
0.03525558114051819,-0.07310658693313599,-0.00010904911660247762,0.04216340184211731,-0.15100747346878052,-0.005876979342886557,0.04336938261985779,-0.21755313873291016,-0.01415241930563127,0.036519765853881836,-0.2708083987236023,-0.0248621362440673,0.024301081895828247,-0.17553198337554932,-0.023780351056942095,0.026160329580307007,-0.2497314214706421,-0.04476861610937988,0.023248404264450073,-0.28848928213119507,-0.05750700786639129,0.024171948432922363,-0.3208656311035156,-0.06677123114396011,0.004870712757110596,-0.1678403615951538,-0.0394834461801139,-0.023139894008636475,-0.26115208864212036,-0.06340832218457138,-0.038547515869140625,-0.3210373818874359,-0.08169475153017913,-0.047393590211868286,-0.3658854365348816,-0.09499301716614639,-0.01127171516418457,-0.14159154891967773,-0.054634253978022684,-0.050600290298461914,-0.2168394923210144,-0.07977970644761001,-0.07181361317634583,-0.2625071406364441,-0.09734825000096237,-0.08508831262588501,-0.30215638875961304,-0.11015798851776992,-0.021142810583114624,-0.10422724485397339,-0.06859227970171844,-0.05774962902069092,-0.12825369834899902,-0.09469159647751724,-0.07862725853919983,-0.14232587814331055,-0.10836814299155151,-0.09463614225387573,-0.15970319509506226,-0.11772485032606994,0.1977058536013096,0.11993378305998315,0.05369394720559249,0.0,0.1708083315030088,0.10508098095844048,0.05155768719209575,0.17389763600597158,0.12681125519915334,0.12558352292732897,2
0.0416167676448822,-0.047619521617889404,-0.007045457578229275,0.059516459703445435,-0.10092902183532715,-0.015558890039997664,0.06741982698440552,-0.1444464921951294,-0.025933563682215777,0.06782975792884827,-0.17794615030288696,-0.03862771389164266,0.04103964567184448,-0.16268348693847656,-0.023534432026522722,0.044735848903656006,-0.23408842086791992,-0.043661180856602755,0.04418206214904785,-0.276458740234375,-0.05817172301091489,0.042367637157440186,-0.30981743335723877,-0.06824302670635518,0.01872098445892334,-0.1609097719192505,-0.03457745906986531,0.010793626308441162,-0.23945504426956177,-0.05570846048273381,0.001889735460281372,-0.29212814569473267,-0.07387795296587285,-0.0052745044231414795,-0.33381736278533936,-0.08652165529407796,-0.001585155725479126,-0.1411583423614502,-0.04589573663749036,-0.015430927276611328,-0.20769637823104858,-0.06871688363231954,-0.021828144788742065,-0.24806898832321167,-0.08573084321893987,-0.024435609579086304,-0.279587984085083,-0.0970353334871703,-0.018157482147216797,-0.10948503017425537,-0.05691301074899968,-0.02298438549041748,-0.13819152116775513,-0.07865513113416966,-0.018082857131958008,-0.1462070345878601,-0.08805942532696065,-0.012643426656723022,-0.15017449855804443,-0.09351608899511632,0.13293664281914347,0.07746450157829132,0.03350216614960679,0.0,0.20959115101277984,0.16725776632482017,0.13430694281599423,0.20284425662779887,0.1721629113798276,0.1372733055476621,2
0.04152365028858185,-0.057069480419158936,-0.014165290335114378,0.0598115473985672,-0.1339845061302185,-0.02275301672696628,0.06471692025661469,-0.2017735242843628,-0.03248666383504428,0.06539244949817657,-0.261963427066803,-0.04323964350103893,0.02994602918624878,-0.205530047416687,-0.01342638552367248,0.027378544211387634,-0.2958287000656128,-0.03352239884614505,0.026702240109443665,-0.34808337688446045,-0.04855915688156642,0.027499154210090637,-0.3893234133720398,-0.058664781676526445,0.002974778413772583,-0.2052261233329773,-0.021532516630287546,-0.002658069133758545,-0.30446457862854004,-0.0421183162200407,-0.008050918579101562,-0.3680492639541626,-0.06019798077821292,-0.01081666350364685,-0.418809711933136,-0.07260592438458957,-0.023466750979423523,-0.18975555896759033,-0.03248660050510921,-0.03276719152927399,-0.2844265103340149,-0.05260741867303409,-0.03750266134738922,-0.3448736071586609,-0.06786404706716098,-0.03904980421066284,-0.3917923867702484,-0.0779033244419054,-0.048709169030189514,-0.16076266765594482,-0.044514121191497225,-0.06410163640975952,-0.23312586545944214,-0.06351848848342456,-0.06967221200466156,-0.27997660636901855,-0.07365568138837375,-0.07300753146409988,-0.3192630410194397,-0.08006046123981037,0.206279540790054,0.12810054907118065,0.06019369349621109,0.0,0.25737530632330313,0.19120701610111943,0.13287764273744543,0.22980432768941045,0.17438057799220524,0.16662455742615023,2
0.016701549291610718,-0.059384703636169434,-0.018044254452476594,0.014513731002807617,-0.12783867120742798,-0.027400170162806603,0.0027714669704437256,-0.17893171310424805,-0.03618594509411821,-0.00763365626335144,-0.22626042366027832,-0.04532389593173036,-0.04291689395904541,-0.15994781255722046,-0.013096670330057236,-0.07597954571247101,-0.214438796043396,-0.02944948402095804,-0.0995313972234726,-0.24469056725502014,-0.04245604825068483,-0.11870622634887695,-0.26932257413864136,-0.051221868664512726,-0.06181609630584717,-0.1444472074508667,-0.015355856799075696,-0.10197573900222778,-0.20236384868621826,-0.030523570895681473,-0.1304074227809906,-0.23614627122879028,-0.04405647021580705,-0.15339107811450958,-0.26469072699546814,-0.053241020709762665,-0.0754917562007904,-0.11935240030288696,-0.020262730017790886,-0.11338678002357483,-0.1740020513534546,-0.035664858937749955,-0.1372886598110199,-0.20461022853851318,-0.04528573778320322,-0.15773876011371613,-0.2305387258529663,-0.051222233742961976,-0.08542944490909576,-0.08509248495101929,-0.02669563394833574,-0.1125115305185318,-0.1255282163619995,-0.0407955857818223,-0.12920629978179932,-0.14902633428573608,-0.046118265659103486,-0.1460852473974228,-0.16862547397613525,-0.04858792451072702,0.16864076661047006,0.10088284352954856,0.048458987117014275,0.0,0.19433283774347984,0.15141775897404483,0.1191279338745752,0.17816101972935763,0.15073856254831136,0.15016606165036334,2
0.022733569145202637,-0.0602717399597168,-0.015216387477963167,0.02456226944923401,-0.13209837675094604,-0.02123752575859328,0.0129946768283844,-0.1916859745979309,-0.026282908064573007,0.00620192289352417,-0.2409253716468811,-0.031483979565351206,-0.006152898073196411,-0.16707414388656616,-0.007181957499383884,-0.026364803314208984,-0.2319544553756714,-0.019802754414527612,-0.04460236430168152,-0.26990658044815063,-0.03077925522372027,-0.05983704328536987,-0.2973281145095825,-0.03815334070965548,-0.02650606632232666,-0.15232306718826294,-0.007724144165663915,-0.04941968619823456,-0.21947968006134033,-0.01790279489502211,-0.0694185346364975,-0.25978827476501465,-0.02787933651849528,-0.08583986759185791,-0.2889699935913086,-0.03501862813278933,-0.04331140220165253,-0.1290285587310791,-0.010640231562106806,-0.0633014589548111,-0.1906943917274475,-0.021498389211743074,-0.07660774886608124,-0.22537916898727417,-0.025430867118089395,-0.0879090428352356,-0.25133782625198364,-0.028008117941467958,-0.05639117956161499,-0.09910988807678223,-0.015100216162650781,-0.06776489317417145,-0.1438610553741455,-0.024916769606321054,-0.07215438783168793,-0.16528475284576416,-0.02502700653418799,-0.07681077718734741,-0.18152272701263428,-0.024056654093115526,0.1814084616812354,0.11036492714502032,0.04970573133717805,0.0,0.1855373553488926,0.12831492968412214,0.08684707511720315,0.13868110009031773,0.1038266675451829,0.09468523159027027,2
0.021620869636535645,-0.04157853126525879,-0.014911238811009753,0.03173688054084778,-0.09128814935684204,-0.023545625395172465,0.033088475465774536,-0.13225269317626953,-0.031038825175755846,0.029375672340393066,-0.1653091311454773,-0.038122470266216624,0.032810866832733154,-0.1403241753578186,-0.01565636020063721,0.033281415700912476,-0.19987446069717407,-0.029547408930056918,0.03158533573150635,-0.23640340566635132,-0.040852582789057124,0.029416799545288086,-0.26603037118911743,-0.04830200109540783,0.018657922744750977,-0.1389477252960205,-0.016565453968041766,0.021080374717712402,-0.20247721672058105,-0.02918773215174042,0.019717901945114136,-0.2403392791748047,-0.03943992290555798,0.018286943435668945,-0.2701958417892456,-0.04643798503934704,0.0032564401626586914,-0.13034898042678833,-0.019344583860629427,0.00891965627670288,-0.18655717372894287,-0.030278841740482676,0.011445194482803345,-0.22260040044784546,-0.03581916052758061,0.013410389423370361,-0.24840205907821655,-0.03927647951900326,-0.013466805219650269,-0.11621004343032837,-0.023559278584116328,-0.0097084641456604,-0.15667885541915894,-0.03157725442110859,-0.005096167325973511,-0.18331396579742432,-0.03335687030016743,-0.0006187558174133301,-0.20179659128189087,-0.03406422469674908,0.12397337743118271,0.07405863250910974,0.03326429013611929,0.0,0.17475762320055196,0.13382805512512796,0.10072124844031452,0.13873499053843572,0.1054712376830387,0.08461279413336956,2
-0.001770108938217163,-0.06958717107772827,0.011196308887576834,0.006014019250869751,-0.1314215064048767,0.002912512167370096,0.018751323223114014,-0.18178564310073853,-0.0073749826969446985,0.03302928805351257,-0.22045975923538208,-0.019576265358352885,0.017229139804840088,-0.14527225494384766,-0.032428986274624094,0.059326171875,-0.21542775630950928,-0.05046384304108642,0.08489036560058594,-0.25450512766838074,-0.05689975514354728,0.10404497385025024,-0.28182172775268555,-0.05885128944458984,0.027477771043777466,-0.12374919652938843,-0.04714978008809112,0.07764047384262085,-0.20363473892211914,-0.0636118826204779,0.10549604892730713,-0.24926769733428955,-0.06526504724564575,0.12504732608795166,-0.27989333868026733,-0.06465260952057861,0.04090982675552368,-0.09355676174163818,-0.058789874308729395,0.08711087703704834,-0.17101609706878662,-0.07023303478302978,0.11142194271087646,-0.21114623546600342,-0.06679801910462402,0.1290498971939087,-0.24117568135261536,-0.06379770755114578,0.05552858114242554,-0.05614966154098511,-0.06855502247157119,0.08640778064727783,-0.11039620637893677,-0.07521149783673309,0.10180258750915527,-0.14496314525604248,-0.07041442661824249,0.11327272653579712,-0.17346256971359253,-0.06574306159558319,0.1548338977368232,0.09304641430806479,0.04122556898932985,0.0,0.1795279773214629,0.13146187686852598,0.09385370962034217,0.14465116714692305,0.10954300383565792,0.0982298671935374,2
-0.0024860799312591553,-0.06980478763580322,0.009046257387524292,0.005435347557067871,-0.13469350337982178,0.0015130298283452248,0.022005289793014526,-0.18768233060836792,-0.007020407442325904,0.03566053509712219,-0.2280256152153015,-0.01757145588504727,0.020821303129196167,-0.14404761791229248,-0.03741909665274079,0.077857106924057,-0.2035173773765564,-0.05401704562115128,0.10896959900856018,-0.23503509163856506,-0.05824281004476006,0.12958142161369324,-0.2598363757133484,-0.05890308794784005,0.03466823697090149,-0.11507046222686768,-0.05032079023527558,0.09849831461906433,-0.18384939432144165,-0.06627114591407235,0.13371357321739197,-0.22225189208984375,-0.06784115460919793,0.15706810355186462,-0.25174713134765625,-0.06765202907132561,0.050906985998153687,-0.08148735761642456,-0.05994862792300637,0.10684844851493835,-0.14963644742965698,-0.07095979628371651,0.13788822293281555,-0.18610435724258423,-0.07038204101132806,0.15898796916007996,-0.21660995483398438,-0.06951954690026696,0.0674600899219513,-0.044689297676086426,-0.06769428876447137,0.10718277096748352,-0.09787487983703613,-0.07537370649384911,0.12896594405174255,-0.1289064884185791,-0.07378062335061486,0.1461997926235199,-0.15426498651504517,-0.07151113179730828,0.16275439938159847,0.09810425608250618,0.042591622852286334,0.0,0.17627531364192336,0.12953312457634764,0.09916177392283135,0.149486662797129,0.1237033063653132,0.12385464583331046,2
-0.0019312500953674316,-0.06845831871032715,0.0051430527632874146,0.008717954158782959,-0.1310129165649414,-0.0052807113574999676,0.026780903339385986,-0.17967301607131958,-0.015794871510024677,0.04015398025512695,-0.2208513617515564,-0.028270771862025867,0.032563209533691406,-0.1361963152885437,-0.04592328718399585,0.09103459119796753,-0.19370132684707642,-0.06499191573357166,0.12318193912506104,-0.22444108128547668,-0.0698710029432732,0.1447041630744934,-0.24867790937423706,-0.07049291035627903,0.04552572965621948,-0.10418522357940674,-0.05753942778801502,0.11235493421554565,-0.17060422897338867,-0.07660164883827747,0.1490662693977356,-0.20835191011428833,-0.07807292243933261,0.1740570068359375,-0.23676306009292603,-0.07728025516962589,0.05881458520889282,-0.0686417818069458,-0.06596286794638218,0.11975711584091187,-0.13506513833999634,-0.0798160826275307,0.15215402841567993,-0.17195969820022583,-0.07906095883345188,0.1752547025680542,-0.20227563381195068,-0.07744930884337009,0.07113838195800781,-0.03030306100845337,-0.07259870520329059,0.11549580097198486,-0.08173960447311401,-0.08233171901201786,0.14046669006347656,-0.11368435621261597,-0.08108768811916889,0.1599704623222351,-0.13984370231628418,-0.0787121375510651,0.15809745785755103,0.09517967204334361,0.04329544247557013,0.0,0.17982574773396284,0.13662931781393273,0.10818991394839106,0.1579541825578415,0.1348451062204632,0.13637178167773906,2
-0.0008850693702697754,-0.06777840852737427,0.01100998246238305,0.012538731098175049,-0.12716007232666016,0.006139141648418445,0.03090691566467285,-0.17259949445724487,-0.0005821784479849157,0.03866732120513916,-0.21197831630706787,-0.009237001043402415,0.04470086097717285,-0.13500523567199707,-0.026650729913853866,0.10004222393035889,-0.19201910495758057,-0.03961840770080016,0.13062047958374023,-0.2196725606918335,-0.042306439344429236,0.15269845724105835,-0.2407909631729126,-0.04158846041991637,0.05958610773086548,-0.10623645782470703,-0.03941501057579444,0.12451702356338501,-0.16877436637878418,-0.05280144265725539,0.16136270761489868,-0.20361751317977905,-0.053110388432287436,0.18735826015472412,-0.22795063257217407,-0.051237893615507346,0.07278567552566528,-0.07308882474899292,-0.04936792454554961,0.13404595851898193,-0.13320541381835938,-0.05824409178330825,0.16675597429275513,-0.16659897565841675,-0.056458582494997245,0.190396249294281,-0.19427144527435303,-0.05392312384083198,0.08313316106796265,-0.03642535209655762,-0.05743953711225913,0.1319907307624817,-0.08700692653656006,-0.06186594194605277,0.1580590009689331,-0.1155843734741211,-0.057809346680187446,0.17779481410980225,-0.14020216464996338,-0.053417795662426215,0.14952593421845536,0.08875155059432885,0.04013621188443919,0.0,0.1804348308585706,0.13958243444342244,0.11761491659248915,0.16595412523755673,0.14954634804160807,0.15275863609252727,2
0.001341104507446289,-0.06492674350738525,0.009782393642467468,0.019028007984161377,-0.11383229494094849,0.005234957386505812,0.04582244157791138,-0.14293760061264038,-0.0010632353902337854,0.07075810432434082,-0.15670543909072876,-0.009092401533621342,0.048815906047821045,-0.12812399864196777,-0.02468993683089593,0.10623830556869507,-0.18125474452972412,-0.03672147151758054,0.13781219720840454,-0.20695877075195312,-0.03872834500600675,0.16036784648895264,-0.22552788257598877,-0.037767361670034916,0.06353157758712769,-0.0999113917350769,-0.036888096302050144,0.13015234470367432,-0.1591828465461731,-0.049951892166632206,0.16772538423538208,-0.19183748960494995,-0.05114564654161313,0.19417142868041992,-0.21423056721687317,-0.049572650163668186,0.07624924182891846,-0.06541818380355835,-0.04643823933531621,0.13871723413467407,-0.12321913242340088,-0.055440820574062855,0.17227870225906372,-0.15413647890090942,-0.05459249746729711,0.1968228816986084,-0.17885637283325195,-0.05229482781817296,0.08460074663162231,-0.0269128680229187,-0.05426064115692952,0.13350820541381836,-0.07449549436569214,-0.05888343211938718,0.1598445177078247,-0.09995615482330322,-0.055034886866110355,0.18029755353927612,-0.12096476554870605,-0.05040416848589757,0.11507410145883726,0.06718712195541705,0.02848404207556224,0.0,0.18014675752201992,0.14121545404459027,0.11298864818241705,0.16459073200387833,0.13616162820173722,0.12799606228353003,2
0.016134411096572876,-0.08007806539535522,-0.018772398569012694,0.007622092962265015,-0.1467403769493103,-0.030727831162835173,-0.007298678159713745,-0.20534229278564453,-0.04180264610829454,-0.022820115089416504,-0.2527593970298767,-0.053817836083794646,-0.05023328959941864,-0.17075496912002563,-0.028158146404052786,-0.08099651336669922,-0.24239909648895264,-0.048608658351326994,-0.10087330639362335,-0.28251761198043823,-0.06212134797158342,-0.11533062160015106,-0.3175310790538788,-0.072380391396905,-0.07497067749500275,-0.14924734830856323,-0.033258554973031096,-0.11857408285140991,-0.2119985818862915,-0.059902561344529204,-0.14608468115329742,-0.2508190870285034,-0.08216641608657937,-0.16658912599086761,-0.29112446308135986,-0.09800118718328577,-0.08577735722064972,-0.1149396300315857,-0.039259572960759215,-0.13476276397705078,-0.16396141052246094,-0.06339885059776407,-0.16456009447574615,-0.1912197470664978,-0.08110747996749978,-0.18776243925094604,-0.22136378288269043,-0.09367234025182825,-0.08564206957817078,-0.06861841678619385,-0.04607829589429002,-0.13040412962436676,-0.08393418788909912,-0.07103212688150506,-0.1595558375120163,-0.09410923719406128,-0.0862348950284968,-0.18826785683631897,-0.10965019464492798,-0.09642757240715127,0.17702061293941596,0.11030304007553647,0.049892852987889175,0.0,0.2104443725634839,0.1557473099859429,0.11293168114878613,0.18091994779706483,0.14879988840290248,0.16790370718803707,2
-0.013078629970550537,-0.04759550094604492,-0.004068334072655944,-0.03211712837219238,-0.10617101192474365,-0.009756559923118857,-0.044483304023742676,-0.16115790605545044,-0.01586578455550125,-0.06100629270076752,-0.2063441276550293,-0.022845959707922248,-0.055273279547691345,-0.13892090320587158,-0.017564310177988318,-0.09574131667613983,-0.19703084230422974,-0.028915206387466696,-0.11665172874927521,-0.2293604612350464,-0.03593119648081711,-0.1283758282661438,-0.257959246635437,-0.041356452226466445,-0.04293566942214966,-0.15339994430541992,-0.02448029112798622,-0.0789370983839035,-0.22997772693634033,-0.040893357664174346,-0.0999910831451416,-0.2788638174533844,-0.053667799055403975,-0.11230224370956421,-0.3149225115776062,-0.06262976345402649,-0.023821473121643066,-0.15436440706253052,-0.031242106526917723,-0.05168035626411438,-0.23250967264175415,-0.04556744959933212,-0.06873433291912079,-0.28326547145843506,-0.058044236570424346,-0.08014515042304993,-0.31957900524139404,-0.0671112131772702,0.0030178427696228027,-0.14502739906311035,-0.037426419973201064,-0.006615310907363892,-0.2037106156349182,-0.04831158784014633,-0.01505345106124878,-0.24198251962661743,-0.05550165143591812,-0.022826075553894043,-0.272063672542572,-0.06115460064989975,0.16582577404242652,0.10425563260906635,0.048112407726773956,0.0,0.17973704543544256,0.12809549235568132,0.08486916300786844,0.1680564265105422,0.12008555302423092,0.1148409046329433,2
0.029886633157730103,-0.059468865394592285,-0.0035110245084410963,0.029982954263687134,-0.11947154998779297,-0.00955588264372409,0.022263944149017334,-0.17201018333435059,-0.016974954735303527,0.009843528270721436,-0.21261942386627197,-0.026154593434000617,0.018235772848129272,-0.15187889337539673,-0.01888505635764659,0.010521411895751953,-0.21139025688171387,-0.03766333019342483,0.005867451429367065,-0.2464977502822876,-0.0506108373960501,0.003582507371902466,-0.2764504551887512,-0.05933714738097251,-0.0017632842063903809,-0.15116345882415771,-0.028604476582074767,-0.017824023962020874,-0.22866308689117432,-0.0477245048245436,-0.027874112129211426,-0.2802618741989136,-0.06095866939034522,-0.0339224636554718,-0.32056593894958496,-0.06993544926848472,-0.02108284831047058,-0.1384006142616272,-0.03875293662753165,-0.04166942834854126,-0.20949667692184448,-0.057471324559116965,-0.05168771743774414,-0.2553369402885437,-0.06880566557850898,-0.057068705558776855,-0.29148155450820923,-0.07609153619017661,-0.03842127323150635,-0.1157333254814148,-0.04854233643021644,-0.05579879879951477,-0.16214501857757568,-0.06596696456875861,-0.06423017382621765,-0.19411438703536987,-0.0740355186721331,-0.06914910674095154,-0.22193199396133423,-0.0789698891898638,0.1544565298512789,0.09530017254657608,0.042466188281611424,0.0,0.15918341708286507,0.10609790980541722,0.06413735995803674,0.15882608396729297,0.11648138120710765,0.10342380134881639,2
0.0353722870349884,-0.04711729288101196,-0.010571793811934072,0.04207441210746765,-0.10482937097549438,-0.022999832565503198,0.04129308462142944,-0.15402907133102417,-0.03587749430032261,0.03635448217391968,-0.19546395540237427,-0.051215129131989556,0.02692696452140808,-0.1485024094581604,-0.03779297524185665,0.015120118856430054,-0.21546411514282227,-0.06241833993287571,0.007231414318084717,-0.25611913204193115,-0.07890714162083157,0.002132803201675415,-0.2894841730594635,-0.09030518137903698,0.007247298955917358,-0.14446401596069336,-0.046693010414557534,-0.008297383785247803,-0.22225838899612427,-0.07218798452110775,-0.018557339906692505,-0.2732909321784973,-0.09001366251202114,-0.024851977825164795,-0.3150181174278259,-0.10288573258610256,-0.011354386806488037,-0.13062214851379395,-0.055746941054778176,-0.029221177101135254,-0.20328587293624878,-0.07852173798771389,-0.03895112872123718,-0.24982792139053345,-0.0927656685659457,-0.04453364014625549,-0.28540363907814026,-0.10283006929846294,-0.02769830822944641,-0.10939371585845947,-0.06488477640839108,-0.04286918044090271,-0.15892982482910156,-0.08578104727955349,-0.04992800951004028,-0.1941220760345459,-0.0969160517403651,-0.05429840087890625,-0.22337734699249268,-0.10466119104118832,0.14834991401587633,0.09081489686542575,0.041728160900533,0.0,0.18892519168880859,0.14100217099440768,0.10005460828950248,0.1740478159852114,0.134310939253761,0.12096294900580289,2
0.02658778429031372,-0.08751785755157471,-0.017611715503875303,0.02026575803756714,-0.15566831827163696,-0.02646809027427821,0.004435867071151733,-0.22416549921035767,-0.03426816643113284,-0.005768299102783203,-0.27469146251678467,-0.0424493956648746,-0.04016709327697754,-0.18745076656341553,-0.02594636709326892,-0.06913498044013977,-0.27161702513694763,-0.04447745860451846,-0.08883190155029297,-0.31666573882102966,-0.05467367500895648,-0.10399846732616425,-0.35330283641815186,-0.06272122965091853,-0.0690750777721405,-0.17113029956817627,-0.030353743144218015,-0.11731782555580139,-0.24270838499069214,-0.06232076839441447,-0.14762422442436218,-0.28351399302482605,-0.08471632704967647,-0.17248019576072693,-0.32681217789649963,-0.09843283102745204,-0.08293299376964569,-0.1407015323638916,-0.03522458256119876,-0.13725800812244415,-0.19568133354187012,-0.06194296062821536,-0.17078566551208496,-0.22388863563537598,-0.07968130663866191,-0.20029059052467346,-0.2575641870498657,-0.09050182954305797,-0.08553701639175415,-0.09171974658966064,-0.04060345099205165,-0.13599878549575806,-0.11699926853179932,-0.06217612654799609,-0.16511422395706177,-0.12344563007354736,-0.07469361976617961,-0.1924179047346115,-0.13311707973480225,-0.08287334398264079,0.1899496631431957,0.12183710845710458,0.05154607623619557,0.0,0.23345449335631419,0.16862519603341752,0.12581301226762792,0.20453761007020033,0.17466947489181436,0.19527484585819682,2
0.02537590265274048,-0.08960843086242676,-0.014497587518860655,0.018732815980911255,-0.1565762162208557,-0.022331625284721213,0.0038516223430633545,-0.22355979681015015,-0.029505048008729773,-0.005959659814834595,-0.27325505018234253,-0.03713330818908389,-0.03916525840759277,-0.1878058910369873,-0.026519652517606573,-0.06782281398773193,-0.27247923612594604,-0.04549216671483691,-0.08746238052845001,-0.3176195025444031,-0.054956270443369704,-0.10202586650848389,-0.35399794578552246,-0.06195475353496249,-0.066862553358078,-0.17055124044418335,-0.03229883505599673,-0.11566212773323059,-0.2417113184928894,-0.06321900530355151,-0.14609640836715698,-0.2813902497291565,-0.08328616066472705,-0.17045028507709503,-0.3227757215499878,-0.09526940627591785,-0.07961931824684143,-0.1395127773284912,-0.03833826451199229,-0.13451829552650452,-0.1918591856956482,-0.0642096419502991,-0.16833721101284027,-0.2176494598388672,-0.07947348250644382,-0.198133647441864,-0.2484012246131897,-0.08840022428529437,-0.08011233806610107,-0.09026885032653809,-0.04476202471749957,-0.13139431178569794,-0.11555498838424683,-0.06576756580369647,-0.16053329408168793,-0.12264251708984375,-0.07696376188295062,-0.18854375183582306,-0.1312556266784668,-0.08387529297368701,0.18630082732718437,0.11926302300183282,0.05065451080909068,0.0,0.2314260112884439,0.1680004564089959,0.12549155851647137,0.20056159814951263,0.17178318512552884,0.19377449307350939,2
0.021718472242355347,-0.07646679878234863,-0.010520545060757058,0.020020395517349243,-0.15254199504852295,-0.020801499712291616,0.013260215520858765,-0.21234804391860962,-0.031543662997904676,0.0031962990760803223,-0.2645379304885864,-0.04421266004723634,-0.013314664363861084,-0.18235480785369873,-0.03639288828057374,-0.038376420736312866,-0.2635517418384552,-0.058681639137688535,-0.054203152656555176,-0.3088687062263489,-0.07104902923387613,-0.06437206268310547,-0.34646254777908325,-0.08030252367538537,-0.03217211365699768,-0.16493064165115356,-0.04720440343302812,-0.06953012943267822,-0.2402326464653015,-0.07304329633993234,-0.09458476305007935,-0.29088258743286133,-0.09260215074104394,-0.11210423707962036,-0.32859474420547485,-0.10707538783830728,-0.04417896270751953,-0.129441499710083,-0.05798389599007692,-0.08963882923126221,-0.18583077192306519,-0.08394824922365274,-0.11907139420509338,-0.224273681640625,-0.10558705240768518,-0.14086711406707764,-0.25548404455184937,-0.1216215735701951,-0.048980385065078735,-0.08392977714538574,-0.0683376213936242,-0.08928090333938599,-0.0940561294555664,-0.09715526759904947,-0.11764660477638245,-0.10716050863265991,-0.11686319321674432,-0.14363311231136322,-0.12173545360565186,-0.1305736249713334,0.18898100825232816,0.11325254865193976,0.053151356279915636,0.0,0.21148822135627676,0.15496280445603292,0.10619381539908326,0.17096649175613932,0.13189954139932475,0.1443476354396277,2
0.025793761014938354,-0.08181613683700562,0.017574480883993715,0.02642875909805298,-0.1540454626083374,0.016789448596753687,0.02225777506828308,-0.2111682891845703,0.010356716029562563,0.015636801719665527,-0.25901681184768677,0.0007841122315568327,0.00564238429069519,-0.17990320920944214,-0.013830666281066328,-0.012563347816467285,-0.26504361629486084,-0.027019467986903578,-0.024086713790893555,-0.3118601143360138,-0.03192416656740704,-0.028930217027664185,-0.3475174605846405,-0.035898391939483076,-0.007832825183868408,-0.1666346788406372,-0.03602108810075322,-0.03949907422065735,-0.24778228998184204,-0.054710206426463515,-0.05655506253242493,-0.30136826634407043,-0.06696300286778012,-0.06499439477920532,-0.33669209480285645,-0.07601258236893216,-0.02084803581237793,-0.13588368892669678,-0.05559154305585423,-0.059948354959487915,-0.2041008472442627,-0.07303635854252377,-0.08362734317779541,-0.24416857957839966,-0.08517747450598279,-0.09790268540382385,-0.27642640471458435,-0.0955551274491171,-0.0304165780544281,-0.0968855619430542,-0.07247807163723508,-0.06482255458831787,-0.11930805444717407,-0.09325532693394223,-0.08453503251075745,-0.13243097066879272,-0.10494367111452618,-0.10000911355018616,-0.14576715230941772,-0.1130731858683447,0.17749152950596506,0.10552464406567019,0.04830443467349425,0.0,0.2012362547818617,0.14564102126907955,0.09908876821762651,0.15286977111251343,0.11195909713375325,0.1148664836236234,2
0.03543481230735779,-0.05351102352142334,-0.01792408314204863,0.05124509334564209,-0.1291850209236145,-0.026635622350937638,0.0561959445476532,-0.19056332111358643,-0.03546174217618159,0.06341183185577393,-0.2417771816253662,-0.04531799231327227,0.021290212869644165,-0.20031297206878662,-0.014663840389317784,0.024388432502746582,-0.2774803638458252,-0.034588098271257195,0.02496001124382019,-0.3263664245605469,-0.05078868542469195,0.026299387216567993,-0.3642534613609314,-0.06209829424179247,-0.005898773670196533,-0.19914484024047852,-0.020228316752678666,-0.01434779167175293,-0.2860720753669739,-0.03882070605314425,-0.02100697159767151,-0.34538450837135315,-0.05627763618386439,-0.024522706866264343,-0.3919879198074341,-0.06852977697408846,-0.03097502887248993,-0.18007808923721313,-0.02897704553461722,-0.04527255892753601,-0.2650313377380371,-0.04914500166333369,-0.05331975221633911,-0.31959718465805054,-0.06512059245861224,-0.05690334737300873,-0.36347395181655884,-0.07573091213262728,-0.053534120321273804,-0.1455894112586975,-0.0390211192206209,-0.07779313623905182,-0.19956958293914795,-0.05986371983445338,-0.09136340022087097,-0.239871084690094,-0.07148961697376421,-0.10133230686187744,-0.277148962020874,-0.07866000358617953,0.19033354909219571,0.11324762327511782,0.05171971131168014,0.0,0.23638836676941302,0.17624434447491708,0.12797567208248034,0.21699624338927875,0.1740567406493049,0.17113107908215283,2
0.03183513879776001,-0.057531654834747314,-0.014577314861270452,0.040491342544555664,-0.13680511713027954,-0.020451678566786313,0.03860953450202942,-0.19866782426834106,-0.02700746864840653,0.03895953297615051,-0.2500144839286804,-0.03402006127700474,0.0029264986515045166,-0.20315968990325928,-0.007997806787642503,-0.0020002126693725586,-0.2832959294319153,-0.026169900454732442,-0.004813194274902344,-0.33309146761894226,-0.04072344177231457,-0.004678308963775635,-0.3718516230583191,-0.05030025043353703,-0.020853787660598755,-0.1972712278366089,-0.013272067204269433,-0.03441813588142395,-0.2828945517539978,-0.030697610832902456,-0.04467061161994934,-0.34314242005348206,-0.04702830561265614,-0.05029423534870148,-0.3899429738521576,-0.05784559496507313,-0.04086869955062866,-0.17501741647720337,-0.021538010470720792,-0.06162059307098389,-0.25407135486602783,-0.039667552940699125,-0.0734831690788269,-0.3076300621032715,-0.05392845221624043,-0.07985274493694305,-0.35141026973724365,-0.06300451853141453,-0.0587342232465744,-0.1384124755859375,-0.031033790342661405,-0.08201181888580322,-0.1875510811805725,-0.0498902673350301,-0.09544092416763306,-0.22677522897720337,-0.060422892354580426,-0.10593457520008087,-0.2645249366760254,-0.06656903275117543,0.19261463207247093,0.11321972960331926,0.051347852508226745,0.0,0.23934735713260766,0.178511807887455,0.12941618801552188,0.21092667717001357,0.16597053187976174,0.15619687180809422,2
0.0357646644115448,-0.055316805839538574,-0.0051564440031199865,0.045904457569122314,-0.13454359769821167,-0.007081718732848685,0.04751655459403992,-0.19590985774993896,-0.01056082042796902,0.04122820496559143,-0.24277687072753906,-0.015108601738944571,0.019125550985336304,-0.19262248277664185,-0.009548008990719836,0.014113456010818481,-0.27879416942596436,-0.02440182919545464,0.012119799852371216,-0.32793867588043213,-0.03416958878679566,0.012638986110687256,-0.36312657594680786,-0.04016686285777382,-0.003908902406692505,-0.18818509578704834,-0.01806204262121014,-0.017329156398773193,-0.27982690930366516,-0.03316551129265122,-0.02553829550743103,-0.3389262557029724,-0.04551589171333603,-0.02961134910583496,-0.3802313208580017,-0.053164218169882815,-0.024556756019592285,-0.168390691280365,-0.027801309329703372,-0.04259693622589111,-0.25200140476226807,-0.04305436144514374,-0.05228939652442932,-0.3032596707344055,-0.05435357297702126,-0.05719861388206482,-0.3426596522331238,-0.06159214730305962,-0.04316401481628418,-0.13552188873291016,-0.03765072355909638,-0.0627361536026001,-0.18462908267974854,-0.05450721885009102,-0.07327142357826233,-0.22047394514083862,-0.06321517060442261,-0.08133220672607422,-0.2531200051307678,-0.0678732586924582,0.1875396656795545,0.10833424541230237,0.04728699870463492,0.0,0.230990842970777,0.1708153260917826,0.12369880751688152,0.19980769577629914,0.1546349516820385,0.1402298424364861,2
0.041560858488082886,-0.05714768171310425,0.002674632490396789,0.058419615030288696,-0.13114690780639648,0.0008726569533052952,0.06917604804039001,-0.18766361474990845,-0.004626087128400513,0.07149878144264221,-0.2320232391357422,-0.01234115262630553,0.033485859632492065,-0.19042760133743286,-0.007189405831724116,0.031905919313430786,-0.2783205509185791,-0.024139629426628062,0.02749049663543701,-0.3352885842323303,-0.036618549126416156,0.024523884057998657,-0.3777719736099243,-0.045652627694636294,0.014938831329345703,-0.18967664241790771,-0.02219438155296416,0.01017710566520691,-0.2823246717453003,-0.040406584489375064,0.004118621349334717,-0.3447580337524414,-0.05595706750753493,0.000601649284362793,-0.392836332321167,-0.06703645710948081,-0.004831761121749878,-0.17234891653060913,-0.03767797698381514,-0.016183555126190186,-0.25954365730285645,-0.05440523077848525,-0.025386393070220947,-0.3131800889968872,-0.06618616704943747,-0.03145059943199158,-0.3567296862602234,-0.07527699296477408,-0.025418341159820557,-0.14176636934280396,-0.05280230541828246,-0.044069141149520874,-0.19605624675750732,-0.07060620908740134,-0.05563730001449585,-0.23428797721862793,-0.07920221214297385,-0.06490308046340942,-0.2686074376106262,-0.08506277923586936,0.17741967144235013,0.10172069020858032,0.04442039358346787,0.0,0.24894345474573196,0.19528185746955334,0.15313175563913398,0.21632912933843665,0.17574770066243445,0.16171046031992314,2
0.015303462743759155,-0.07601630687713623,-0.023339858289460835,0.007207930088043213,-0.15245455503463745,-0.037975024442772565,-0.009477496147155762,-0.21215921640396118,-0.051442284147839246,-0.02222210168838501,-0.26817941665649414,-0.06639038772473782,-0.05203865468502045,-0.17590689659118652,-0.03862127662787884,-0.09153756499290466,-0.2449861764907837,-0.0642917603362605,-0.11727380752563477,-0.2861054539680481,-0.0804001912582919,-0.13701757788658142,-0.322372168302536,-0.09203305096517056,-0.07108080387115479,-0.14834380149841309,-0.04421465099940747,-0.12605604529380798,-0.20428824424743652,-0.07170529664645642,-0.16045033931732178,-0.2435407042503357,-0.09190159292111844,-0.1871786043047905,-0.2779633104801178,-0.10598859937081784,-0.07664686441421509,-0.10648787021636963,-0.05158471317182034,-0.13203635811805725,-0.14194822311401367,-0.07942673565040081,-0.1678318902850151,-0.1669018268585205,-0.09725320340285748,-0.19692571461200714,-0.19286704063415527,-0.10901657493005246,-0.07225075364112854,-0.05794870853424072,-0.060187023143868146,-0.1184861958026886,-0.058232128620147705,-0.08966507018695324,-0.1513383537530899,-0.06467097997665405,-0.10602422804723233,-0.18255313485860825,-0.07643234729766846,-0.1156973913420245,0.19579282097672673,0.1194084183286901,0.05745161274268482,0.0,0.22287438715383526,0.16856265071568183,0.1269443015126723,0.18949370078616087,0.16524639885270762,0.19024538457133974,2
0.01910659670829773,-0.07281816005706787,-0.02307155860120247,0.014720946550369263,-0.14952760934829712,-0.03802150805944393,0.0003574490547180176,-0.2078871726989746,-0.05169294347518871,-0.010390609502792358,-0.26360875368118286,-0.06672833432907055,-0.036727190017700195,-0.17862087488174438,-0.039679716727675896,-0.07222229242324829,-0.25373220443725586,-0.0636984961246867,-0.0954904556274414,-0.2964099645614624,-0.07842843552583645,-0.11301235854625702,-0.33233219385147095,-0.08897035141939114,-0.057496607303619385,-0.15261578559875488,-0.04395838399881313,-0.11147364974021912,-0.21335041522979736,-0.06971787979358623,-0.1441849023103714,-0.2522852420806885,-0.08877298553937862,-0.16929475963115692,-0.28493785858154297,-0.1023233415698428,-0.06691378355026245,-0.11441546678543091,-0.04972086047285984,-0.12158215045928955,-0.15133136510849,-0.0747485267137904,-0.1564159095287323,-0.1780756115913391,-0.09169493188613842,-0.18408730626106262,-0.20387142896652222,-0.10333878119939754,-0.06762763857841492,-0.06974929571151733,-0.056724849543513756,-0.11434577405452728,-0.07494527101516724,-0.08194259872192333,-0.14564834535121918,-0.08459025621414185,-0.0969047652696986,-0.1744959056377411,-0.09778302907943726,-0.10636112411970089,0.19305733808820053,0.11681223283420186,0.05674870350864823,0.0,0.2230096709703098,0.16834273540942407,0.12350762974642096,0.1863294933899888,0.1603292226759314,0.18368203621693469,2
0.02319154143333435,-0.07023787498474121,-0.016791356620387887,0.021976351737976074,-0.1512349247932434,-0.026616686848001336,0.010020792484283447,-0.2135918140411377,-0.036586396289067125,0.0035701394081115723,-0.2696231007575989,-0.04719438393135533,-0.016695618629455566,-0.1874302625656128,-0.022516220700936174,-0.046349555253982544,-0.2616415023803711,-0.042048003417448854,-0.06637313961982727,-0.30594050884246826,-0.054802849781708574,-0.08112800121307373,-0.3427238464355469,-0.06366521109362111,-0.03721103072166443,-0.16636604070663452,-0.0267485360475348,-0.07736825942993164,-0.23102813959121704,-0.04752371449490056,-0.10543704032897949,-0.27476733922958374,-0.06273408968468175,-0.127076655626297,-0.31012648344039917,-0.07366024692078099,-0.050645023584365845,-0.13713204860687256,-0.033334627640442704,-0.09189431369304657,-0.18581634759902954,-0.053100597006277894,-0.11992138624191284,-0.22255438566207886,-0.06511451293249593,-0.1416136920452118,-0.25285816192626953,-0.07310511906166539,-0.058611541986465454,-0.10226750373840332,-0.04143460084219441,-0.09306469559669495,-0.13980311155319214,-0.06014394376893506,-0.11733844876289368,-0.1708836555480957,-0.07149669517298207,-0.13945609331130981,-0.20051425695419312,-0.078959159445958,0.20034836578801646,0.11981047057957518,0.05640138310548248,0.0,0.2174822169952911,0.15806069841296452,0.11188160726123894,0.16767424571012093,0.1367812452842572,0.14614858223563176,2
0.02664893865585327,-0.07070958614349365,-0.00817514197881053,0.031014561653137207,-0.15455561876296997,-0.015442700926016073,0.028061509132385254,-0.2230328917503357,-0.023323031011770468,0.02624952793121338,-0.2802380919456482,-0.03324080059284995,0.011231094598770142,-0.1782187819480896,-0.02804455334300826,-0.006594061851501465,-0.2616432309150696,-0.04577102312798331,-0.020382553339004517,-0.31164395809173584,-0.05505125397796462,-0.02771306037902832,-0.3515545725822449,-0.06236125702018569,-0.0026259422302246094,-0.16231411695480347,-0.03707269752378295,-0.034158289432525635,-0.24207663536071777,-0.05617492446656058,-0.05439269542694092,-0.2944679260253906,-0.06941164830679725,-0.06678852438926697,-0.33336159586906433,-0.07987610051388572,-0.014691531658172607,-0.13422739505767822,-0.04659432345981429,-0.051664113998413086,-0.19820797443389893,-0.06604790488238166,-0.07400184869766235,-0.24403178691864014,-0.08079693267102073,-0.08890917897224426,-0.2828550934791565,-0.0925661380028231,-0.02379465103149414,-0.09835934638977051,-0.05611101711149047,-0.059123694896698,-0.12192678451538086,-0.07883602181429694,-0.08440911769866943,-0.14330905675888062,-0.09405550906414817,-0.10612630844116211,-0.16646140813827515,-0.104884317014168,0.20952888648730625,0.12577276975436974,0.05723389035579515,0.0,0.20556634305119528,0.1401021950150769,0.0894315455951126,0.14549553880300425,0.1071362956643996,0.11518843897155151,2
0.040101319551467896,-0.05991631746292114,0.009538275702780652,0.051099926233291626,-0.12427645921707153,0.007677807520067859,0.05323326587677002,-0.17921912670135498,0.0021536960740746736,0.0520474910736084,-0.22210431098937988,-0.005046735470259023,0.035595715045928955,-0.15965324640274048,-0.009984435931855273,0.04012659192085266,-0.224523663520813,-0.025863183149212432,0.044906824827194214,-0.26133906841278076,-0.03559427470814569,0.052966952323913574,-0.2895823121070862,-0.04167374730955942,0.015846222639083862,-0.16011041402816772,-0.026231051840895248,0.007553309202194214,-0.24509096145629883,-0.047280391165131164,0.0027308762073516846,-0.3050960898399353,-0.06183558464896066,0.0018068552017211914,-0.3480040431022644,-0.0706497444297014,-0.0034137964248657227,-0.1455388069152832,-0.040945158758276534,-0.01859515905380249,-0.22282785177230835,-0.05917956442486627,-0.028016477823257446,-0.27812522649765015,-0.06890984759580476,-0.032426655292510986,-0.32179129123687744,-0.07501879469405992,-0.019962608814239502,-0.11969941854476929,-0.05399806559931619,-0.03181597590446472,-0.1713436245918274,-0.06925671682607515,-0.0362858772277832,-0.20753729343414307,-0.07457529143344743,-0.03887540102005005,-0.24106276035308838,-0.07757328585636003,0.16262735396659145,0.09783244074186914,0.04290157448511268,0.0,0.16531639599906062,0.1103635067212357,0.06748426515738307,0.17644552620959467,0.13555391561628768,0.13066512708121295,2
0.03539040684700012,-0.06343412399291992,0.016596507675458838,0.04316931962966919,-0.12508094310760498,0.0169894550214309,0.047918111085891724,-0.17839080095291138,0.01266358832221215,0.049218952655792236,-0.22109341621398926,0.006391193646450688,0.03981882333755493,-0.14284783601760864,-0.00435363182474191,0.04499739408493042,-0.20337951183319092,-0.018784433208892892,0.04861441254615784,-0.23607033491134644,-0.027458831273506235,0.05402657389640808,-0.26273590326309204,-0.03298435693282897,0.024891048669815063,-0.13999003171920776,-0.023237175845096658,0.015182018280029297,-0.22583580017089844,-0.04236435105700309,0.010501086711883545,-0.28064608573913574,-0.05541488116283233,0.01029941439628601,-0.3213059902191162,-0.06410232146878059,0.007402777671813965,-0.12517696619033813,-0.04008062516946609,-0.007360726594924927,-0.19996756315231323,-0.05634166633386428,-0.015909433364868164,-0.25015270709991455,-0.06489612122673805,-0.019002765417099,-0.2905977964401245,-0.0708527188529473,-0.009395480155944824,-0.10257309675216675,-0.05469090824622924,-0.023384183645248413,-0.15288132429122925,-0.06948322018284614,-0.030216097831726074,-0.18643993139266968,-0.07526513149637992,-0.03522244095802307,-0.2196495532989502,-0.07914590051073844,0.158264592069213,0.09620287444642661,0.04272242431002275,0.0,0.13808246820513223,0.08456600736479349,0.04191908812972813,0.14778334704431248,0.10750483917976073,0.09739128137280172,2
0.036874920129776,-0.055342674255371094,0.010215819961757688,0.04753917455673218,-0.11779367923736572,0.010554617419273882,0.05015885829925537,-0.16833984851837158,0.006174471377761392,0.05029541254043579,-0.20799344778060913,0.00013690331545035406,0.03361371159553528,-0.14946281909942627,-0.0014398769388037636,0.0377693772315979,-0.22242802381515503,-0.015926299468247862,0.03858312964439392,-0.27020901441574097,-0.026260729730694266,0.040481775999069214,-0.3092518448829651,-0.03374939397033927,0.023879706859588623,-0.14526361227035522,-0.018281524852483244,0.028005927801132202,-0.22936862707138062,-0.034988246709673376,0.03155854344367981,-0.28670674562454224,-0.047436348945467444,0.03611034154891968,-0.3330116868019104,-0.0561782865231919,0.015160322189331055,-0.13071227073669434,-0.034912027270166845,0.02449360489845276,-0.2055974006652832,-0.05096155762728927,0.0336819589138031,-0.24875539541244507,-0.05960792660769698,0.04101407527923584,-0.2838021516799927,-0.06535041317400214,0.009439259767532349,-0.10864293575286865,-0.05063897728976485,0.01825016736984253,-0.15990686416625977,-0.06549362823423621,0.02444404363632202,-0.19418948888778687,-0.07182429716047523,0.028873354196548462,-0.22578555345535278,-0.07602807864603278,0.153239578028648,0.09024186995556716,0.03965383438598228,0.0,0.1915881939650235,0.14124389063354134,0.10173283858176992,0.16527000679664905,0.12582041299813623,0.07637475242683638,2
0.016768574714660645,-0.06560862064361572,-0.011946395572039137,0.009722262620925903,-0.13390237092971802,-0.02045819961628581,-0.004112809896469116,-0.1860349178314209,-0.029120039727303038,-0.011031731963157654,-0.23347550630569458,-0.039048743035408506,-0.029748231172561646,-0.16059833765029907,-0.02228436672291423,-0.06347574293613434,-0.21986204385757446,-0.04024786182841922,-0.08748003840446472,-0.2522432506084442,-0.05202022620639468,-0.10711205005645752,-0.2768383026123047,-0.06004792877635623,-0.04705408215522766,-0.141831636428833,-0.02825672418973113,-0.08512246608734131,-0.2010747790336609,-0.04719838180741931,-0.11439277231693268,-0.23820993304252625,-0.06159797736606265,-0.13775355368852615,-0.26567232608795166,-0.07158596121868754,-0.05886359512805939,-0.11154919862747192,-0.03518798628053332,-0.09678526222705841,-0.16114723682403564,-0.053345963891359816,-0.12236301600933075,-0.19145512580871582,-0.06473392301401759,-0.14320553839206696,-0.2171221375465393,-0.07230373525223399,-0.06668734550476074,-0.07240253686904907,-0.04259957798919345,-0.0991920530796051,-0.10002541542053223,-0.06106236630282069,-0.1200406551361084,-0.11804503202438354,-0.07012517058453227,-0.14020762592554092,-0.13478058576583862,-0.07522988372645045,0.17015330838178316,0.10171301578361898,0.04794247508577648,0.0,0.18461023044448452,0.1373102259891819,0.10541233148184441,0.15556980810913018,0.1307480604272477,0.13318163452848783,2
0.021086663007736206,-0.07228028774261475,0.0012214081877885974,0.018882185220718384,-0.13800108432769775,-0.009283671686048933,0.012904226779937744,-0.18970054388046265,-0.02178289328664107,0.0037932097911834717,-0.23829999566078186,-0.03841075633614821,0.002806365489959717,-0.15198349952697754,-0.04489555542319579,-0.02641388773918152,-0.21920141577720642,-0.06940529827922148,-0.04915212094783783,-0.255031943321228,-0.08390298073142333,-0.06799004971981049,-0.2820156216621399,-0.09533437673896117,-0.011872023344039917,-0.13014227151870728,-0.06234221120327277,-0.046250686049461365,-0.19705575704574585,-0.09297757928221984,-0.07327103614807129,-0.23829138278961182,-0.11455473636239333,-0.094188392162323,-0.2672044038772583,-0.13184024726002974,-0.024314194917678833,-0.09673380851745605,-0.07739662711470885,-0.05959038436412811,-0.15354382991790771,-0.1054513785704927,-0.08283360302448273,-0.18890011310577393,-0.12561628554909987,-0.1000637412071228,-0.21531853079795837,-0.141701135383542,-0.034335434436798096,-0.05731070041656494,-0.09044362937062544,-0.06688065826892853,-0.07851219177246094,-0.12035745714753432,-0.08828052878379822,-0.09774208068847656,-0.1394174132212953,-0.10712035000324249,-0.11712682247161865,-0.1538572940692262,0.1669179647053804,0.10142755441257063,0.04944610544741559,0.0,0.16818731274152598,0.12274346237684042,0.08404696486318418,0.13219560259825275,0.10215605285894759,0.10636923426398152,2
0.028120994567871094,-0.0579453706741333,-0.0021777540663379114,0.033442556858062744,-0.1245775818824768,-0.006846733273391692,0.036745309829711914,-0.17706561088562012,-0.013177054816310374,0.03302636742591858,-0.22052952647209167,-0.022221069665079085,0.01976311206817627,-0.146456778049469,-0.02244315657151219,0.01847386360168457,-0.20161068439483643,-0.04153981606793877,0.014945775270462036,-0.2338234782218933,-0.055312415467028586,0.012228041887283325,-0.2611069977283478,-0.06556105415654656,0.0031708478927612305,-0.1374780535697937,-0.03401598881316659,-0.014783203601837158,-0.20093131065368652,-0.05401415552330491,-0.030049890279769897,-0.24190479516983032,-0.07063939224315163,-0.04267144203186035,-0.2754893898963928,-0.0834781805737066,-0.011775821447372437,-0.11546343564987183,-0.04544181551170823,-0.03070390224456787,-0.17348110675811768,-0.06686412345004555,-0.043864160776138306,-0.2070942521095276,-0.08277177612615105,-0.05488434433937073,-0.23577386140823364,-0.09442680131030556,-0.02323475480079651,-0.08338707685470581,-0.05599731008840081,-0.039431869983673096,-0.10902422666549683,-0.07891254674029824,-0.04954683780670166,-0.12776190042495728,-0.09173408697677132,-0.05842024087905884,-0.14720410108566284,-0.10065851907563683,0.16265813966540768,0.0959528471915865,0.043622729060785015,0.0,0.13816778581369896,0.08754456653505022,0.04559716568782908,0.1264684179983444,0.09354541647950497,0.08922265962593277,2
0.015549778938293457,-0.06011056900024414,0.02556754330085198,0.03254002332687378,-0.10475003719329834,0.02503111639903466,0.045252084732055664,-0.13938260078430176,0.01889790275977532,0.05659574270248413,-0.17075830698013306,0.009513645040854612,0.05070000886917114,-0.12620937824249268,-0.015042653699353536,0.08947521448135376,-0.1819089651107788,-0.03108594512654861,0.11177760362625122,-0.21496641635894775,-0.0381574420453461,0.13027870655059814,-0.23956060409545898,-0.04291099442257007,0.05621987581253052,-0.10911017656326294,-0.03916627673520168,0.10265088081359863,-0.17440694570541382,-0.06165273247374614,0.13038265705108643,-0.21085363626480103,-0.0708044706107529,0.15147966146469116,-0.23780763149261475,-0.07614507658495029,0.06030219793319702,-0.08218222856521606,-0.059714352172747454,0.1058892011642456,-0.14167946577072144,-0.07915552092804035,0.13078457117080688,-0.17325186729431152,-0.08475956453098377,0.1497768759727478,-0.19954454898834229,-0.08832717819227298,0.06607401371002197,-0.04666006565093994,-0.07671275122179111,0.09688138961791992,-0.08226621150970459,-0.09411727024330219,0.11410140991210938,-0.10831719636917114,-0.0994709072829636,0.12593352794647217,-0.13356149196624756,-0.10292635245336612,0.1180156475277639,0.07025503053112761,0.033363355877926784,0.0,0.16651348037558242,0.1313969511262863,0.10081138452470566,0.14481638280395046,0.11618334629908532,0.0975262596764883,2
0.03421083092689514,-0.041738927364349365,0.04100556889265761,0.05839201807975769,-0.07601594924926758,0.051068889290988295,0.07908269762992859,-0.10106754302978516,0.05447175943940863,0.09728112816810608,-0.12444478273391724,0.054549517423808425,0.0611625611782074,-0.1278989315032959,-0.0060443749307097505,0.10409775376319885,-0.18198883533477783,-0.017608420609533937,0.12642541527748108,-0.21609145402908325,-0.020665725379288347,0.14389875531196594,-0.24071967601776123,-0.023037573008835466,0.062314003705978394,-0.11447036266326904,-0.03432759052425638,0.11291065812110901,-0.1795390248298645,-0.05652742615252748,0.1420901119709015,-0.21617257595062256,-0.06492178669482485,0.16427257657051086,-0.24350690841674805,-0.06960043093472734,0.06365308165550232,-0.08660537004470825,-0.057084170787632615,0.11604723334312439,-0.1443537473678589,-0.07814140400201097,0.142904132604599,-0.17495191097259521,-0.08520278862029329,0.16421470046043396,-0.20069897174835205,-0.08927318236142412,0.06863757967948914,-0.04815375804901123,-0.07411053559094682,0.10067656636238098,-0.08604568243026733,-0.09765516748934999,0.1176970899105072,-0.11483806371688843,-0.10762697240620867,0.13153937458992004,-0.14430195093154907,-0.11334484597951189,0.10401019616608065,0.062110504716574345,0.029625634343205556,0.0,0.18557672193335165,0.1539605130594613,0.12527192011258248,0.1659707452708211,0.13661494768569896,0.10146331574545273,2
0.02895265817642212,-0.06890606880187988,0.048962014118195896,0.047526776790618896,-0.10978209972381592,0.05603783796167505,0.06782352924346924,-0.14267802238464355,0.054376563379527454,0.08661186695098877,-0.17532598972320557,0.04868691260552538,0.06264901161193848,-0.13107478618621826,-0.010757401263354893,0.10830497741699219,-0.1785372495651245,-0.029756519621251698,0.1334027647972107,-0.2126592993736267,-0.037526568075655575,0.15323621034622192,-0.2357408106327057,-0.04208805938625204,0.06413978338241577,-0.1053665280342102,-0.04561800291204321,0.11792325973510742,-0.1605668067932129,-0.07814791952633726,0.14970260858535767,-0.19420772790908813,-0.09093992566132414,0.17493093013763428,-0.21865785121917725,-0.09806475942396986,0.06602877378463745,-0.07285934686660767,-0.07386240517163145,0.11674410104751587,-0.12338060140609741,-0.10406980072522032,0.14685702323913574,-0.155042827129364,-0.11328903739714491,0.17003017663955688,-0.18082106113433838,-0.1172616795208441,0.0714380145072937,-0.03749573230743408,-0.09517000769638884,0.10796254873275757,-0.0743454098701477,-0.1202933431174742,0.13183099031448364,-0.10184186697006226,-0.12892751549744474,0.15128040313720703,-0.1281888484954834,-0.1338692620899664,0.1210362917699079,0.0763128153660729,0.037668174964439305,0.0,0.1644386852187639,0.12631709563500967,0.0899374989555131,0.13131995170585628,0.09837635459231428,0.08359910406883142,2
0.02894914150238037,-0.06473016738891602,0.025606279535693943,0.05658519268035889,-0.10842537879943848,0.022914293496413052,0.07873654365539551,-0.14372116327285767,0.01473587871949178,0.08975791931152344,-0.18215662240982056,0.003219303949279606,0.06925410032272339,-0.11392289400100708,-0.02423194302757281,0.12253713607788086,-0.16016292572021484,-0.04438068783422011,0.15141069889068604,-0.18753701448440552,-0.05253163045783538,0.17370712757110596,-0.20948487520217896,-0.056965016485648334,0.07054287195205688,-0.09070974588394165,-0.04934507674117583,0.1349550485610962,-0.13805562257766724,-0.07471281355758208,0.17418354749679565,-0.16472357511520386,-0.08343626624484557,0.20398902893066406,-0.182439386844635,-0.08822863614697951,0.07061034440994263,-0.060218214988708496,-0.07054361021657485,0.1354210376739502,-0.10365796089172363,-0.09152886337180632,0.17197173833847046,-0.12805598974227905,-0.09744919902225035,0.20174723863601685,-0.14858651161193848,-0.10087584769864577,0.07138490676879883,-0.02129530906677246,-0.0880993164195587,0.11621671915054321,-0.05330723524093628,-0.1057326800241043,0.14472806453704834,-0.07668477296829224,-0.11130156433721083,0.16990727186203003,-0.09789711236953735,-0.11471731281419295,0.13223721033588937,0.08085002211799006,0.03998443747788173,0.0,0.15469508539616866,0.11551743425134474,0.08828534967985234,0.1311002894893276,0.11423145959211813,0.11691261686296066,2
0.02729058265686035,-0.061351895332336426,0.023527775903176007,0.05403214693069458,-0.10245078802108765,0.022281306807826695,0.07620102167129517,-0.13257628679275513,0.01631547418696755,0.09138911962509155,-0.16581028699874878,0.00795412809861773,0.06940597295761108,-0.11221492290496826,-0.019058800290395084,0.1203886866569519,-0.15873044729232788,-0.03613109978573448,0.1470058560371399,-0.1868051290512085,-0.04243868308799392,0.16736656427383423,-0.2098395824432373,-0.045691707159448924,0.07195615768432617,-0.09147459268569946,-0.04152308123843795,0.1359320878982544,-0.13808673620224,-0.06495815979974395,0.1734384298324585,-0.16491448879241943,-0.07309543060796386,0.2025555968284607,-0.18407225608825684,-0.07704660760896331,0.0728306770324707,-0.06325888633728027,-0.060338688070942226,0.13723814487457275,-0.10522711277008057,-0.07860289233462936,0.1725100874900818,-0.12960386276245117,-0.08250501471297866,0.20125752687454224,-0.14960432052612305,-0.08429962116019851,0.0733802318572998,-0.02557981014251709,-0.07597502040403015,0.117806077003479,-0.056685566902160645,-0.0903452681257022,0.1459837555885315,-0.0785636305809021,-0.09364268648164398,0.1705150604248047,-0.09821295738220215,-0.0952513413383258,0.1225568359211403,0.07355249499228536,0.036540075111391054,0.0,0.15613149369025991,0.1195021883179935,0.08781315933668948,0.1364452766380392,0.11265649190718366,0.11105719364743112,2
0.02515396475791931,-0.06883656978607178,-0.002398319166672991,0.02069362998008728,-0.1399625539779663,-0.006480362589059041,0.010933935642242432,-0.18778538703918457,-0.013515815461573766,0.0006042271852493286,-0.22558748722076416,-0.023045072654781507,-0.010409221053123474,-0.17398709058761597,-0.01147798294812219,-0.03548213839530945,-0.23753774166107178,-0.028181111762819455,-0.0558600127696991,-0.27577096223831177,-0.04196959207445161,-0.07408340275287628,-0.304679811000824,-0.05237604523688333,-0.027336061000823975,-0.1595393419265747,-0.023506209577021764,-0.052390217781066895,-0.22995412349700928,-0.04031282509356515,-0.07435721158981323,-0.27294760942459106,-0.05620258520036714,-0.09267935156822205,-0.30542778968811035,-0.06830203006654756,-0.04140520095825195,-0.13507044315338135,-0.036446458051500485,-0.06350833177566528,-0.20022988319396973,-0.052418126116094754,-0.08125834167003632,-0.23836225271224976,-0.06477031330257432,-0.09611515700817108,-0.2655981779098511,-0.07418593982845323,-0.05118848383426666,-0.10190749168395996,-0.04955599303036706,-0.06719154119491577,-0.14936864376068115,-0.06527595440536516,-0.07854944467544556,-0.18204444646835327,-0.07411792347818391,-0.0888233631849289,-0.20804905891418457,-0.08073600600152986,0.15866171476290275,0.08795006138421298,0.03918802948534992,0.0,0.1900380506498617,0.14454153099062436,0.10878344426751808,0.15676558355573517,0.12278558532308433,0.10466849883404389,2
0.030036330223083496,-0.04475277662277222,0.004370910870910905,0.04022344946861267,-0.09961187839508057,0.007071041791768096,0.04312396049499512,-0.14260834455490112,0.006638025223345778,0.043187618255615234,-0.17666828632354736,0.006715225345523379,0.004927396774291992,-0.14410310983657837,0.018034976731122754,0.01610773801803589,-0.20716387033462524,0.01352296286362531,0.02976897358894348,-0.23448598384857178,0.007358325003714583,0.039222508668899536,-0.2494337558746338,0.0037433847888124205,-0.0018979907035827637,-0.14324206113815308,0.01144759618777158,0.010640114545822144,-0.20876312255859375,0.009787847112001202,0.025545984506607056,-0.23219406604766846,0.004421231626601241,0.03748127818107605,-0.24661999940872192,0.00028830591922002213,-0.004078805446624756,-0.1379324197769165,0.0033543462036860205,0.009873121976852417,-0.1973804235458374,0.003368770527721665,0.024822205305099487,-0.21879851818084717,0.0031710328171712376,0.03657463192939758,-0.23264026641845703,0.002040188350783012,-0.002287536859512329,-0.12906134128570557,-0.005320879341034868,0.0061990320682525635,-0.1757737398147583,-0.0031918908366250776,0.01804909110069275,-0.1969718337059021,0.00034324070887947755,0.028189420700073242,-0.20958638191223145,0.0023687780472201325,0.13256944624056446,0.07711339896176359,0.034060001256518764,0.0,0.14982522102097093,0.10689663151840385,0.07287342213060088,0.10416460151666765,0.07018407569097761,0.05636128231237918,2
0.027632951736450195,-0.03850048780441284,-0.010376969179432649,0.04729819297790527,-0.0860908031463623,-0.013932932926636,0.05809423327445984,-0.1271514892578125,-0.018319306722204942,0.057750165462493896,-0.16137093305587769,-0.022632196372669,0.020534515380859375,-0.13396209478378296,0.003517858158502918,0.022257477045059204,-0.18035894632339478,-0.009621656326871175,0.029063254594802856,-0.20102471113204956,-0.022918376898687143,0.03735122084617615,-0.2140454649925232,-0.030562436035197038,-0.00016289949417114258,-0.13392215967178345,0.0016232292965838724,-0.002975165843963623,-0.18803250789642334,-0.0076746584980895705,0.0006299614906311035,-0.2157115340232849,-0.018340535288970727,0.007065713405609131,-0.2345537543296814,-0.02555975673190858,-0.020666778087615967,-0.12498390674591064,-0.0032243866606762595,-0.023534506559371948,-0.17402863502502441,-0.013108257962684888,-0.0164966881275177,-0.19440656900405884,-0.017973797222893495,-0.007615387439727783,-0.20505839586257935,-0.02027153765253331,-0.041277796030044556,-0.10832762718200684,-0.009634560732465047,-0.04522848129272461,-0.14777451753616333,-0.01772496832005288,-0.04003548622131348,-0.16440701484680176,-0.018135906955521364,-0.033426880836486816,-0.17344897985458374,-0.017133330753367204,0.1265076791302149,0.07600224791420389,0.034221173511558206,0.0,0.1283407096082719,0.08933552251811383,0.05648648737710893,0.11890818467445242,0.08902044152833745,0.07862092541238676,3
0.025692611932754517,-0.03287780284881592,-0.01099057118391844,0.044927358627319336,-0.07616788148880005,-0.0184084977487311,0.05700245499610901,-0.11628806591033936,-0.02747149388289305,0.060130298137664795,-0.14908963441848755,-0.03579191672599169,0.02169942855834961,-0.14428812265396118,-0.003201489057226503,0.01953551173210144,-0.19891375303268433,-0.019036125344990218,0.03234878182411194,-0.19816726446151733,-0.03190633091127726,0.042221397161483765,-0.18300139904022217,-0.0386009644249663,0.000264972448348999,-0.14431577920913696,-0.0061313579322979095,-0.007138252258300781,-0.20461034774780273,-0.0220938566604838,0.009308069944381714,-0.18572509288787842,-0.03223425331508967,0.01883348822593689,-0.15708398818969727,-0.036178922233937705,-0.020844757556915283,-0.1356026530265808,-0.01133623248880955,-0.030763179063796997,-0.19178098440170288,-0.02499162401056143,-0.012902796268463135,-0.1707887053489685,-0.025648858351467574,-0.0030736327171325684,-0.14156228303909302,-0.023027321277020896,-0.042384326457977295,-0.11923164129257202,-0.017952643288134063,-0.04883429408073425,-0.16176342964172363,-0.02800402413105818,-0.03396227955818176,-0.15090441703796387,-0.025977881578563178,-0.02492523193359375,-0.1285530924797058,-0.021930796978829825,0.12120702961431568,0.07448967324464251,0.03295036114085727,0.0,0.10686778139301202,0.0683311677641269,0.03835018271057636,0.05586749769701445,0.04206347823355367,0.06365059225401504,3
0.028736978769302368,-0.03512030839920044,-0.009468380712473135,0.05218684673309326,-0.08338093757629395,-0.013907749556505422,0.06506621837615967,-0.12421447038650513,-0.019791950822376947,0.06793099641799927,-0.15653222799301147,-0.02517706283977006,0.021844565868377686,-0.13524788618087769,0.0010263840653585987,0.02363419532775879,-0.18398946523666382,-0.01143671514143918,0.035767823457717896,-0.18700426816940308,-0.02287593425860379,0.046197324991226196,-0.1792839765548706,-0.029229085311794023,0.0015123486518859863,-0.13432419300079346,-0.0011436049840760631,-0.0011552274227142334,-0.18712258338928223,-0.012484940119588117,0.011708378791809082,-0.183118999004364,-0.022259912804269533,0.021446406841278076,-0.1677986979484558,-0.027401636705302934,-0.019084185361862183,-0.12564820051193237,-0.005523056608193855,-0.024537473917007446,-0.1764237880706787,-0.01636315079083417,-0.010655432939529419,-0.1667664647102356,-0.018701463357114534,-0.0005894601345062256,-0.14783519506454468,-0.018295764342450838,-0.03955337405204773,-0.11019331216812134,-0.01112866809269164,-0.04325327277183533,-0.14691805839538574,-0.019286214724683504,-0.032036811113357544,-0.1405457854270935,-0.01799481862833474,-0.023851901292800903,-0.12461322546005249,-0.015114996932947378,0.12758144551187842,0.07482639600389475,0.032444481964455915,0.0,0.09608989153923889,0.058212418324612054,0.031464178621235156,0.061662572525888755,0.04783043396597136,0.06907019145711578,3
0.02785143256187439,-0.0329020619392395,-0.007449672960902376,0.053235411643981934,-0.07497555017471313,-0.014676955000723524,0.06958925724029541,-0.10771924257278442,-0.02409938576933257,0.08072179555892944,-0.13174426555633545,-0.032986699075664205,0.02269577980041504,-0.1422579288482666,-0.0054815350409995744,0.020168811082839966,-0.19673317670822144,-0.021026183323229475,0.03483426570892334,-0.1855122447013855,-0.03283933776732795,0.04291129112243652,-0.1644795536994934,-0.03861659246798865,0.0010785162448883057,-0.13966232538223267,-0.010482187786365671,-0.0035124123096466064,-0.19991004467010498,-0.025689678670133276,0.013987898826599121,-0.1785649061203003,-0.035418926210368795,0.021549701690673828,-0.1494562029838562,-0.03942683565732352,-0.0211009681224823,-0.1290619969367981,-0.01706278737005107,-0.02865925431251526,-0.18527531623840332,-0.028618017615045233,-0.011044561862945557,-0.16524845361709595,-0.028631726683343572,-0.0022689104080200195,-0.1394118070602417,-0.02628122124191634,-0.04457801580429077,-0.11082601547241211,-0.024675932185019178,-0.0534328818321228,-0.15174323320388794,-0.031476637752021475,-0.041049957275390625,-0.14948397874832153,-0.028554801301325483,-0.03316217660903931,-0.1387506127357483,-0.024763128192390127,0.11209396281389923,0.06307288123115613,0.02647895652732581,0.0,0.09009747006163533,0.06271719696691196,0.050012331834834785,0.06363782492952247,0.06176608632728857,0.0833441567814252,3
0.030264943838119507,-0.03389841318130493,-0.007875703851353055,0.057544589042663574,-0.07313406467437744,-0.01513658614702118,0.07567352056503296,-0.10379141569137573,-0.02510272862262619,0.08880895376205444,-0.12432461977005005,-0.0346316971058358,0.025141000747680664,-0.1352100968360901,0.00027969960366780455,0.029758960008621216,-0.18827569484710693,-0.017132790404032594,0.0419195294380188,-0.17889827489852905,-0.031938651221465,0.04857158660888672,-0.1552024483680725,-0.03891246544070137,0.00404202938079834,-0.13699251413345337,-0.004122172592799789,0.00453069806098938,-0.19564157724380493,-0.018694754334758645,0.01827186346054077,-0.18450236320495605,-0.0305442825133313,0.026635795831680298,-0.16041207313537598,-0.0361943967813958,-0.017608076333999634,-0.13111549615859985,-0.010949832963417894,-0.02300092577934265,-0.18844199180603027,-0.021606040763329393,-0.008116066455841064,-0.18130338191986084,-0.025149808841418153,0.0018196403980255127,-0.16130071878433228,-0.025386949645947343,-0.04053497314453125,-0.11755162477493286,-0.019033016281794435,-0.045292049646377563,-0.16092544794082642,-0.02510401571042431,-0.03267359733581543,-0.1624542474746704,-0.023600985872219926,-0.022490233182907104,-0.1518217921257019,-0.020846048014830476,0.10772325624489915,0.059982776130404175,0.024375234870866406,0.0,0.082557461048485,0.05811720145574541,0.0507196807398043,0.07490392043421285,0.07188745271206805,0.09452180985285473,3
0.029483646154403687,-0.027810990810394287,-0.009445696339946075,0.05788445472717285,-0.06472831964492798,-0.01711079964135198,0.07337099313735962,-0.09824168682098389,-0.02650391610060243,0.07666274905204773,-0.12783515453338623,-0.035920805499892516,0.03649452328681946,-0.135839581489563,-0.007705930356871171,0.04281270503997803,-0.1917489767074585,-0.02391685099993257,0.05300268530845642,-0.19134652614593506,-0.037441238031726165,0.05755016207695007,-0.17735987901687622,-0.04452810363564996,0.012752532958984375,-0.13899117708206177,-0.01209592839423923,0.011826694011688232,-0.20580697059631348,-0.02571552360151319,0.023745477199554443,-0.19676655530929565,-0.03700458557997255,0.028747469186782837,-0.17486172914505005,-0.04330650271568803,-0.011481046676635742,-0.131730318069458,-0.018091731906872077,-0.01887422800064087,-0.1929173469543457,-0.02910656036530046,-0.004948645830154419,-0.18169432878494263,-0.03255482690129785,0.0030778050422668457,-0.15964871644973755,-0.03354326190147905,-0.03706163167953491,-0.11527800559997559,-0.025124878824692054,-0.04496794939041138,-0.16021859645843506,-0.03275827990565805,-0.03325739502906799,-0.1582096815109253,-0.031793936357837005,-0.024669110774993896,-0.1440780758857727,-0.029814633742909713,0.11059250010154568,0.06584145310813515,0.029775980055186835,0.0,0.11263205546438676,0.08068449065209607,0.05308473712891744,0.0886672982305731,0.06713697017495683,0.08016761632185472,3
0.029239773750305176,-0.025343716144561768,-0.008536247754099335,0.058290690183639526,-0.06221848726272583,-0.015926741281154122,0.07626613974571228,-0.09122943878173828,-0.02525389029979941,0.08311152458190918,-0.11517333984375,-0.03430625445544955,0.038940638303756714,-0.13764137029647827,-0.006322691900285449,0.04537418484687805,-0.19678866863250732,-0.02295363716185328,0.057009339332580566,-0.19339847564697266,-0.03667343802154299,0.0627278983592987,-0.17450344562530518,-0.04365463204086062,0.014996528625488281,-0.14117932319641113,-0.010743650825324025,0.015270054340362549,-0.20579153299331665,-0.025492951491477456,0.02875390648841858,-0.18661761283874512,-0.03607847190797564,0.03340950608253479,-0.1589229702949524,-0.04124052471816775,-0.009700626134872437,-0.13524603843688965,-0.016856238463523354,-0.015097498893737793,-0.19736230373382568,-0.027918741324546303,-0.00036147236824035645,-0.17839455604553223,-0.02940335332751509,0.006083667278289795,-0.15233325958251953,-0.028779616796972718,-0.03610578179359436,-0.12012678384780884,-0.024030052343013253,-0.04269963502883911,-0.16312021017074585,-0.0308653900712752,-0.030949175357818604,-0.1541948914527893,-0.028109545105698075,-0.024559468030929565,-0.13610738515853882,-0.024736797654631104,0.1047450563587618,0.058483247448344794,0.024903206452644613,0.0,0.11237259759781436,0.08436731710573252,0.0627339913446739,0.08011931887922107,0.06621420397111884,0.08552280652421636,3
0.030260562896728516,-0.02459084987640381,-0.009108152485715948,0.059834808111190796,-0.06355607509613037,-0.016029546282517515,0.07424288988113403,-0.09902435541152954,-0.024558464310395323,0.07651031017303467,-0.1281338930130005,-0.03236688139222821,0.041956305503845215,-0.13523375988006592,-0.00769397780604919,0.0483950674533844,-0.19672662019729614,-0.025939960277902685,0.0584985613822937,-0.18567287921905518,-0.039160220197665296,0.061678797006607056,-0.16260355710983276,-0.04501939403198918,0.0171930193901062,-0.13876450061798096,-0.01188299456917008,0.017314016819000244,-0.206135094165802,-0.02719073580883702,0.029503852128982544,-0.1834757924079895,-0.03607461812280377,0.03324881196022034,-0.15516740083694458,-0.03958974244378766,-0.007912933826446533,-0.13218045234680176,-0.01801276417754849,-0.011264979839324951,-0.19366109371185303,-0.030709883443343244,0.0021368861198425293,-0.16922783851623535,-0.02948820056699475,0.007191389799118042,-0.14228010177612305,-0.026247347018944822,-0.03460034728050232,-0.11682027578353882,-0.025179013855087362,-0.037694692611694336,-0.16046792268753052,-0.03315691488169392,-0.026274919509887695,-0.1456933617591858,-0.02840375924788674,-0.021751701831817627,-0.12425744533538818,-0.022937081999408804,0.11340282582506182,0.06669607886464533,0.029197711796501685,0.0,0.09906464550131454,0.06480872872039123,0.03752507862422627,0.0695165877631099,0.051013407775648396,0.07074763560837379,3
0.02885490655899048,-0.025054454803466797,-0.00651702097844975,0.05478125810623169,-0.06697070598602295,-0.012535416048436332,0.07019063830375671,-0.09950965642929077,-0.02061840285774963,0.07609152793884277,-0.12411314249038696,-0.02834673178610103,0.030751734972000122,-0.13881731033325195,-0.006852020036845374,0.033905029296875,-0.20173507928848267,-0.022411468897431064,0.050546735525131226,-0.1917361617088318,-0.03493543667015331,0.05755192041397095,-0.1705315113067627,-0.04135589626845615,0.011284500360488892,-0.13989633321762085,-0.011942959849207568,0.011132091283798218,-0.20889931917190552,-0.02513018575724857,0.031103461980819702,-0.1948179006576538,-0.036281145636408496,0.03913384675979614,-0.16861850023269653,-0.04305148449954288,-0.009598582983016968,-0.13365447521209717,-0.01842779991444843,-0.013620585203170776,-0.1985425353050232,-0.02856387336966293,0.008184343576431274,-0.1864304542541504,-0.03272068453249233,0.018794864416122437,-0.16119009256362915,-0.034745487843125034,-0.03215530514717102,-0.11989009380340576,-0.02573293027695911,-0.03320002555847168,-0.16916799545288086,-0.033554717425673175,-0.015892714262008667,-0.1672082543373108,-0.03387011912879245,-0.005801975727081299,-0.15073281526565552,-0.03327779424604671,0.10974480400291536,0.060986766187378444,0.025301225757737918,0.0,0.1035978617940722,0.07213765355301123,0.04998381748875697,0.0757664608705498,0.05784978017160491,0.06824666935147476,3
0.032457828521728516,-0.03199172019958496,-0.0053365918643919485,0.05638793110847473,-0.07706105709075928,-0.008323281893893864,0.0654323399066925,-0.11601167917251587,-0.0140476598240582,0.06394943594932556,-0.14047282934188843,-0.01922662452088275,0.03528818488121033,-0.14027172327041626,0.004173072630152319,0.036323338747024536,-0.19555747509002686,-0.009841123486324932,0.04686689376831055,-0.18782460689544678,-0.022000971140727188,0.052130550146102905,-0.16729193925857544,-0.028380366864070083,0.01502266526222229,-0.1403738260269165,-0.0007438681855944651,0.01421433687210083,-0.1994209885597229,-0.014767252730592872,0.026078850030899048,-0.18020182847976685,-0.025099658297762062,0.029877901077270508,-0.15197741985321045,-0.029730408342942383,-0.006546974182128906,-0.13338565826416016,-0.007751020493373062,-0.0089455246925354,-0.18838900327682495,-0.02076228790210166,0.00318869948387146,-0.1636500358581543,-0.021966990905269768,0.007058382034301758,-0.1348865032196045,-0.019923795836433555,-0.03009060025215149,-0.11861193180084229,-0.015564279521271374,-0.028505265712738037,-0.1579986810684204,-0.02468206070588508,-0.017561286687850952,-0.1423817276954651,-0.0223558925859777,-0.013330429792404175,-0.11997967958450317,-0.01855383523033538,0.11295960507685145,0.06386101483289537,0.024506057858320864,0.0,0.09033126473951912,0.05297737899640601,0.02930786103339781,0.05057324018872115,0.03596143895022645,0.057164666141828004,3
0.02728530764579773,-0.028477191925048828,-0.007790094335572206,0.05003774166107178,-0.07140421867370605,-0.014150795620874845,0.06742683053016663,-0.10480368137359619,-0.022735823971228086,0.07827034592628479,-0.13255846500396729,-0.031115959492520773,0.028972119092941284,-0.13789987564086914,-0.0036656706137669914,0.027970045804977417,-0.19641238451004028,-0.019097239804462873,0.042804867029190063,-0.18673986196517944,-0.03340273266752192,0.05041971802711487,-0.16400498151779175,-0.04138978859503695,0.00896841287612915,-0.13867348432540894,-0.008249578160242521,0.002436816692352295,-0.20580434799194336,-0.021912212577657186,0.01922580599784851,-0.19250285625457764,-0.03578213146050402,0.027247756719589233,-0.16507577896118164,-0.04432571223099657,-0.012314528226852417,-0.131758451461792,-0.014558506292299711,-0.022533565759658813,-0.19446611404418945,-0.024766846654014074,-0.005852162837982178,-0.1849881410598755,-0.03219178607781359,0.003859192132949829,-0.159682035446167,-0.03651976501663157,-0.03510132431983948,-0.11758923530578613,-0.02181314220745989,-0.04376348853111267,-0.16216570138931274,-0.029238450434998953,-0.03200146555900574,-0.16418910026550293,-0.03208878180106112,-0.023350238800048828,-0.1514865756034851,-0.03370784884412714,0.11589816881293305,0.06735667589644247,0.02979781603598772,0.0,0.09260155066331674,0.06159574510024689,0.042006438497357246,0.07243675669080753,0.06050355622892966,0.07920042854927187,3
0.03136754035949707,-0.026952624320983887,-0.006743885047908904,0.061123788356781006,-0.06993556022644043,-0.013872362144466521,0.08273714780807495,-0.10260200500488281,-0.023254175141628863,0.09425753355026245,-0.12914156913757324,-0.03233677002805102,0.037797361612319946,-0.13489162921905518,-0.008122084133502128,0.04235294461250305,-0.19627898931503296,-0.025779715210374476,0.06074485182762146,-0.18354129791259766,-0.03933708596247065,0.07068672776222229,-0.15779972076416016,-0.04584649431722987,0.018249183893203735,-0.13322222232818604,-0.013578444190498473,0.022580236196517944,-0.2014855146408081,-0.02985653880256045,0.04456177353858948,-0.18138527870178223,-0.04092047217505801,0.053777873516082764,-0.15038561820983887,-0.04628527018445361,-0.002087891101837158,-0.1241830587387085,-0.0204721395226084,0.0016836225986480713,-0.1857508420944214,-0.034598717868503215,0.024044066667556763,-0.16272801160812378,-0.03675328794139254,0.033408135175704956,-0.13247781991958618,-0.035860376835044505,-0.023423969745635986,-0.10850954055786133,-0.02808654162305224,-0.017050862312316895,-0.15243762731552124,-0.038196979493077876,0.00037664175033569336,-0.13984990119934082,-0.03675284090655673,0.007811307907104492,-0.11755555868148804,-0.03395683917420733,0.11999054832053423,0.06784686110448805,0.028932123185172316,0.0,0.08838303297053302,0.056497791534921626,0.03710623317112576,0.05587408396063143,0.04571556078041255,0.060940789721056966,3
0.05484282970428467,0.023978620767593384,0.016807509882568183,0.09594765305519104,0.02978670597076416,0.01613855019044763,0.12862789630889893,0.03882911801338196,0.00917702290993816,0.15534961223602295,0.0498354434967041,0.001263689662522438,0.11457011103630066,-0.033222079277038574,0.006818900181173149,0.16239720582962036,-0.011745959520339966,-0.006847151258767781,0.18193784356117249,0.020905345678329468,-0.017231892498017487,0.1899302899837494,0.04966205358505249,-0.02373300276863688,0.10510846972465515,-0.038873136043548584,-0.010629679711342988,0.15580347180366516,5.048513412475586e-05,-0.02504317060279959,0.16992372274398804,0.04355314373970032,-0.03286417171526068,0.17227444052696228,0.07652255892753601,-0.03774461120534056,0.0909416675567627,-0.03229290246963501,-0.027753024996997055,0.13815268874168396,0.009627580642700195,-0.04000049427318686,0.152004212141037,0.05061441659927368,-0.04146180272269362,0.1553080677986145,0.08171588182449341,-0.04199658304619902,0.07460543513298035,-0.01641690731048584,-0.04378205135631674,0.10750654339790344,0.016257137060165405,-0.051355853380442795,0.1218600869178772,0.0435640811920166,-0.05078716546464079,0.12949079275131226,0.0654541552066803,-0.05008875176477545,0.10377951925368892,0.0626940557860572,0.028899641913607513,0.0,0.09606125903210938,0.06225219645415181,0.03458111243950323,0.0576698908454679,0.031601454756012844,0.03188046539673248,3
0.05394101142883301,0.023505091667175293,0.01813100562822001,0.09398218989372253,0.031076163053512573,0.014928376352600026,0.12662866711616516,0.04484739899635315,0.005174601501039433,0.15395313501358032,0.05924028158187866,-0.006086301473715139,0.11641553044319153,-0.036239176988601685,-0.001774167824351025,0.16569951176643372,-0.01367524266242981,-0.018343935670145584,0.18513989448547363,0.020771175622940063,-0.029996831850894523,0.19280505180358887,0.05210736393928528,-0.03739378689397199,0.10547038912773132,-0.04366987943649292,-0.02207919857073648,0.15612488985061646,0.0017045140266418457,-0.039416802065261436,0.16932255029678345,0.04779857397079468,-0.047926750914939475,0.16991528868675232,0.08122727274894714,-0.05340248434413297,0.08897852897644043,-0.037424296140670776,-0.04135449691284521,0.1344597339630127,0.008839130401611328,-0.05599173246491773,0.14606213569641113,0.0526314377784729,-0.05739815993774755,0.14755740761756897,0.0835418701171875,-0.05791037990320547,0.07111531496047974,-0.02158379554748535,-0.059291330115684104,0.10309040546417236,0.013933002948760986,-0.0692846299575649,0.1159462034702301,0.04400375485420227,-0.06902200444210393,0.12211984395980835,0.067135751247406,-0.06838220818508489,0.10620465461631466,0.06625505136251007,0.030883354982864077,0.0,0.10103598095111581,0.06657342548848219,0.03950126519940555,0.05654402551331041,0.027170169864516962,0.025129117259934622,3
0.047025442123413086,0.009344249963760376,0.01996252238160423,0.08949899673461914,0.025806307792663574,0.01995862386530689,0.1245652437210083,0.04815596342086792,0.014301009656549013,0.1522810161113739,0.06666150689125061,0.008238559769154108,0.10645729303359985,-0.019855231046676636,0.00508855860090307,0.15635621547698975,0.009658992290496826,-0.002344670990794384,0.16897007822990417,0.04286518692970276,-0.005187287280648434,0.1701807677745819,0.06639337539672852,-0.006292963685780251,0.09962373971939087,-0.021671056747436523,-0.011894429853498423,0.15679305791854858,0.011684566736221313,-0.019676799705564463,0.16350427269935608,0.05299380421638489,-0.020722866809308016,0.15898987650871277,0.07810702919960022,-0.02112113573247143,0.08724579215049744,-0.01258745789527893,-0.027388679614603006,0.14062818884849548,0.021999239921569824,-0.03290493861430832,0.14558371901512146,0.05869057774543762,-0.028543223446547472,0.14038881659507751,0.07827067375183105,-0.026099283999144518,0.07171404361724854,0.004991292953491211,-0.04107192233794876,0.1072879433631897,0.032438427209854126,-0.04116517752999016,0.11431321501731873,0.05544975399971008,-0.035289660847126925,0.11192795634269714,0.0682716965675354,-0.03183184266680428,0.11984992197422166,0.07490480125071021,0.03332595352467466,0.0,0.09031532668845257,0.04912615627401981,0.017901759804635757,0.04563027157326862,0.013266830395460342,0.01661918062156493,3
0.044769614934921265,-0.008107930421829224,0.020323052875582448,0.08918654918670654,0.001435786485671997,0.01828783924121069,0.12577584385871887,0.0199582576751709,0.011110371783260575,0.15418106317520142,0.04133802652359009,0.0029245525262098226,0.10809400677680969,-0.029981791973114014,-0.00781777979445053,0.16232043504714966,0.0011519193649291992,-0.021559406198676356,0.179514080286026,0.03781169652938843,-0.027146056421216258,0.18557241559028625,0.06842193007469177,-0.029478045307214984,0.09800940752029419,-0.028622984886169434,-0.026250101752694377,0.15621832013130188,0.014717161655426025,-0.041116288058574924,0.16920381784439087,0.059827566146850586,-0.04278447677951647,0.17036795616149902,0.09194347262382507,-0.04286009272199465,0.08327087759971619,-0.01648932695388794,-0.04274397914868189,0.13824611902236938,0.025612086057662964,-0.053687902294214496,0.15097612142562866,0.06640434265136719,-0.04939128657441927,0.15354284644126892,0.0954771637916565,-0.04601034348469568,0.06712073087692261,0.004299163818359375,-0.057281347118433246,0.10550549626350403,0.038167715072631836,-0.061725797258432635,0.1218864917755127,0.06576469540596008,-0.05771095877152277,0.13036373257637024,0.08560097217559814,-0.05489517202239824,0.12006568062641282,0.07626582202169127,0.03555208855228211,0.0,0.1173770790030894,0.0769698482088705,0.04146028024523509,0.08467778723388857,0.05313122132563526,0.05414289893171595,3
0.0409567654132843,0.010743409395217896,0.01927543746873539,0.08255308866500854,0.019106656312942505,0.021395792612878495,0.11906179785728455,0.03702089190483093,0.018433680186120682,0.14694654941558838,0.054664283990859985,0.014999847287384682,0.10550305247306824,-0.025141745805740356,0.0055389626753310495,0.1571655571460724,0.004685759544372559,-0.003080852901490516,0.1696542501449585,0.04069969058036804,-0.006931324595512933,0.17038708925247192,0.0684555172920227,-0.008200596658440418,0.09971529245376587,-0.0282936692237854,-0.009338165273817367,0.15534192323684692,0.011516332626342773,-0.019393932646067924,0.16115429997444153,0.05397379398345947,-0.021738259693535156,0.15562325716018677,0.08160847425460815,-0.022122614657433815,0.0883094072341919,-0.020759165287017822,-0.022904595931919403,0.14135777950286865,0.018850505352020264,-0.030950604578407592,0.1447107493877411,0.057005077600479126,-0.027822301363499946,0.13782700896263123,0.08104902505874634,-0.024795327907355613,0.0741952657699585,-0.0052568018436431885,-0.03465071750238735,0.10988366603851318,0.027175158262252808,-0.03864736912206013,0.11917388439178467,0.05355760455131531,-0.03598040772035915,0.12014353275299072,0.07131427526473999,-0.03349366096213657,0.11472958440655659,0.07355856628237033,0.032997706795619614,0.0,0.10074781257740091,0.06018655339886125,0.027196636259133666,0.057661016346886744,0.02830679505444294,0.02791631385574626,3
0.04034954309463501,0.023637443780899048,0.01749212220184404,0.08114957809448242,0.02831369638442993,0.02103651985399324,0.11428418755531311,0.03734421730041504,0.020016114412470642,0.13884148001670837,0.04944369196891785,0.019124415888114754,0.10883495211601257,-0.034542590379714966,0.01027526166163284,0.16330406069755554,-0.014026790857315063,0.005158766823484484,0.181929349899292,0.020024597644805908,0.001517175881787125,0.18858495354652405,0.04825529456138611,-0.00019278169619951768,0.1062822937965393,-0.040850281715393066,-0.002390521626324471,0.1700112521648407,-0.014373451471328735,-0.008407846839503463,0.18688246607780457,0.027642488479614258,-0.010844810680822548,0.19020208716392517,0.05946671962738037,-0.011646937393919643,0.10015121102333069,-0.03224766254425049,-0.013981725835577663,0.16010808944702148,-0.005748748779296875,-0.017120542751030143,0.17665451765060425,0.03410974144935608,-0.01651460752017897,0.18021711707115173,0.06373050808906555,-0.016201977433041748,0.09200134873390198,-0.012742787599563599,-0.024227277190760788,0.13521620631217957,0.013437330722808838,-0.023588624597863372,0.15189895033836365,0.04270923137664795,-0.02063859515018862,0.1579556167125702,0.06683284044265747,-0.018596400321797546,0.10181661988203744,0.061439663579842436,0.02737622874481147,0.0,0.10927043166553489,0.07509763933623724,0.04975766722033601,0.07907548665793898,0.05232946636430608,0.04377278214269615,3
0.0377860963344574,0.016270041465759277,0.010290225815253962,0.07900804281234741,0.026547729969024658,0.008585116673486937,0.1133614182472229,0.04508101940155029,0.002864680798950303,0.1400148868560791,0.06028816103935242,-0.002693539637846243,0.10943061113357544,-0.031266748905181885,0.002382102502735961,0.1624113917350769,-0.007705777883529663,-0.005766368157935631,0.17837285995483398,0.02494761347770691,-0.010755621980649721,0.1824992597103119,0.048047661781311035,-0.013358275558573496,0.10546565055847168,-0.035693198442459106,-0.008794949542505037,0.16367441415786743,-0.0009747147560119629,-0.017613274197799456,0.16917815804481506,0.04522639513015747,-0.02141592201195408,0.16262534260749817,0.07309657335281372,-0.023066458444816362,0.09660723805427551,-0.027721017599105835,-0.01936872970662762,0.15203213691711426,0.007422298192977905,-0.02730871845386673,0.15463706851005554,0.050661832094192505,-0.026459598134977114,0.14602956175804138,0.07445314526557922,-0.025157029893023264,0.08440053462982178,-0.011276394128799438,-0.028975798900944483,0.12103885412216187,0.023615539073944092,-0.03237683993182827,0.12459099292755127,0.05229881405830383,-0.029472355883342516,0.1180107593536377,0.06709429621696472,-0.027086024325114977,0.11130283222950238,0.06971550551339163,0.030686553173588232,0.0,0.10570089423914299,0.06920146016656455,0.04421257466947139,0.0566727933542284,0.02598630668791752,0.015389057550920694,3
0.04071545600891113,0.007674992084503174,0.015868993027368106,0.0832812488079071,0.017401069402694702,0.016521393804111995,0.11976468563079834,0.03539779782295227,0.012508264294126548,0.1480066478252411,0.052969932556152344,0.00844262868002943,0.10934346914291382,-0.031959474086761475,0.007258602435001649,0.1638200879096985,-0.006053298711776733,-0.00014030355424665686,0.1766919493675232,0.03244513273239136,-0.004800880310824596,0.17778846621513367,0.0617736279964447,-0.0067770914004654514,0.10491546988487244,-0.034407973289489746,-0.005655475409469091,0.16366827487945557,-0.0019214451313018799,-0.011333972664317571,0.1733267903327942,0.04260721802711487,-0.01432639219029852,0.170680433511734,0.07277822494506836,-0.01645165540440985,0.09529492259025574,-0.025281190872192383,-0.017699972243747197,0.14910829067230225,0.008778125047683716,-0.021526061447104894,0.1576310694217682,0.05050647258758545,-0.020289125369629346,0.15494146943092346,0.07701340317726135,-0.020020164998015844,0.08340287208557129,-0.007978469133377075,-0.02834057666524359,0.12185591459274292,0.022345632314682007,-0.027904576139292203,0.13259127736091614,0.05111834406852722,-0.024085764290532552,0.13322660326957703,0.06980058550834656,-0.021780135558685743,0.11646042878891848,0.07385473108733452,0.033262416443699185,0.0,0.10440564208036156,0.06373730093626497,0.031055784646567348,0.06316414896210379,0.030107623697691575,0.025023593471177778,3
0.04967823624610901,0.011691749095916748,0.024623953200133997,0.09251669049263,0.009896725416183472,0.03061643841043349,0.12593966722488403,0.01307004690170288,0.03015712315514918,0.15225940942764282,0.022744834423065186,0.02814952137246962,0.10792243480682373,-0.04462164640426636,0.014057501613351064,0.15981236100196838,-0.018600642681121826,0.007197265441718059,0.18027475476264954,0.01358187198638916,0.0022007128439867074,0.1904485523700714,0.04201275110244751,-0.001414596058239681,0.10104164481163025,-0.04495722055435181,-0.0041039163030660575,0.1609291434288025,-0.01422068476676941,-0.012638927974549574,0.18076187372207642,0.021772921085357666,-0.017697741814700407,0.18863508105278015,0.05082651972770691,-0.021499704175440115,0.09084558486938477,-0.03377467393875122,-0.020948279254881186,0.14741238951683044,-0.0031434297561645508,-0.027118444048610968,0.16651934385299683,0.03010067343711853,-0.02760597092732553,0.17518669366836548,0.05588337779045105,-0.02906037455126409,0.08010327816009521,-0.0138511061668396,-0.03577003402337198,0.12064379453659058,0.010476827621459961,-0.04109307525381212,0.14120981097221375,0.032286137342453,-0.042178509362784666,0.15481415390968323,0.050420671701431274,-0.04347995442971353,0.10317493778311211,0.061108643994124544,0.028041582394779184,0.0,0.10306351768042382,0.07070414690190935,0.04277456314026904,0.0731865162124276,0.045954004566835654,0.04029669240976241,3
0.03885239362716675,-0.018486112356185913,0.015321639699266143,0.07913988828659058,-0.02665582299232483,0.01851768545560617,0.1108558177947998,-0.02485594153404236,0.019861829799936004,0.1345934271812439,-0.01585245132446289,0.020765393373892493,0.10594317317008972,-0.041360557079315186,-0.0062878221670530365,0.16275674104690552,-0.030180424451828003,-0.014477518054320626,0.19570529460906982,-0.02027544379234314,-0.01650777891524058,0.22066116333007812,-0.007410526275634766,-0.01692150779314261,0.10158118605613708,-0.03505754470825195,-0.01713645890600901,0.16360238194465637,-0.019306927919387817,-0.03102655768640261,0.19723019003868103,-0.0030362606048583984,-0.03492280714459639,0.2228568196296692,0.013743668794631958,-0.03634768598027449,0.09255775809288025,-0.018975675106048584,-0.025629472585990243,0.1467788815498352,0.0049569010734558105,-0.03622648738570433,0.1738494336605072,0.02751174569129944,-0.03746525816865187,0.19375216960906982,0.049233078956604004,-0.03751171626396399,0.07917490601539612,0.0044300854206085205,-0.03219347320742827,0.11859378218650818,0.024943828582763672,-0.03901838384814482,0.14092570543289185,0.04699012637138367,-0.040155934768392854,0.15795552730560303,0.06541407108306885,-0.04044677563257437,0.09577725030732999,0.05649608672585023,0.025387731984905466,0.0,0.14282385212438395,0.11118253649589106,0.08648075684402501,0.11846583612814252,0.09309326921216501,0.0879538689177999,3
0.052683740854263306,0.016742318868637085,0.023315285305699263,0.09171289205551147,0.01986655592918396,0.028498838628848944,0.12358880043029785,0.029066741466522217,0.02685310409518138,0.14812061190605164,0.03855496644973755,0.025190359886011038,0.11321520805358887,-0.042190879583358765,0.023254591013511572,0.15683364868164062,-0.001362919807434082,0.019502648125609312,0.16809242963790894,0.037137746810913086,0.014982984374483976,0.16926372051239014,0.0652150809764862,0.012618083480020914,0.1067170798778534,-0.04508596658706665,0.007782574250569496,0.15401208400726318,0.004528611898422241,0.005265823072960529,0.1609668731689453,0.04700666666030884,0.0026049299363251066,0.15801683068275452,0.07434415817260742,0.0005676877067628538,0.09599155187606812,-0.0354250967502594,-0.00680447419060215,0.14108428359031677,0.013689100742340088,-0.007142336134592142,0.14536505937576294,0.052856624126434326,-0.004436996326575127,0.14022335410118103,0.07671675086021423,-0.0029943310923670197,0.08365270495414734,-0.017131924629211426,-0.01989529936460599,0.11823666095733643,0.021213948726654053,-0.014399725039282885,0.12343260645866394,0.04589128494262695,-0.0073774270981346035,0.1203802227973938,0.061419904232025146,-0.0029406948283110523,0.09789784446377234,0.0594229547104632,0.026302779085374928,0.0,0.08983662793267577,0.05824861177601695,0.03402635372940774,0.05687999411603833,0.037132214992546625,0.03897035373496488,3
0.05980885028839111,0.019980788230895996,0.03497115516262994,0.09529277682304382,0.024663716554641724,0.04051112004714952,0.12445864081382751,0.0317804217338562,0.0371430850883101,0.15038111805915833,0.03798180818557739,0.031622517790374616,0.1126374900341034,-0.034126341342926025,0.012934671651301244,0.15655145049095154,-0.0007214546203613281,0.002573889849436739,0.16857418417930603,0.03445973992347717,-0.003560850926014325,0.17086607217788696,0.06149813532829285,-0.007728187896582028,0.10188809037208557,-0.038424402475357056,-0.01325694384825482,0.15241563320159912,0.00023928284645080566,-0.02652616618973269,0.16254007816314697,0.04027315974235535,-0.031154895264926097,0.1604335904121399,0.06845676898956299,-0.03423575318259253,0.08588048815727234,-0.03067156672477722,-0.03708686685961737,0.13323786854743958,0.006189435720443726,-0.04746039963168158,0.14335697889328003,0.043130695819854736,-0.04593486717742934,0.1436428427696228,0.06702926754951477,-0.04523586860698714,0.06860938668251038,-0.01470920443534851,-0.057909905974092624,0.10115516185760498,0.008415132761001587,-0.0658089146654035,0.11623239517211914,0.02863222360610962,-0.06589760637682929,0.12472230195999146,0.043910443782806396,-0.0662197024266149,0.09234377298198507,0.056675364179126296,0.026653930675573628,0.0,0.0840719773597782,0.055107097429377035,0.031187353006140693,0.051374618700505276,0.032090114309735907,0.02981877343850948,3
0.04181399941444397,-0.0017899870872497559,0.00764907461316966,0.08375653624534607,0.0012968778610229492,0.005592996559158792,0.1195889413356781,0.01201850175857544,0.0007108498965919807,0.14847123622894287,0.027706533670425415,-0.004536883600934516,0.11134234070777893,-0.04205131530761719,0.0006036073454254165,0.16728228330612183,-0.012934058904647827,-0.010340258174522887,0.18863710761070251,0.020283758640289307,-0.01878615158884145,0.19944939017295837,0.04933464527130127,-0.02414559076814271,0.10794952511787415,-0.04304373264312744,-0.009338614226265918,0.16626212000846863,-0.009051531553268433,-0.01904084596125699,0.18578413128852844,0.027976959943771362,-0.02674934703199483,0.195197194814682,0.0589088499546051,-0.032776414112134944,0.09823659062385559,-0.03442832827568054,-0.019213550419493686,0.15033182501792908,-0.004219025373458862,-0.027678425119205485,0.16885223984718323,0.03034880757331848,-0.032031464085861217,0.1780705749988556,0.05963441729545593,-0.035894802466913234,0.08558547496795654,-0.01920109987258911,-0.02827985274879552,0.11894828081130981,0.0024508535861968994,-0.03384509559063531,0.13568910956382751,0.023903608322143555,-0.035546677813812266,0.14611122012138367,0.04224598407745361,-0.03728496532229997,0.11066079207068807,0.06989608225028102,0.03286793731843742,0.0,0.12526956353272664,0.08814865770477852,0.05537641547590169,0.08896804340936249,0.05618629501270033,0.0435374621261914,3
0.04160687327384949,0.009754300117492676,0.006469901721260385,0.08230745792388916,0.015296459197998047,0.0060856790051673215,0.11795923113822937,0.027465760707855225,0.0032438282624696058,0.1451052725315094,0.04244852066040039,0.0011184279111091655,0.11115643382072449,-0.03681632876396179,0.004671675223193006,0.16309750080108643,-0.004482895135879517,-0.002040655747720166,0.1726151406764984,0.033714890480041504,-0.007227660086670085,0.17080485820770264,0.05885809659957886,-0.009777834103175564,0.10631906986236572,-0.0374218225479126,-0.001556988269754811,0.16166889667510986,-0.0014619827270507812,-0.005545104318031235,0.16626504063606262,0.03915435075759888,-0.008811735943623944,0.16142356395721436,0.061559855937957764,-0.011712033697136803,0.09699171781539917,-0.02838912606239319,-0.007818346307345792,0.14969736337661743,0.00482746958732605,-0.01122263579136984,0.152521550655365,0.040956050157547,-0.010488298185833855,0.14490631222724915,0.060476094484329224,-0.010551234171458646,0.08493193984031677,-0.012874245643615723,-0.013435585819848939,0.12209001183509827,0.01464661955833435,-0.013914878875681325,0.1264960765838623,0.038257479667663574,-0.010920380637713833,0.12104082107543945,0.05041515827178955,-0.00890053568846838,0.10853953522015039,0.06841637202564249,0.031006300313343803,0.0,0.09863775195177714,0.06146656858085251,0.03049168552952856,0.0552408866416787,0.025130256089929623,0.01802867169760089,3
0.05128553509712219,0.011040270328521729,0.013108669084758162,0.09330281615257263,0.012152880430221558,0.015920976412743926,0.1278628408908844,0.019006073474884033,0.0143069357176131,0.1561894416809082,0.030272185802459717,0.012391464089304804,0.11294522881507874,-0.04047611355781555,0.012536002558917403,0.1639193296432495,-0.01091676950454712,0.0027159347695118186,0.18083831667900085,0.026533812284469604,-0.005509391191154123,0.1855720579624176,0.05693593621253967,-0.010204959424882531,0.1062251627445221,-0.044612616300582886,0.0010126761657005545,0.1616428792476654,-0.01122194528579712,-0.009125110457389951,0.17441388964653015,0.031164616346359253,-0.017225090178399682,0.17463847994804382,0.06271746754646301,-0.022206041726022363,0.09447529911994934,-0.03704151511192322,-0.010563915359526277,0.14512589573860168,-0.0068381428718566895,-0.020049459996371866,0.1564960777759552,0.03167295455932617,-0.024400993945747018,0.15610983967781067,0.060537904500961304,-0.026585291835218072,0.08033552765846252,-0.02147945761680603,-0.020884306865482927,0.11387079954147339,-1.2665987014770508e-05,-0.028393985467701555,0.12822026014328003,0.023606061935424805,-0.03131171851113379,0.13416388630867004,0.043590396642684937,-0.03262699930623114,0.10665222074263807,0.06544491498591411,0.03048477651705733,0.0,0.10256283473737385,0.06905815102004062,0.03967737044560111,0.06402067151230552,0.037323763481594247,0.030265823379114036,3
0.06039872765541077,0.005044907331466675,0.01824169110375351,0.11248156428337097,0.004615277051925659,0.01491660874205536,0.15218669176101685,0.01257595419883728,0.005838347299572888,0.18547114729881287,0.024251043796539307,-0.00578952657190257,0.12357637286186218,-0.045555949211120605,-0.015847883486571845,0.18663939833641052,-0.0380609929561615,-0.03956400167328411,0.2181832492351532,-0.007836848497390747,-0.05398506235462719,0.2378728687763214,0.026884078979492188,-0.06286622148138576,0.1092427670955658,-0.0454748272895813,-0.0382745445905357,0.17732089757919312,-0.0337197482585907,-0.06352164905649715,0.20836418867111206,0.009132951498031616,-0.07568017702681118,0.2248721718788147,0.05033329129219055,-0.08408502053600841,0.09058600664138794,-0.03421059250831604,-0.05914398219567829,0.15325301885604858,-0.01928544044494629,-0.08128242503983074,0.18243306875228882,0.0198192298412323,-0.0881649584708839,0.1993691623210907,0.05520409345626831,-0.09297794412952953,0.07097142934799194,-0.016217947006225586,-0.07774631988388592,0.115380197763443,-0.0009399950504302979,-0.0964313627420097,0.14451229572296143,0.023544222116470337,-0.10335219215733105,0.16506478190422058,0.04569429159164429,-0.10857536208015972,0.12653847570351978,0.07558467149109639,0.03527269053477336,0.0,0.127353361878409,0.08687256969974412,0.05246783098319434,0.08190723731353595,0.047251712904172204,0.033930017754152594,3
0.06711164116859436,-0.009077757596969604,0.018264373242516285,0.1238170862197876,-0.01867908239364624,0.017370685413141018,0.16981971263885498,-0.014843910932540894,0.01051805674995876,0.20665356516838074,-0.006140083074569702,0.002421076586131221,0.13010039925575256,-0.07680848240852356,-0.0048331795822491586,0.19827070832252502,-0.06601718068122864,-0.02717851527069115,0.22768497467041016,-0.029149144887924194,-0.041531915366988414,0.24284186959266663,0.0076431334018707275,-0.05007025837932133,0.11458119750022888,-0.07301625609397888,-0.025258297622542614,0.1894988715648651,-0.05782657861709595,-0.04921683162484669,0.21565142273902893,-0.010924279689788818,-0.06069706246290707,0.22764647006988525,0.02825137972831726,-0.0681987577680161,0.09584611654281616,-0.055860430002212524,-0.04484648123417401,0.1656598150730133,-0.03930431604385376,-0.06598078697953724,0.1928771734237671,0.0025734007358551025,-0.07024658709798359,0.20644327998161316,0.03915393352508545,-0.07227204978499913,0.07739993929862976,-0.029131770133972168,-0.06247992679510617,0.12830841541290283,-0.01079869270324707,-0.07823492825065159,0.15854912996292114,0.01601395010948181,-0.0823928216103127,0.17863404750823975,0.03956201672554016,-0.08517932385240101,0.13957284293572914,0.08378012144013947,0.03784824053437685,0.0,0.12190060746914488,0.076406168396831,0.03872428738584106,0.07211891535603585,0.0402923661495074,0.045294504739422974,3
0.07436670362949371,-0.026646316051483154,0.017570772916315036,0.13367269933223724,-0.04631507396697998,0.010623037591813045,0.17930640280246735,-0.05117174983024597,-0.002240661754967732,0.22023262083530426,-0.044064730405807495,-0.018422769605876965,0.1409948617219925,-0.09731590747833252,-0.021099331080677075,0.21303699910640717,-0.09021738171577454,-0.04816387802338795,0.2496481090784073,-0.0658111572265625,-0.06568087100959019,0.2753399759531021,-0.036511123180389404,-0.07823711842274861,0.11990834772586823,-0.08585923910140991,-0.047495944648744626,0.1975104957818985,-0.07163691520690918,-0.07532063335156636,0.23263807594776154,-0.04329577088356018,-0.0925469791886826,0.2582351714372635,-0.019004136323928833,-0.10722576290345387,0.0918908566236496,-0.0673617422580719,-0.07203489750600056,0.16073112189769745,-0.054470449686050415,-0.09733639121031956,0.19208265841007233,-0.029389947652816772,-0.10701289981579976,0.2154874950647354,-0.008357703685760498,-0.1159622019526978,0.06176234781742096,-0.048736125230789185,-0.09407811075425343,0.09230311214923859,-0.05634501576423645,-0.11613013058877186,0.11601318418979645,-0.05641445517539978,-0.12484754830575184,0.13684509694576263,-0.05749163031578064,-0.1325952431557198,0.14690223606504876,0.08658916824153258,0.04153871745216324,0.0,0.14200610802426258,0.09714618441217752,0.05562263541216803,0.08523207070637775,0.045521722594725735,0.036020938018944855,3
0.04554888606071472,0.0014057457447052002,-0.012330094676343606,0.08701437711715698,-0.001211702823638916,-0.024243623342243836,0.1222398579120636,0.008128315210342407,-0.0385546408108155,0.15005448460578918,0.017672091722488403,-0.0535034037640969,0.08462962508201599,-0.0770253837108612,-0.008552911084024117,0.11303207278251648,-0.09039592742919922,-0.030074691723910973,0.12687447667121887,-0.06472793221473694,-0.049173849027482675,0.1321694552898407,-0.03588324785232544,-0.06134712542208831,0.06109526753425598,-0.09627529978752136,-0.015161804247526334,0.08109080791473389,-0.1462026834487915,-0.035483831863729165,0.09377312660217285,-0.12262934446334839,-0.05264392341288726,0.09780415892601013,-0.09505012631416321,-0.06330006788286369,0.03267490863800049,-0.10289144515991211,-0.024059387247888253,0.04773929715156555,-0.15393361449241638,-0.04539990271243255,0.05771389603614807,-0.11801353096961975,-0.053467335503427194,0.060056865215301514,-0.08392614126205444,-0.056119336139289544,0.003390371799468994,-0.09515184164047241,-0.033846030335752175,0.0068635642528533936,-0.11388349533081055,-0.05161627600702445,0.012767970561981201,-0.08931928873062134,-0.05514581347617309,0.014751195907592773,-0.06687352061271667,-0.05548485214623611,0.10576395481794927,0.06580769596816659,0.0294064130458834,0.0,0.05693063427942301,0.04511778570922942,0.05646280785265606,0.10603251473186345,0.1242432894475408,0.13572683021988147,3
0.04849618673324585,0.0007597804069519043,-0.007552890956802116,0.0894489586353302,-0.003419727087020874,-0.01697872244979237,0.12357774376869202,0.00040984153747558594,-0.029624283697856413,0.15314939618110657,0.00035122036933898926,-0.043545110535276876,0.08827266097068787,-0.08118569850921631,-0.0016107637550959453,0.11227864027023315,-0.11439836025238037,-0.018567657482279287,0.12890103459358215,-0.10877996683120728,-0.0343587756272683,0.13926604390144348,-0.09670022130012512,-0.04487358630861138,0.0656927227973938,-0.09688931703567505,-0.009726571303261267,0.08852460980415344,-0.14075933396816254,-0.02757062428857182,0.1012788712978363,-0.12649086117744446,-0.045623818796528326,0.10728389024734497,-0.10749322175979614,-0.057584116619480596,0.0393601655960083,-0.10163751244544983,-0.01997141205931996,0.05854618549346924,-0.1296776533126831,-0.04105564431513642,0.07036489248275757,-0.10704547166824341,-0.05441674069727753,0.07554677128791809,-0.08522111177444458,-0.06130380780662392,0.013341844081878662,-0.09410202503204346,-0.030344738077772604,0.02952718734741211,-0.10807383060455322,-0.04822143019403313,0.04447734355926514,-0.09418296813964844,-0.05577724651659821,0.054377347230911255,-0.08159008622169495,-0.05988845826352929,0.104654006942124,0.0638119564677497,0.029571710515998512,0.0,0.10574966943235414,0.09836913675222553,0.09803942982618076,0.10912635214058125,0.11719244144868857,0.11551965814890092,3
0.05017530918121338,0.004504978656768799,-0.019744621314316646,0.09020650386810303,0.0025198161602020264,-0.032019883118778125,0.12367194890975952,0.006623059511184692,-0.04567162292471494,0.1514257788658142,0.012771129608154297,-0.060614131115585224,0.09296727180480957,-0.08090513944625854,-0.005881932754277841,0.1102520227432251,-0.11271080374717712,-0.023516306378155605,0.12086772918701172,-0.1170654296875,-0.041541173778682605,0.12657630443572998,-0.11209496855735779,-0.054242957107931034,0.07164132595062256,-0.09719333052635193,-0.0077922085339423575,0.08618485927581787,-0.13821017742156982,-0.0263631732242402,0.0939975380897522,-0.13424693048000336,-0.04721292825809087,0.09792664647102356,-0.12216207385063171,-0.06175425993671979,0.04502302408218384,-0.10159340500831604,-0.013004276626020328,0.05203664302825928,-0.14209973812103271,-0.03456627549996938,0.05486941337585449,-0.12472859025001526,-0.05075861113539304,0.054485321044921875,-0.09823417663574219,-0.05976365106573667,0.01586472988128662,-0.09470227360725403,-0.01962842392197217,0.011750966310501099,-0.1183144748210907,-0.03858594941368665,0.01368066668510437,-0.1050947904586792,-0.048665042691141025,0.015250280499458313,-0.08435279130935669,-0.05448287325373258,0.10158733613449741,0.062071644562179534,0.028426639673849077,0.0,0.1202468763385625,0.11875354929224,0.12731472362036808,0.13133328280631235,0.14515208080715025,0.14737581340513595,3
0.05077439546585083,0.0021840929985046387,-0.012464038608158035,0.08926776051521301,0.0020031630992889404,-0.02828163891055624,0.1223897635936737,0.011248677968978882,-0.047342272987151546,0.15377089381217957,0.016025125980377197,-0.06866699322083036,0.08312436938285828,-0.07229429483413696,-0.018142795702004832,0.11225146055221558,-0.09170430898666382,-0.049780363728785915,0.12833091616630554,-0.09296289086341858,-0.07898252322294752,0.13581448793411255,-0.08304980397224426,-0.09925824268677275,0.058541715145111084,-0.08485710620880127,-0.029874519025469226,0.09086859226226807,-0.12191668152809143,-0.06930808587887327,0.10786893963813782,-0.10994628071784973,-0.1064680130682234,0.11598330736160278,-0.09151780605316162,-0.13105785711624662,0.03228104114532471,-0.08951389789581299,-0.04329671575644056,0.058400481939315796,-0.12309366464614868,-0.08377690478184263,0.0706324577331543,-0.09611061215400696,-0.11465778066732923,0.07291585206985474,-0.06433495879173279,-0.1319531039796118,0.006355315446853638,-0.08481389284133911,-0.05634720115878622,0.020388782024383545,-0.08796152472496033,-0.0930187316141371,0.029955953359603882,-0.06262898445129395,-0.11590096219399015,0.03549855947494507,-0.038226574659347534,-0.1300934390626196,0.10392234055106045,0.06600961784592342,0.03174255486561239,0.0,0.09695671735924564,0.09524928829149307,0.10068899769674305,0.102965979428772,0.11398852538799756,0.11399684644644252,3
0.04427623748779297,0.0027706921100616455,-0.009218049243543192,0.0814172625541687,-0.0006577074527740479,-0.023772832014117284,0.11380112171173096,0.005585819482803345,-0.04085384496346478,0.14158201217651367,0.006544589996337891,-0.05921058543816571,0.0850939154624939,-0.06505122780799866,-0.024164479233775182,0.11974841356277466,-0.08696529269218445,-0.054773094140443845,0.13786765933036804,-0.0708504319190979,-0.07831392624274258,0.14972040057182312,-0.04719391465187073,-0.09319225140706067,0.05972003936767578,-0.08242186903953552,-0.035087319098863645,0.08955705165863037,-0.12931561470031738,-0.07173457183733944,0.09251943230628967,-0.0954226553440094,-0.09363012947932248,0.08903458714485168,-0.06126365065574646,-0.10488616862193112,0.033487141132354736,-0.09044080972671509,-0.04680499248996739,0.05503186583518982,-0.13369806110858917,-0.07949862071171765,0.052437275648117065,-0.09403103590011597,-0.08496649005309109,0.04562249779701233,-0.062406718730926514,-0.08366611786976819,0.007733464241027832,-0.09016838669776917,-0.058633154266033216,0.018242627382278442,-0.10785731673240662,-0.08325299062624936,0.01729443669319153,-0.07465311884880066,-0.08411356993809704,0.01349899172782898,-0.051435887813568115,-0.08115062304631238,0.09737893043686667,0.060594308195283025,0.027797430023544956,0.0,0.08264948423030846,0.06384273591534077,0.05435126721152366,0.07128978112084008,0.08578571779608259,0.11816307111425402,3
0.04568547010421753,-0.010082155466079712,0.0005990245735585376,0.0812792181968689,-0.018898755311965942,-0.004353923443021657,0.10995352268218994,-0.021586120128631592,-0.01496559586307633,0.12544411420822144,-0.03226920962333679,-0.024735602735789897,0.07457822561264038,-0.09155911207199097,0.01979027949341905,0.08861607313156128,-0.14019116759300232,0.0005771579344138189,0.09561112523078918,-0.12564238905906677,-0.017635806649240138,0.09403249621391296,-0.09975031018257141,-0.02783329524031508,0.051528751850128174,-0.09946513175964355,0.008197760955182432,0.06838548183441162,-0.15578728914260864,-0.015524732134553076,0.06851935386657715,-0.11413449048995972,-0.03389132134548056,0.06199529767036438,-0.07987400889396667,-0.04124102108112204,0.02848196029663086,-0.10349729657173157,-0.00614242181113589,0.046352922916412354,-0.15769699215888977,-0.028378921746524455,0.04525157809257507,-0.11147874593734741,-0.03306195251575339,0.037183016538619995,-0.0767938494682312,-0.030822939425023677,0.004325255751609802,-0.09981095790863037,-0.020715722068461062,0.012494862079620361,-0.1192963719367981,-0.03804222978583205,0.01346595585346222,-0.0857747495174408,-0.039120068027886035,0.01016215980052948,-0.062046438455581665,-0.0358838412903868,0.08278711663952439,0.04614441556879921,0.0188171949816714,0.0,0.08185120662015036,0.07976916503632216,0.0744337872051792,0.07548158267421906,0.07932193412702193,0.09885577835999514,3
0.04338635504245758,-0.0028481781482696533,-0.02150122596222559,0.0837823897600174,-0.013583093881607056,-0.035465212150398884,0.11746145784854889,-0.013628393411636353,-0.04980307964879671,0.14526347815990448,-0.00621187686920166,-0.06411480305987993,0.09254033863544464,-0.09630370140075684,-0.009311054444793854,0.1145130842924118,-0.12501715123653412,-0.03041659629244009,0.12658534944057465,-0.11030760407447815,-0.05019300578433672,0.13312311470508575,-0.09151387214660645,-0.06275494544107119,0.07170240581035614,-0.11333629488945007,-0.009953518009666595,0.09342287480831146,-0.14846819639205933,-0.029590723647658024,0.10433284938335419,-0.1316177099943161,-0.048650594039742145,0.11010225117206573,-0.11340004205703735,-0.06093771903115908,0.04468761384487152,-0.1221565306186676,-0.014233061655346546,0.059727683663368225,-0.15663601458072662,-0.034474307282749805,0.06859196722507477,-0.1343747079372406,-0.04655271915990511,0.07182954251766205,-0.11063957214355469,-0.052487620695416126,0.013676002621650696,-0.12173232436180115,-0.0203121077110211,0.020071521401405334,-0.14288590848445892,-0.03673755524951616,0.02543078362941742,-0.12480959296226501,-0.04203972740370432,0.027175500988960266,-0.105654776096344,-0.04393154902655283,0.10193263797122408,0.061921394292107995,0.028774242840033798,0.0,0.0922372665417476,0.079444542249719,0.08616158554205863,0.1000426898695179,0.11280786603612832,0.1276623924428104,3
0.05172906816005707,0.0021204352378845215,-0.02072064941596352,0.0901917964220047,-0.0029431283473968506,-0.045431813130491605,0.1207553893327713,0.0007994472980499268,-0.07155234543454014,0.14990179240703583,-0.0006308853626251221,-0.09946881411444508,0.09001834690570831,-0.1020742654800415,-0.050022298375481,0.12331949174404144,-0.1216367781162262,-0.0922242420710262,0.13769309222698212,-0.09242376685142517,-0.12365531353127324,0.1415966898202896,-0.05895832180976868,-0.14374730167757832,0.06442783772945404,-0.11188322305679321,-0.06107189310561978,0.10050605237483978,-0.130827397108078,-0.11063908217322194,0.1145993322134018,-0.08307379484176636,-0.14463910637270772,0.11894966661930084,-0.04216408729553223,-0.1653009819782909,0.03704245388507843,-0.11048811674118042,-0.07361024794947468,0.06404106318950653,-0.13247793912887573,-0.1179619449175533,0.08115394413471222,-0.08953297138214111,-0.14341278550993763,0.08643491566181183,-0.049042314291000366,-0.15698649165999257,0.007730349898338318,-0.09869450330734253,-0.08655713675391041,0.018467947840690613,-0.10502326488494873,-0.12274736342799031,0.02836848795413971,-0.0794593095779419,-0.14223155556094014,0.03349922597408295,-0.05358326435089111,-0.1542509960926708,0.0982112699801816,0.059754749502889386,0.029181478092922066,0.0,0.0760273961405754,0.06328784065485557,0.058915741287638476,0.04300146438543545,0.05179807866687149,0.07982299727948446,3
0.026393473148345947,-0.04006326198577881,-0.0017779057105400398,0.04013815522193909,-0.08562368154525757,-0.0024937503929578497,0.047382473945617676,-0.11797183752059937,-0.005684583769678397,0.051515042781829834,-0.13618236780166626,-0.009976822739034219,0.02758273482322693,-0.12606853246688843,0.005775339579642491,0.03406640887260437,-0.1650780439376831,-0.00311405849227242,0.03857654333114624,-0.1856163740158081,-0.01251850914725594,0.04322612285614014,-0.20021414756774902,-0.019171541412859483,0.011393934488296509,-0.12376558780670166,-0.0005975377005853488,0.012925505638122559,-0.16613638401031494,-0.008727261652737184,0.015657275915145874,-0.18809294700622559,-0.01834103078165583,0.018758952617645264,-0.2025282382965088,-0.024923808728843255,-0.006228119134902954,-0.1125873327255249,-0.00868930373856358,-0.00880366563796997,-0.15238052606582642,-0.01782293603339724,-0.008516043424606323,-0.1714891791343689,-0.023930920144110246,-0.006743818521499634,-0.18597537279129028,-0.02774563417354159,-0.025157928466796875,-0.0932038426399231,-0.017228903105049653,-0.03293105959892273,-0.11888861656188965,-0.02599704996266894,-0.03763163089752197,-0.1390610933303833,-0.02933876760819487,-0.04008486866950989,-0.15860629081726074,-0.031142851193934007,0.09934775167911827,0.05182291314201051,0.018673551839531927,0.0,0.11463206552863663,0.08234726963458167,0.06456605155611285,0.08926976467645195,0.07399145879466498,0.07663836027902282,3
0.03294149041175842,-0.032017529010772705,-0.005538004612105851,0.0560455322265625,-0.07357519865036011,-0.00662069225080586,0.0711316466331482,-0.11331796646118164,-0.008517392606961494,0.07728484272956848,-0.14467215538024902,-0.010266357728767161,0.04550337791442871,-0.11997097730636597,0.007213638002497191,0.05591955780982971,-0.1667913794517517,0.0007068211692171644,0.062315016984939575,-0.19065135717391968,-0.00754220753304935,0.06773191690444946,-0.20696157217025757,-0.012729900585043197,0.0262928307056427,-0.12563472986221313,0.005203603605252738,0.03645619750022888,-0.17444932460784912,0.0021078366101505708,0.04423177242279053,-0.1987435221672058,-0.004818851289826398,0.05112442374229431,-0.21428608894348145,-0.01002385343753076,0.005201965570449829,-0.12356770038604736,0.0012659967890726875,0.015469938516616821,-0.16611182689666748,-0.0015999220065054942,0.024576961994171143,-0.18391495943069458,-0.002644832407611375,0.03225693106651306,-0.19308966398239136,-0.003669808081838255,-0.016858547925949097,-0.11344605684280396,-0.0037906828089830924,-0.010294497013092041,-0.14634406566619873,-0.005299208381700282,-0.0029288530349731445,-0.16156703233718872,-0.002202666526216035,0.0035466253757476807,-0.16994506120681763,0.0004949311390305411,0.12106774028298264,0.07420165474499067,0.03195226103069343,0.0,0.13389733465468667,0.09370529895595593,0.06301769462507832,0.10293129128406484,0.07436711146559259,0.06611934639706028,3
0.0312575101852417,-0.03552502393722534,-0.0032915070964527615,0.050407856702804565,-0.0828365683555603,-0.0021855440767986067,0.056283652782440186,-0.1221122145652771,-0.002636124923316885,0.05599874258041382,-0.14477717876434326,-0.0028327876547855624,0.04115360975265503,-0.13084262609481812,0.011971148584546398,0.045449405908584595,-0.17719990015029907,0.0072237876397984735,0.04943928122520447,-0.1880326271057129,4.621216661959693e-05,0.05242776870727539,-0.19006139039993286,-0.004298646546391893,0.021376997232437134,-0.1334490180015564,0.009473732594909023,0.025447309017181396,-0.18119919300079346,0.006120826971294235,0.03089889883995056,-0.18534600734710693,-0.0013165114991871008,0.03327304124832153,-0.18032872676849365,-0.005830720144746948,0.00034800171852111816,-0.1284666657447815,0.0052015077476816884,0.0034442543983459473,-0.17347007989883423,0.002341703201221179,0.0089760422706604,-0.17710554599761963,0.000450543428581085,0.011594891548156738,-0.171816885471344,-0.00028205353506294273,-0.022260576486587524,-0.11627733707427979,0.00016987388748290755,-0.021799296140670776,-0.15103763341903687,-0.0001968393966826909,-0.01673087477684021,-0.15802407264709473,0.0027375974846499673,-0.013393968343734741,-0.15644419193267822,0.005553209610791754,0.11201857843590259,0.06219242094266055,0.022666754861871374,0.0,0.1072438460097043,0.06805849203890779,0.04542479144541564,0.0625991256830427,0.04219443170048473,0.051988919254928725,3
0.027775347232818604,-0.03061002492904663,-0.007614887069202325,0.04704242944717407,-0.07463818788528442,-0.008836312900520227,0.056327104568481445,-0.11427897214889526,-0.011169836606121919,0.061104923486709595,-0.14516973495483398,-0.013311272236741445,0.038580477237701416,-0.13302385807037354,0.009137608361207583,0.045841366052627563,-0.1772754192352295,0.0009782409935823466,0.04913857579231262,-0.19986110925674438,-0.008770627650655172,0.05206787586212158,-0.2154858112335205,-0.01487099726799812,0.019571393728256226,-0.1372320055961609,0.006978253618591168,0.02384909987449646,-0.1845669150352478,0.0020402316178760316,0.025154680013656616,-0.20872384309768677,-0.005498731724209449,0.02660652995109558,-0.22581440210342407,-0.010453413921631238,-0.0012508928775787354,-0.13342702388763428,0.002084338123687246,-0.00023230910301208496,-0.17709070444107056,-0.003824598371274135,0.0013228654861450195,-0.19869238138198853,-0.005213191948122642,0.0039397478103637695,-0.21399074792861938,-0.0054755869612463925,-0.02455708384513855,-0.12132847309112549,-0.00422916303504195,-0.024673640727996826,-0.15750932693481445,-0.00866779101196613,-0.023465365171432495,-0.1768607497215271,-0.006197603169120214,-0.02146318554878235,-0.19215810298919678,-0.003309326927400491,0.11930963001558767,0.07191976689781508,0.03125806744423183,0.0,0.1409372488539353,0.10129642297077576,0.07089442018240316,0.11542731345192611,0.08771374747464038,0.0894661340220165,3
0.02911698818206787,-0.02320730686187744,-0.011567738543618589,0.04798176884651184,-0.05555927753448486,-0.01672144390957442,0.058024436235427856,-0.0909082293510437,-0.0220185887845048,0.059818267822265625,-0.12160313129425049,-0.026212002787161737,0.048783719539642334,-0.11577010154724121,0.0009732538639752875,0.06111502647399902,-0.1590937376022339,-0.008770985233951478,0.06996709108352661,-0.16595155000686646,-0.018550030592251687,0.07564985752105713,-0.16458290815353394,-0.02386693813221541,0.02912050485610962,-0.12513405084609985,0.0016721317699364135,0.040139228105545044,-0.17134219408035278,-0.004404403905738263,0.04909166693687439,-0.1770075559616089,-0.012470578479934602,0.05603671073913574,-0.1759265661239624,-0.017741471234131723,0.007850825786590576,-0.1254485845565796,-0.00021510386048362307,0.019303888082504272,-0.16455096006393433,-0.0061643339538761666,0.028842926025390625,-0.1609014868736267,-0.009242045398224263,0.03489169478416443,-0.149408221244812,-0.010564382824469476,-0.0137556791305542,-0.11793208122253418,-0.0034829421745428135,-0.0033665895462036133,-0.14492714405059814,-0.0072346098566242745,0.007268339395523071,-0.14602726697921753,-0.00628917448537436,0.014364361763000488,-0.1384633183479309,-0.004506947643477588,0.1030742782524913,0.067096149870498,0.0307472736525536,0.0,0.11247966555898606,0.07575363867264738,0.04580284326616284,0.08504157007183034,0.0544548964343054,0.03734242989660168,3
0.032433152198791504,-0.03306412696838379,-0.004007541314045682,0.0514431893825531,-0.07732492685317993,-0.006394029334465756,0.0556812584400177,-0.11981213092803955,-0.010556272901872887,0.05099517107009888,-0.14897620677947998,-0.015136974603215947,0.048138946294784546,-0.1277761459350586,-0.0021786777957331083,0.053838491439819336,-0.1781001091003418,-0.012808191329519047,0.056678056716918945,-0.19874387979507446,-0.02139293935177733,0.05869224667549133,-0.20829135179519653,-0.025974919759015336,0.026500970125198364,-0.13301235437393188,-0.006639703847746148,0.027223140001296997,-0.19083380699157715,-0.015681616701463952,0.03098398447036743,-0.204703688621521,-0.02234811123488356,0.0336165726184845,-0.20511162281036377,-0.025914387516955628,0.0032580792903900146,-0.1284593939781189,-0.012153905555884137,0.004239857196807861,-0.17611300945281982,-0.02337532278178145,0.01140245795249939,-0.1651325821876526,-0.024938575662950768,0.014577031135559082,-0.14536720514297485,-0.0236775909739535,-0.02156957983970642,-0.11566329002380371,-0.01802992049632479,-0.017707079648971558,-0.14838773012161255,-0.027486892156581177,-0.00931575894355774,-0.13545763492584229,-0.025572715066651597,-0.00592687726020813,-0.11356478929519653,-0.021766505874971642,0.11738892107312641,0.07165268058827459,0.02953815727338257,0.0,0.13116689099665804,0.08853043869434574,0.05981246860906689,0.0881070580361509,0.05876393976838907,0.036596527282025254,3
0.03057202696800232,-0.02873528003692627,-0.0061999613412906385,0.04975739121437073,-0.07517600059509277,-0.010523542574911282,0.05619925260543823,-0.11793100833892822,-0.01652956455883281,0.05664333701133728,-0.14561200141906738,-0.023067767544953988,0.040875405073165894,-0.13140946626663208,-0.005979019030301735,0.04350614547729492,-0.1816743016242981,-0.020836313068239853,0.05090075731277466,-0.1895989179611206,-0.03243477344450252,0.05717232823371887,-0.18331575393676758,-0.03900590240892665,0.019680380821228027,-0.1339598298072815,-0.011134259215860531,0.018458783626556396,-0.19328421354293823,-0.025721453874676392,0.02780976891517639,-0.18682241439819336,-0.034670484065382645,0.03405267000198364,-0.16811460256576538,-0.038997635989754365,-0.002906888723373413,-0.1250227689743042,-0.01763761863049762,-0.005166947841644287,-0.17816489934921265,-0.034124702959625886,0.008001059293746948,-0.158189058303833,-0.03633007481631534,0.01570078730583191,-0.13230514526367188,-0.03509168773826854,-0.026534438133239746,-0.10588794946670532,-0.024499892070262597,-0.024849802255630493,-0.14007383584976196,-0.039382689445583985,-0.012052327394485474,-0.12207037210464478,-0.039300610124437974,-0.005012482404708862,-0.0972394347190857,-0.036587082594006226,0.11974924303900356,0.07077179142563592,0.02768455505985738,0.0,0.10839366929760781,0.06539198600036955,0.0377074632616587,0.05485311523090992,0.03188581650663619,0.04305072353780091,3
0.030649840831756592,-0.027097761631011963,-0.008040717398699826,0.05204001069068909,-0.06849414110183716,-0.01343612891244561,0.05870804190635681,-0.1081932783126831,-0.020489370977458066,0.057777345180511475,-0.13554638624191284,-0.027173011159476346,0.04543256759643555,-0.13140296936035156,-0.0055528805274036586,0.04644495248794556,-0.18270736932754517,-0.02250298910396964,0.049779027700424194,-0.17228049039840698,-0.035086345454629964,0.05197346210479736,-0.15162348747253418,-0.04125291161793143,0.022922486066818237,-0.13568490743637085,-0.01021590695339114,0.020265400409698486,-0.19900786876678467,-0.026159607401069707,0.02473318576812744,-0.18240541219711304,-0.03509039857047469,0.026295870542526245,-0.15613579750061035,-0.03815971367615134,-0.0011700987815856934,-0.12864190340042114,-0.01658984698909194,-0.004535585641860962,-0.18508470058441162,-0.033555254867252415,0.002080768346786499,-0.15391558408737183,-0.03282061271923453,0.004548311233520508,-0.12191224098205566,-0.02839045651811034,-0.026331156492233276,-0.11134719848632812,-0.023687754353460377,-0.027358412742614746,-0.14812815189361572,-0.03822741337674529,-0.0189363956451416,-0.1257736086845398,-0.035627447595771855,-0.0149613618850708,-0.10001331567764282,-0.030198932221111363,0.11179000703188013,0.06729725540743031,0.02736893695019209,0.0,0.08312937300818286,0.04394926202761526,0.01709263709133868,0.05787083893121898,0.03761658013910737,0.05494742916549238,3
0.02950647473335266,-0.027821898460388184,-0.009247510365113953,0.05311688780784607,-0.07026129961013794,-0.011654586202368478,0.06527659296989441,-0.10788154602050781,-0.014891454621121625,0.06990176439285278,-0.13739937543869019,-0.017768698415622453,0.03746986389160156,-0.13421839475631714,0.007086961859002372,0.043651461601257324,-0.17788207530975342,-0.003063336850047449,0.04830104112625122,-0.19788873195648193,-0.014424156068727711,0.05362942814826965,-0.20968782901763916,-0.021043375736937264,0.016803622245788574,-0.13833916187286377,0.005407584228649398,0.019421935081481934,-0.18694567680358887,-0.00043599757775325543,0.021259397268295288,-0.21358776092529297,-0.009091336882576684,0.024754971265792847,-0.23210716247558594,-0.014834691441521386,-0.004975080490112305,-0.13355106115341187,0.0008277368411455654,-0.005048573017120361,-0.17802995443344116,-0.0052842806530151165,-0.0031151175498962402,-0.20389407873153687,-0.008195733322665433,0.0007904469966888428,-0.2231249213218689,-0.009610899395212869,-0.02827128767967224,-0.11972057819366455,-0.005333068451747636,-0.03029581904411316,-0.1565241813659668,-0.009914708926245908,-0.030531972646713257,-0.17947256565093994,-0.008594349629149178,-0.028554260730743408,-0.1987321972846985,-0.006566501359358767,0.11678614167616475,0.06920443127383057,0.029877992975644523,0.0,0.13942747146893744,0.10247036501386188,0.07409729716860551,0.13066753846757231,0.10491805304657319,0.11011468298643143,3
0.04086223244667053,-0.039425432682037354,-0.01414879583342099,0.07244467735290527,-0.08875846862792969,-0.020578675759566067,0.09194856882095337,-0.13130879402160645,-0.027902391595375775,0.1004967987537384,-0.1707453727722168,-0.03530408148242259,0.04645407199859619,-0.1719813346862793,-0.0028449533000411975,0.06272149085998535,-0.23397231101989746,-0.01847794358207011,0.07406800985336304,-0.2658819556236267,-0.033520408762228726,0.08587530255317688,-0.29133474826812744,-0.043149606180918454,0.021985948085784912,-0.17628318071365356,-0.007006456466001509,0.03053411841392517,-0.24648058414459229,-0.018589717192185162,0.037866294384002686,-0.28563982248306274,-0.03130658422185206,0.04712364077568054,-0.3153814673423767,-0.04042768557144427,-0.004355877637863159,-0.1667078733444214,-0.014505409491789578,-0.0009537041187286377,-0.22926366329193115,-0.026936299023759602,0.0056736767292022705,-0.25988221168518066,-0.03415880058480525,0.01567593216896057,-0.2826193571090698,-0.03873124424887919,-0.03261294960975647,-0.14517313241958618,-0.023957856786978482,-0.037900328636169434,-0.19120174646377563,-0.03532175798488879,-0.036102235317230225,-0.21970915794372559,-0.03800009642316127,-0.029964298009872437,-0.24298489093780518,-0.03890220154596591,0.1442262395125117,0.08665318208958978,0.04035239743233175,0.0,0.20302101065193665,0.1601411583437217,0.12147257152804813,0.18945190217498187,0.15416969172006204,0.14039361730361932,3
0.048715829849243164,-0.04679906368255615,-0.019608642623893502,0.08983936905860901,-0.10912102460861206,-0.028722690136305573,0.11588528752326965,-0.16357511281967163,-0.038721263126603844,0.12809672951698303,-0.2170618772506714,-0.04911023722695518,0.05955454707145691,-0.21533191204071045,-0.01002495242016721,0.08334106206893921,-0.29304635524749756,-0.027755019904248,0.0984078049659729,-0.3328050374984741,-0.0452988778214376,0.10997837781906128,-0.36589252948760986,-0.05802669720458198,0.027226507663726807,-0.2274877429008484,-0.014906084814242604,0.035008400678634644,-0.3292694091796875,-0.031282189951411965,0.04823857545852661,-0.35502779483795166,-0.04934044526623893,0.05702027678489685,-0.3620436191558838,-0.06195418880986381,-0.00834721326828003,-0.21909749507904053,-0.02275633970009494,-0.010485485196113586,-0.32079488039016724,-0.04224283592509437,0.00544266402721405,-0.32776498794555664,-0.05464383931564498,0.017687886953353882,-0.3124556541442871,-0.061559408621064904,-0.046179965138435364,-0.19232690334320068,-0.0324827057282846,-0.06022338569164276,-0.2602405548095703,-0.053219288305513146,-0.050917237997055054,-0.28046900033950806,-0.06260219933199096,-0.03915169835090637,-0.2812621593475342,-0.06742035569357085,0.18785833203824245,0.11452009997523023,0.054863041155800756,0.0,0.257560061717027,0.20240362810345522,0.14992944245051437,0.20701409975302607,0.16146692422550848,0.1459112236473575,3
0.044659316539764404,-0.04895049333572388,-0.012939665032760672,0.08447545766830444,-0.11274677515029907,-0.022634194730059676,0.10905426740646362,-0.16848206520080566,-0.03551720411910253,0.12587597966194153,-0.21585613489151,-0.04741179527177053,0.05303233861923218,-0.22266989946365356,-0.003402560049877934,0.07116895914077759,-0.31137698888778687,-0.02880210199786859,0.09046649932861328,-0.32423490285873413,-0.04858380885256963,0.10105913877487183,-0.30877685546875,-0.0580770369006558,0.0199296772480011,-0.23434245586395264,-0.01134567198737102,0.022512197494506836,-0.35145920515060425,-0.030910629345314078,0.04184073209762573,-0.35189586877822876,-0.04480956451429563,0.05120977759361267,-0.3272629380226135,-0.05199343295230108,-0.01509326696395874,-0.22561395168304443,-0.022812053127424292,-0.02231961488723755,-0.33612674474716187,-0.04344586239589887,-0.0014569014310836792,-0.31847822666168213,-0.047221503718034796,0.010820716619491577,-0.2817479968070984,-0.04634571404589849,-0.05424585938453674,-0.2002100944519043,-0.03583039299978452,-0.06707829236984253,-0.27401798963546753,-0.05351794467701154,-0.05021664500236511,-0.2744947075843811,-0.054114702655212454,-0.03702515363693237,-0.254244327545166,-0.05135841996802526,0.18561691612525452,0.11111050034802326,0.05027198506390818,0.0,0.19673029982364854,0.14052241905888962,0.09617762683809393,0.16898920254194982,0.1341138229833188,0.13258752211452748,3
0.04579587280750275,-0.0585818886756897,-0.017800975241030415,0.08217145502567291,-0.12733018398284912,-0.022394578553999622,0.09936778247356415,-0.18687909841537476,-0.028621000819171627,0.10398383438587189,-0.23844033479690552,-0.034620640449489315,0.05420224368572235,-0.23191052675247192,0.013420503005121986,0.06837175786495209,-0.29908210039138794,-0.0018502597224738793,0.07402805984020233,-0.33204782009124756,-0.021580086671079357,0.07990680634975433,-0.3567659258842468,-0.03544718923446055,0.020948275923728943,-0.23769867420196533,0.009529390722249786,0.027070358395576477,-0.319458544254303,-0.0013000780011367397,0.028229400515556335,-0.36436909437179565,-0.020696872495378216,0.031174644827842712,-0.39882737398147583,-0.03599505650278445,-0.014432325959205627,-0.2244907021522522,0.000251722027982737,-0.017158448696136475,-0.30430155992507935,-0.013535544857646187,-0.014429107308387756,-0.34475457668304443,-0.029299584798778255,-0.007647722959518433,-0.3735904097557068,-0.040708800427879055,-0.052572667598724365,-0.19468998908996582,-0.011388768092061241,-0.058400511741638184,-0.2532365918159485,-0.024404035531247814,-0.05698569118976593,-0.2891625165939331,-0.03182785736795779,-0.05032984912395477,-0.3183070421218872,-0.037354843341077526,0.1890367676241425,0.11323093882537401,0.05176745147724786,0.0,0.2294469182522836,0.1709978471768864,0.12075035728816993,0.22264854712621016,0.17613966169630824,0.1752916066351346,3
0.043826624751091,-0.04072505235671997,-0.015243345677049547,0.07567940652370453,-0.09973764419555664,-0.028540128647478014,0.09442715346813202,-0.14986872673034668,-0.045600617109926134,0.09676460921764374,-0.19723814725875854,-0.060655878662259965,0.058058515191078186,-0.22761410474777222,-0.012547458327503591,0.06375415623188019,-0.3275039792060852,-0.04255649241724768,0.0706670731306076,-0.28587472438812256,-0.06381216066995421,0.07323180139064789,-0.24257731437683105,-0.07493742722192565,0.01931224763393402,-0.23254340887069702,-0.021890997692139536,0.02039216458797455,-0.3498731851577759,-0.048123059599788576,0.027935191988945007,-0.2884558439254761,-0.06264212894359389,0.03249751031398773,-0.24096566438674927,-0.06877385991731444,-0.019001588225364685,-0.2190570831298828,-0.034552043109329134,-0.028320595622062683,-0.33098864555358887,-0.056362056910188585,-0.01562798023223877,-0.27309852838516235,-0.056419143258722215,-0.007857516407966614,-0.223050057888031,-0.05337473171869078,-0.05968458950519562,-0.1858934760093689,-0.04892258512893477,-0.07047347724437714,-0.2496201992034912,-0.06437198239484587,-0.05331633985042572,-0.21775215864181519,-0.060487812190444856,-0.04059775173664093,-0.18051069974899292,-0.05542872267881194,0.16522342169073825,0.0997543676749141,0.047427056629928584,0.0,0.14286063890513237,0.09510060553484602,0.05108261073186084,0.11015413179529014,0.07773259133510876,0.10775919404280335,3
0.04521869122982025,-0.04539299011230469,-0.02372684505809275,0.0847339779138565,-0.10633128881454468,-0.03888434161473242,0.10661716759204865,-0.14991921186447144,-0.056402850794086135,0.10612256824970245,-0.19917023181915283,-0.07318611060310332,0.05750267207622528,-0.2232939600944519,-0.013762898641118682,0.07120917737483978,-0.31015002727508545,-0.05044481520582167,0.07822291553020477,-0.30660128593444824,-0.08197386180091826,0.08203725516796112,-0.26939964294433594,-0.09786319349933592,0.020176038146018982,-0.22860413789749146,-0.01981635381508795,0.024296358227729797,-0.3289285898208618,-0.04475682591129271,0.025534674525260925,-0.3502073884010315,-0.07265175496269194,0.027577057480812073,-0.3406215310096741,-0.09152023856569258,-0.018121495842933655,-0.21286892890930176,-0.0313821582965943,-0.024052023887634277,-0.29933756589889526,-0.05184883241582838,-0.022712841629981995,-0.32776689529418945,-0.07475075488019911,-0.016944527626037598,-0.3282421827316284,-0.09038846557069746,-0.05835719406604767,-0.17762792110443115,-0.04545722891617743,-0.07064791023731232,-0.23591816425323486,-0.061519000577220595,-0.07296177744865417,-0.27015310525894165,-0.0742947197430226,-0.06964629888534546,-0.2888135313987732,-0.08368964110542265,0.16539867684784945,0.09527088293265432,0.04925350337880418,0.0,0.16309065096493802,0.12198256230218343,0.07424467989853208,0.20643331498029846,0.1617957579933177,0.1783397841190829,3
0.04472930729389191,-0.0528295636177063,-0.02431605225393696,0.08128915727138519,-0.11660212278366089,-0.03658896526286526,0.10482968389987946,-0.16800141334533691,-0.05029206192085667,0.11218990385532379,-0.22228580713272095,-0.06370792379567547,0.047336384654045105,-0.22678613662719727,-0.005280174128358794,0.058326348662376404,-0.3041731119155884,-0.03163502206990643,0.0650034099817276,-0.3342270255088806,-0.057626655604337884,0.07202564179897308,-0.3393206000328064,-0.07348767509648724,0.013470396399497986,-0.23041772842407227,-0.009179542120193673,0.015930309891700745,-0.3161275386810303,-0.029776262398456765,0.017949506640434265,-0.35346394777297974,-0.05571890464017315,0.02026049792766571,-0.3680835962295532,-0.07478447100112362,-0.021796494722366333,-0.2149878740310669,-0.01850564992020054,-0.027069106698036194,-0.2933596968650818,-0.039806613977646066,-0.024574995040893555,-0.32659268379211426,-0.06255088588187618,-0.019624173641204834,-0.33656400442123413,-0.0781894235868208,-0.05879504978656769,-0.18232345581054688,-0.030292038153504564,-0.07275310158729553,-0.23693698644638062,-0.05058396076748295,-0.07532541453838348,-0.27281248569488525,-0.0658901094455473,-0.07307659089565277,-0.29651087522506714,-0.07677988549659176,0.18239065369323126,0.11010857040683325,0.05478109387969812,0.0,0.22291104240724766,0.17443155937333718,0.1237348402661801,0.217220687605292,0.17236012003864618,0.1744547431334935,3
0.048882365226745605,-0.0517314076423645,-0.021899862472139375,0.08571925759315491,-0.11487430334091187,-0.03242941598983862,0.10508313775062561,-0.17086052894592285,-0.04413668091984846,0.11569133400917053,-0.22370129823684692,-0.05581640477868177,0.06190672516822815,-0.22375595569610596,-0.006175077311866062,0.07334649562835693,-0.29554152488708496,-0.02677859764190771,0.07818612456321716,-0.3229798674583435,-0.04682815100642301,0.08228224515914917,-0.33366817235946655,-0.05965086470934011,0.024158090353012085,-0.23051458597183228,-0.0098367010021434,0.023736536502838135,-0.32440149784088135,-0.027249587956987398,0.029948949813842773,-0.34492433071136475,-0.04574270199628927,0.03633415699005127,-0.3432648777961731,-0.058100883174859064,-0.013487830758094788,-0.21596604585647583,-0.017544806260787027,-0.021309345960617065,-0.30616694688796997,-0.03732815038057424,-0.011423394083976746,-0.30730152130126953,-0.04911690976115324,0.0005774646997451782,-0.2865615487098694,-0.05527218456956007,-0.05269426107406616,-0.182755708694458,-0.02747572611662008,-0.06898945569992065,-0.24216878414154053,-0.04642956729622938,-0.061601489782333374,-0.24829888343811035,-0.05295063580962278,-0.04982846975326538,-0.23512613773345947,-0.055364158261738794,0.18449141329842234,0.11287887394356552,0.05389509000935494,0.0,0.2188208632068249,0.1643965007439016,0.11492989437952465,0.18560625490025007,0.1435026518970404,0.13115873587725135,3
0.0482221394777298,-0.056181252002716064,-0.020731818253992174,0.08528269827365875,-0.11900085210800171,-0.031230267460344407,0.1081964522600174,-0.173295259475708,-0.0434852692735177,0.11888305842876434,-0.22531896829605103,-0.05489438804507074,0.05011589825153351,-0.2251567244529724,0.0017246131581458712,0.06079418957233429,-0.2963430881500244,-0.023807918975947473,0.06658108532428741,-0.31981223821640015,-0.04861041190743265,0.07328121364116669,-0.3191204071044922,-0.06265623899817285,0.015946850180625916,-0.23023462295532227,-0.0025067695853095984,0.019417032599449158,-0.31201231479644775,-0.01993466387212095,0.02214820683002472,-0.35425424575805664,-0.040942129070757005,0.027540728449821472,-0.3761187791824341,-0.05612314152240572,-0.0192401260137558,-0.21554404497146606,-0.012650753694472883,-0.021764233708381653,-0.29007798433303833,-0.030298780972955797,-0.017684176564216614,-0.32863694429397583,-0.046491336400507066,-0.008434474468231201,-0.35145318508148193,-0.057582222248314,-0.057202309370040894,-0.18415802717208862,-0.025390856291053865,-0.06749323010444641,-0.23863500356674194,-0.040130310083625886,-0.07158814370632172,-0.27860409021377563,-0.048903800870178316,-0.069827601313591,-0.3118130564689636,-0.055045031334159944,0.18330448041422592,0.11150123780626098,0.05310997863706722,0.0,0.20047910595714785,0.14994681580069644,0.10429879275699158,0.21827213731846606,0.17630656314882603,0.17921940415884555,3
0.04541969299316406,-0.04252135753631592,-0.027046938042685653,0.07678258419036865,-0.10317844152450562,-0.04316635857109752,0.09452435374259949,-0.16018158197402954,-0.06078853885416713,0.10515448451042175,-0.2136210799217224,-0.07729508409981456,0.05523473024368286,-0.22299373149871826,-0.012174593831941749,0.06334447860717773,-0.30927175283432007,-0.03846372346167293,0.06618651747703552,-0.32564449310302734,-0.058174618135735656,0.06710600852966309,-0.31987839937210083,-0.06918761561398235,0.013672709465026855,-0.22916877269744873,-0.01474149673019376,0.009365692734718323,-0.33656930923461914,-0.04543091038946834,0.015903130173683167,-0.2995836138725281,-0.06378702501539912,0.02575206756591797,-0.25798535346984863,-0.0699668941903564,-0.02335454523563385,-0.21688425540924072,-0.02160723375861373,-0.03500428795814514,-0.3189287781715393,-0.0459330832469913,-0.025444328784942627,-0.2873753309249878,-0.052712262224003936,-0.012449488043785095,-0.2433851957321167,-0.05200843195204463,-0.06247711181640625,-0.184983491897583,-0.03142564053420749,-0.08064292371273041,-0.25121158361434937,-0.048035715322539474,-0.07300660014152527,-0.25686508417129517,-0.052821498911425735,-0.05903312563896179,-0.24260562658309937,-0.05318181643967357,0.1812273718784594,0.11402868544322264,0.05448650861490826,0.0,0.21691590040305228,0.1620334506862354,0.11286409730839182,0.11956255711874757,0.09095566273785154,0.1213119818917538,3
0.04313981533050537,-0.05201524496078491,-0.018180007590238745,0.07862979173660278,-0.11433374881744385,-0.028672935916368658,0.10040858387947083,-0.17136424779891968,-0.041044963998977835,0.11094024777412415,-0.2200157642364502,-0.05251285667556971,0.044112175703048706,-0.22318321466445923,-0.0016788790331005998,0.05597451329231262,-0.29345542192459106,-0.024927374450747664,0.06056836247444153,-0.30856287479400635,-0.04559836397904604,0.06316074728965759,-0.3032904267311096,-0.057016505403701956,0.007473379373550415,-0.23110747337341309,-0.0069891456610307046,0.003606244921684265,-0.3303111791610718,-0.026304269684736425,0.00927114486694336,-0.34046244621276855,-0.04225902120608538,0.015456125140190125,-0.3277088403701782,-0.050500760330145056,-0.028495430946350098,-0.2183159589767456,-0.016518202154223616,-0.041859567165374756,-0.30763548612594604,-0.03427715088266581,-0.034515246748924255,-0.3128544092178345,-0.04062848771948069,-0.023534446954727173,-0.3016469478607178,-0.042261260105554754,-0.06594149768352509,-0.1874486207962036,-0.028417231990282232,-0.08750025928020477,-0.24172508716583252,-0.04270840670007914,-0.08507093787193298,-0.2597898840904236,-0.0448498190476343,-0.07626375555992126,-0.265658974647522,-0.043809762699787314,0.18116587183141006,0.11051087707721668,0.04977836875653165,0.0,0.18958881154823032,0.13708361688498602,0.09600807299464237,0.1779341222815962,0.1439271215661492,0.15731209000682891,3
0.04172998666763306,-0.05185490846633911,-0.023023753758508292,0.07338067889213562,-0.11453527212142944,-0.033876355137664405,0.09190630912780762,-0.1686772108078003,-0.04498484298213157,0.09849143028259277,-0.21885812282562256,-0.05553990542514953,0.03446519374847412,-0.2213849425315857,-0.007228317070740786,0.046365320682525635,-0.2892107367515564,-0.026818021532136527,0.04945370554924011,-0.3235740065574646,-0.04628343075140151,0.052006274461746216,-0.35358262062072754,-0.059663272794324484,0.00042939186096191406,-0.22453457117080688,-0.011016312386828986,-0.0009004324674606323,-0.3056344985961914,-0.025851787399489012,-0.003468811511993408,-0.35628217458724976,-0.04291688218339118,-0.0035747289657592773,-0.39998912811279297,-0.05626199707015189,-0.0335877388715744,-0.2067158818244934,-0.019626512523728934,-0.041589394211769104,-0.2820833921432495,-0.036620269861060706,-0.0424661785364151,-0.3272988200187683,-0.05048753633721503,-0.03902946412563324,-0.3699631094932556,-0.06056759073956641,-0.06765840947628021,-0.17091131210327148,-0.030916215252119628,-0.08839243650436401,-0.22339403629302979,-0.04777370705826911,-0.09940700232982635,-0.2632519602775574,-0.05592078655584487,-0.10459142178297043,-0.30471861362457275,-0.06149074747784766,0.1763857564759327,0.1073024091735256,0.0506111425633093,0.0,0.2400010416421119,0.18916136853078505,0.14251863042364543,0.2502435448173178,0.2079084941507944,0.20431523045202482,3
0.04378706216812134,-0.05338311195373535,-0.02157063661299219,0.07594919204711914,-0.11999082565307617,-0.030122718495945833,0.09204205870628357,-0.17581886053085327,-0.039693508950691125,0.09432598948478699,-0.22404849529266357,-0.048773386237840555,0.03345203399658203,-0.22434908151626587,-0.0002818605412500119,0.0408531129360199,-0.29737353324890137,-0.020393906814675233,0.043955832719802856,-0.3250942826271057,-0.040994674620847604,0.04934734106063843,-0.3385409116744995,-0.05422059139392843,-0.0004128366708755493,-0.22387808561325073,-0.0037513640259163594,-0.004325240850448608,-0.3061835765838623,-0.01747883176587095,-0.007834002375602722,-0.35340797901153564,-0.036908247230272195,-0.006382554769515991,-0.38738322257995605,-0.052353557852725885,-0.033400386571884155,-0.20338952541351318,-0.012474451867561243,-0.043228551745414734,-0.2785048484802246,-0.029010765907983682,-0.04486328363418579,-0.3190266489982605,-0.04612715607665052,-0.040156424045562744,-0.3510898947715759,-0.05882003223679533,-0.06716571748256683,-0.16638851165771484,-0.0236780221589612,-0.08395048975944519,-0.21460813283920288,-0.040906973836641214,-0.09182116389274597,-0.24846214056015015,-0.05150007521889677,-0.09327107667922974,-0.2813788652420044,-0.0590378462352561,0.17799116900718004,0.10566790096754353,0.04828368263770501,0.0,0.22016311810991065,0.16822991661187015,0.12301053704059199,0.23333856052333996,0.19188653945453055,0.1850000992716182,3
0.03785966336727142,-0.05497145652770996,-0.011721129696795174,0.06654606759548187,-0.11598515510559082,-0.020217165518531033,0.08315859735012054,-0.16679918766021729,-0.031750068236121365,0.08570460975170135,-0.20214176177978516,-0.043641075659522244,0.02159014344215393,-0.20828777551651,-0.0021622434071986163,0.019542217254638672,-0.28797465562820435,-0.019169610161313244,0.037079766392707825,-0.312408447265625,-0.03534805791450424,0.05411164462566376,-0.3181290626525879,-0.04549091326070709,-0.006849110126495361,-0.20287305116653442,-0.008185357023009487,-0.025181904435157776,-0.2920331358909607,-0.02638101967049522,-0.00781838595867157,-0.2881094813346863,-0.04170898364854736,0.005755692720413208,-0.26151442527770996,-0.0498989747650711,-0.03523392975330353,-0.1853245496749878,-0.016627716068157383,-0.05860541760921478,-0.2724631428718567,-0.03267484175039215,-0.038275837898254395,-0.2636721134185791,-0.038158901203402706,-0.022471517324447632,-0.23236101865768433,-0.039363745767602154,-0.06393186748027802,-0.1548367142677307,-0.02666827680540962,-0.08319440484046936,-0.2110690474510193,-0.04020538942886276,-0.06768602132797241,-0.21192985773086548,-0.041901253331431576,-0.052878767251968384,-0.19381392002105713,-0.04087743179870529,0.15475218138209867,0.0882610367668739,0.03543416041824826,0.0,0.20252598409330402,0.15409236362579212,0.12021301680439225,0.12232001423337747,0.09958384660834109,0.11231775440885376,3
0.032403334975242615,-0.0698731541633606,-0.015289969092009414,0.05988207459449768,-0.13989531993865967,-0.024738311117289413,0.07406982779502869,-0.19667166471481323,-0.03629909577011858,0.06493335962295532,-0.24151742458343506,-0.048818324973581184,0.011664628982543945,-0.19505953788757324,-0.007961398271618236,0.022436991333961487,-0.2668393850326538,-0.03449216606259142,0.04635727405548096,-0.28429096937179565,-0.05761027829885279,0.07154062390327454,-0.28496551513671875,-0.06973915668368136,-0.015456154942512512,-0.1905449628829956,-0.01298464397132193,-0.023893490433692932,-0.2732844352722168,-0.0313137856328467,-0.007210046052932739,-0.30225175619125366,-0.04800244169473444,0.012329280376434326,-0.3106708526611328,-0.05842862771987711,-0.04174111783504486,-0.169141948223114,-0.021805948858855118,-0.06321236491203308,-0.24560189247131348,-0.03923399122595583,-0.0495574027299881,-0.2687855362892151,-0.04786623018026148,-0.03111596405506134,-0.2729335427284241,-0.05180775495409762,-0.067138671875,-0.13492131233215332,-0.032482286264894356,-0.0896407961845398,-0.1881517767906189,-0.04564343514084612,-0.07864364981651306,-0.20340383052825928,-0.04646162437438761,-0.06199491024017334,-0.20287251472473145,-0.04485406102776324,0.1746996224140752,0.10174756819144327,0.04576698841800061,0.0,0.1455379102048265,0.08833006789679203,0.04394761101580291,0.12964455271228326,0.0868872014066029,0.10105664282126296,3
0.03452521562576294,-0.06481146812438965,-0.0023111289594055506,0.05399823188781738,-0.13017898797988892,-0.009621940389621386,0.07688888907432556,-0.17518430948257446,-0.02178991755877746,0.0942339301109314,-0.20997202396392822,-0.0348940937075497,0.005484029650688171,-0.1886444091796875,0.00026026564941616925,0.01072588562965393,-0.26249438524246216,-0.021402738824832568,0.04210735857486725,-0.26994067430496216,-0.04053761048649562,0.0676303505897522,-0.2598171830177307,-0.05221401511167301,-0.01089121401309967,-0.17983907461166382,-0.011485937819230685,-0.011401653289794922,-0.26195526123046875,-0.03320025636290325,0.02562609314918518,-0.2618236541748047,-0.05266537873481525,0.05121782422065735,-0.24017220735549927,-0.06464060379599346,-0.028195589780807495,-0.1595786213874817,-0.025123469367969165,-0.03581073880195618,-0.2385241985321045,-0.043960805818784365,0.00044386088848114014,-0.23662668466567993,-0.05405005423759235,0.025735825300216675,-0.21514040231704712,-0.05889019353722347,-0.04618065059185028,-0.12921661138534546,-0.03908158822392238,-0.053308092057704926,-0.17861241102218628,-0.0537534801516415,-0.032810717821121216,-0.19062191247940063,-0.05874440802668346,-0.015866294503211975,-0.18504095077514648,-0.06102646498416675,0.1569608790658206,0.08936352725274273,0.03887204043265198,0.0,0.1303529680251783,0.08513779312202119,0.05650035685231177,0.06987439044931229,0.052558885479505685,0.06869281256041747,3
0.04218974709510803,-0.04722660779953003,-0.008090098834173887,0.07978147268295288,-0.09938091039657593,-0.01937832821025154,0.11065790057182312,-0.13473379611968994,-0.03409264001859924,0.13382694125175476,-0.16953623294830322,-0.049816203749315946,0.043458566069602966,-0.16982930898666382,-0.009074500276284425,0.060144469141960144,-0.2463998794555664,-0.03333202514662048,0.08930465579032898,-0.25853073596954346,-0.05306064475192329,0.11361941695213318,-0.2524721622467041,-0.06489212948693535,0.02349954843521118,-0.16649258136749268,-0.018921307733791082,0.03867349028587341,-0.24864834547042847,-0.04611910644783279,0.07392749190330505,-0.23263108730316162,-0.06667325038327476,0.09516486525535583,-0.19985085725784302,-0.07760168749703666,0.0015845000743865967,-0.15281379222869873,-0.030484452358024328,0.009958475828170776,-0.2296534776687622,-0.05492778632654449,0.045985475182533264,-0.2126682996749878,-0.06346212465180656,0.06683120131492615,-0.18159973621368408,-0.06543823469294807,-0.023030102252960205,-0.1301376223564148,-0.04256066817654869,-0.014325082302093506,-0.18412214517593384,-0.060708948856728284,0.012480556964874268,-0.17717844247817993,-0.06278319794549247,0.028013154864311218,-0.15561342239379883,-0.06159481916441223,0.1528300355196464,0.0885589179877343,0.04180925800869881,0.0,0.15678628085838225,0.11777560629234596,0.08536224227906121,0.0669347876263701,0.04912975236432469,0.06807317592647655,3
0.04448285698890686,-0.04864245653152466,-0.0021720291223772392,0.07648828625679016,-0.10150080919265747,-0.011847121186221443,0.10962146520614624,-0.13397198915481567,-0.026286891206765972,0.13653945922851562,-0.16276788711547852,-0.04225677299466213,0.0406019389629364,-0.17098784446716309,-0.008673565007413231,0.056763723492622375,-0.24252849817276,-0.03054680909183105,0.09004148840904236,-0.24600505828857422,-0.0483392891582497,0.11480671167373657,-0.2332935929298401,-0.059363168209458195,0.021213412284851074,-0.16733276844024658,-0.021379918336535297,0.02763068675994873,-0.25046759843826294,-0.043214940011168324,0.06188306212425232,-0.24035269021987915,-0.059965987234974705,0.07970467209815979,-0.21254891157150269,-0.07055949094858249,-0.00019410252571105957,-0.15230917930603027,-0.035185836732054554,0.00030934810638427734,-0.23356395959854126,-0.055123594134713017,0.03631611168384552,-0.21746402978897095,-0.06135704788532337,0.05451218783855438,-0.18710744380950928,-0.06372896257009586,-0.02162456512451172,-0.12813740968704224,-0.049116842925215565,-0.014498203992843628,-0.1868087649345398,-0.06550433161821445,0.013137981295585632,-0.18135815858840942,-0.06670441898670276,0.028125882148742676,-0.15916043519973755,-0.06587475958433231,0.1466254818299821,0.08578926630110038,0.03941804335008551,0.0,0.13725028077067775,0.0994568638022163,0.07379828925451883,0.08407941035916056,0.07555357982282598,0.08556218365460463,3
0.05071255564689636,-0.026915013790130615,-0.007502733410262863,0.0938720703125,-0.07572382688522339,-0.018535485637301008,0.12938165664672852,-0.1194574236869812,-0.028736138862484495,0.15623757243156433,-0.15149140357971191,-0.03865517876755575,0.06693574786186218,-0.14547473192214966,-0.02387542664718012,0.10669645667076111,-0.2019815444946289,-0.03958117790233473,0.13922908902168274,-0.20843756198883057,-0.047815652710312406,0.16165047883987427,-0.1989404559135437,-0.05064767799984793,0.039701491594314575,-0.16162461042404175,-0.025971952971929113,0.0821617841720581,-0.23517674207687378,-0.03934064335834364,0.11903735995292664,-0.24254387617111206,-0.044097354781740705,0.14328649640083313,-0.2295151948928833,-0.045326607447975675,0.015759021043777466,-0.16401737928390503,-0.02811601213824133,0.042687177658081055,-0.24319738149642944,-0.037436602783316175,0.07809892296791077,-0.26220589876174927,-0.03920866377364973,0.10553577542304993,-0.26087433099746704,-0.03959660805475096,-0.004591852426528931,-0.15543228387832642,-0.030101603043192426,0.01349589228630066,-0.21647971868515015,-0.03529021344792227,0.03979514539241791,-0.2409403920173645,-0.03351524673115591,0.06262601912021637,-0.24805420637130737,-0.03088540784727911,0.1632629966048956,0.09813348833460583,0.0418021061719391,0.0,0.1406280567013793,0.08578361905201731,0.04775680185234173,0.11093267134346861,0.07909135465545586,0.12056241964381142,3
0.047135129570961,-0.0374528169631958,-0.006998706368108287,0.08259254693984985,-0.08132761716842651,-0.019670591914405122,0.12141963839530945,-0.10916966199874878,-0.0336112372962134,0.15693628787994385,-0.12718981504440308,-0.04930468950544764,0.06107643246650696,-0.1462327241897583,-0.02956774015103747,0.1018541157245636,-0.1914653182029724,-0.05908330459271838,0.13350316882133484,-0.2036362886428833,-0.07964298430954386,0.1637665331363678,-0.2048264741897583,-0.09234932366882731,0.037490129470825195,-0.15282601118087769,-0.04228255454574992,0.06364607810974121,-0.23467612266540527,-0.06961089674507548,0.09550654888153076,-0.2665139436721802,-0.08662331406151225,0.12527793645858765,-0.2806042432785034,-0.09710698131596018,0.012544393539428711,-0.13929396867752075,-0.056181959101309076,0.016403883695602417,-0.21977311372756958,-0.08143806014334132,0.03250119090080261,-0.26084595918655396,-0.09552651945625712,0.050997793674468994,-0.2892017364501953,-0.10423442278181483,-0.01050315797328949,-0.11334019899368286,-0.07003435794388224,-0.02591845393180847,-0.16270381212234497,-0.09308826480184962,-0.025947734713554382,-0.19714754819869995,-0.10376783762251307,-0.020367786288261414,-0.22992348670959473,-0.11034292284523417,0.14180628755672617,0.08735177737735528,0.03982660299853836,0.0,0.14778763047226867,0.10461111419326506,0.07793653247043372,0.17147799311430575,0.1566468576292356,0.19357382889254432,3
0.04158143699169159,-0.03715956211090088,-0.005919904976224188,0.07568705081939697,-0.07944875955581665,-0.016441424905394797,0.11176285147666931,-0.10393768548965454,-0.029034927084182982,0.14092853665351868,-0.12006247043609619,-0.04293650907192159,0.052487149834632874,-0.15205693244934082,-0.021212974160050635,0.0850745141506195,-0.20901066064834595,-0.04388631281170774,0.1110289990901947,-0.2181156873703003,-0.05959553044948507,0.13712862133979797,-0.2171521782875061,-0.0700193881681912,0.028051137924194336,-0.15804368257522583,-0.03348625224742818,0.033190518617630005,-0.24501705169677734,-0.05354243662867475,0.0456557422876358,-0.2898077368736267,-0.0708607896855824,0.06042864918708801,-0.3191643953323364,-0.08420790132794309,0.003351643681526184,-0.14203983545303345,-0.04686596390519071,-0.00556713342666626,-0.22497636079788208,-0.06849899288926053,-0.0021300315856933594,-0.2718644142150879,-0.08647713956150938,0.005115300416946411,-0.30641090869903564,-0.09982842352900434,-0.016725584864616394,-0.11009401082992554,-0.05980134901318479,-0.04300427436828613,-0.15521973371505737,-0.0822666227510922,-0.05559718608856201,-0.18755507469177246,-0.09577892866644788,-0.063139408826828,-0.2194657325744629,-0.1054582833937161,0.12939373408319563,0.07685001616988014,0.03332635415709438,0.0,0.15078891908362635,0.11602130692344398,0.09716404029816575,0.22126395312931935,0.21475988540576213,0.23058832489978226,3
0.04959738254547119,-0.031245529651641846,-0.003850420943734889,0.08600412309169769,-0.0760188102722168,-0.01273357612760151,0.12068314850330353,-0.10375028848648071,-0.024109347031725292,0.147274449467659,-0.12510401010513306,-0.03595780605198229,0.06202311813831329,-0.1579107642173767,-0.015274097451282387,0.09643782675266266,-0.21520531177520752,-0.04198261001826609,0.12364025413990021,-0.20938414335250854,-0.05991669768215502,0.1458369642496109,-0.18800973892211914,-0.06813157001258219,0.03846399486064911,-0.16539645195007324,-0.027093325049889927,0.05977465212345123,-0.2500937581062317,-0.04741146439434374,0.08294858038425446,-0.29061198234558105,-0.06217641779900873,0.1044163852930069,-0.31242895126342773,-0.0707049334955343,0.012357205152511597,-0.1519533395767212,-0.04066874483348215,0.018003925681114197,-0.2320704460144043,-0.05945305922747934,0.03264646232128143,-0.27527540922164917,-0.07049368718386972,0.04937708377838135,-0.30617576837539673,-0.07643687376500452,-0.012618079781532288,-0.12326782941818237,-0.05407657125712717,-0.021248653531074524,-0.17757904529571533,-0.06820626208306635,-0.01810939610004425,-0.20980465412139893,-0.07150019356728876,-0.010532662272453308,-0.23593991994857788,-0.07222780981780375,0.13546299773576528,0.07850738651142415,0.03410393985955043,0.0,0.1269721897932598,0.08793389240966756,0.06292215096250525,0.20931170985808376,0.19216515616718124,0.20584187098835105,3
0.04535236954689026,-0.034989237785339355,0.001999220662007417,0.07631886005401611,-0.08492684364318848,-0.0023658251481109005,0.09715414047241211,-0.12270247936248779,-0.011613893704300438,0.1032913327217102,-0.1499619483947754,-0.019985484340971027,0.0673503428697586,-0.16459029912948608,0.0026827050281710285,0.08681577444076538,-0.22852927446365356,-0.014730279715543304,0.11565223336219788,-0.22275161743164062,-0.028881539040988002,0.13083100318908691,-0.19992738962173462,-0.03638276682216457,0.046709492802619934,-0.16695553064346313,-0.009733680086021934,0.061978086829185486,-0.2513871192932129,-0.025725646326129947,0.09207338094711304,-0.23299747705459595,-0.03740122766215137,0.10188758373260498,-0.19830948114395142,-0.043375200042312656,0.025623798370361328,-0.15789103507995605,-0.023448897907321964,0.04348623752593994,-0.22956234216690063,-0.04059467316586307,0.07512378692626953,-0.20182925462722778,-0.04520259276944927,0.08411574363708496,-0.16764920949935913,-0.04574686140734485,0.006428807973861694,-0.1372896432876587,-0.03724357710201076,0.03900831937789917,-0.1709575653076172,-0.05223662630636028,0.06586840748786926,-0.15016824007034302,-0.05392034576255611,0.0729164183139801,-0.12353265285491943,-0.05280234144050411,0.12874644709138294,0.07040652762251089,0.027941792723930423,0.0,0.12726625367528563,0.08424854804082078,0.05705242121467254,0.07575502757889874,0.04836790706818998,0.026087208017036234,3
0.03584137558937073,-0.02681112289428711,-0.0006372791363418173,0.06626275181770325,-0.061096012592315674,-0.00762343745422811,0.09553489089012146,-0.08088314533233643,-0.01792245231312961,0.11937558650970459,-0.09549784660339355,-0.030422317457620807,0.045204341411590576,-0.13624924421310425,-0.01227235574019403,0.06952708959579468,-0.18440592288970947,-0.02892929747444839,0.08918300271034241,-0.19556355476379395,-0.03973844893020839,0.1050373911857605,-0.19532406330108643,-0.04654352985066623,0.025825977325439453,-0.14046567678451538,-0.023978122172181315,0.038400158286094666,-0.20114260911941528,-0.04003212474030704,0.06090515851974487,-0.20809245109558105,-0.04880246393126697,0.07872605323791504,-0.19968020915985107,-0.05394286535424442,0.004215836524963379,-0.12766408920288086,-0.03651711217803211,0.003871619701385498,-0.19185870885849,-0.05465559161943645,0.02483634650707245,-0.19489896297454834,-0.061122930270855136,0.04398532211780548,-0.18592101335525513,-0.06415897108358593,-0.016182541847229004,-0.10205715894699097,-0.04866092152637691,-0.029161691665649414,-0.14180058240890503,-0.06677498914045543,-0.012217849493026733,-0.1431485414505005,-0.07192757226270885,0.007642596960067749,-0.13008368015289307,-0.07378168649715633,0.10814726260046507,0.06328079797494353,0.027963695407936504,0.0,0.1397162920177859,0.11483475613854364,0.10085066874008475,0.11998032920965346,0.11183178985896401,0.11772867556596148,3
0.046650320291519165,-0.04238814115524292,-0.011109577652149483,0.0838131457567215,-0.0921829342842102,-0.01941577826821117,0.11619831621646881,-0.12736362218856812,-0.030331061381929203,0.14087145030498505,-0.15516579151153564,-0.042491418469779774,0.06219428777694702,-0.15957748889923096,-0.004525386888616367,0.09390021860599518,-0.20803618431091309,-0.024608920488589092,0.12142728269100189,-0.21328437328338623,-0.043712818224065586,0.1444123536348343,-0.2082536220550537,-0.055668127883308216,0.038224443793296814,-0.16143196821212769,-0.010523808349006458,0.054163336753845215,-0.22973912954330444,-0.027824892822735592,0.07795219123363495,-0.23427844047546387,-0.045714919615619465,0.09570254385471344,-0.22531616687774658,-0.05781386901819019,0.011677250266075134,-0.15061110258102417,-0.019083417181008144,0.014577925205230713,-0.21452206373214722,-0.03634406735383777,0.03124333918094635,-0.2093658447265625,-0.04589809213959484,0.04169076681137085,-0.19103211164474487,-0.05078813915335445,-0.015080288052558899,-0.12953895330429077,-0.028694483611815258,-0.014967098832130432,-0.1787378191947937,-0.04098514576637058,-0.0013481825590133667,-0.1767808198928833,-0.0425504605957201,0.008732065558433533,-0.1629619598388672,-0.042579987246625706,0.14695720384146077,0.08498523649693547,0.037171550476309954,0.0,0.1309376514034499,0.08566927095432159,0.0532057867924968,0.10007386120156651,0.08343443697858625,0.10546658664315597,3
0.04708898067474365,-0.04398000240325928,0.0008629294814141986,0.08135910332202911,-0.09398543834686279,-0.0035038641883460286,0.11190478503704071,-0.12879711389541626,-0.013222665083262086,0.13559873402118683,-0.152590811252594,-0.02352863971576369,0.05482156574726105,-0.16865754127502441,0.014582533832040667,0.07012982666492462,-0.23653119802474976,0.0011964930224763748,0.09253861010074615,-0.23883318901062012,-0.01324125800714171,0.10875047743320465,-0.2244662046432495,-0.02247706290766871,0.035848528146743774,-0.16999471187591553,0.0042938720205398795,0.05432841181755066,-0.2435394525527954,-0.008765175495895505,0.07750897109508514,-0.2282688021659851,-0.023171807196590066,0.08955003321170807,-0.2012128233909607,-0.03213503260597861,0.01533418893814087,-0.16227126121520996,-0.008129114773723245,0.03324808180332184,-0.23024451732635498,-0.0204768521009413,0.05875010788440704,-0.2115408182144165,-0.024936378490778566,0.07135157287120819,-0.18462854623794556,-0.026419364404532075,-0.006379991769790649,-0.14547818899154663,-0.020765062910172105,0.013008758425712585,-0.19675719738006592,-0.028317407262179017,0.03382544219493866,-0.18548601865768433,-0.02571633320734179,0.04298800230026245,-0.16400253772735596,-0.022754248720261216,0.14010811624011985,0.07985316068760726,0.03357891082790336,0.0,0.1333248579560116,0.09572107699444658,0.07672614324254554,0.07578766331610506,0.06696702853363264,0.07179215959158036,3
0.04410846531391144,-0.04328817129135132,-0.005263614802686334,0.08247408270835876,-0.09381532669067383,-0.012319515793649316,0.11983183026313782,-0.12498605251312256,-0.02289678562345898,0.14829882979393005,-0.14611655473709106,-0.03400717895391381,0.05552998185157776,-0.16966676712036133,0.006587051452072501,0.06709428131580353,-0.23700428009033203,-0.00706054629671371,0.08950084447860718,-0.2519351840019226,-0.021053945980099797,0.10811224579811096,-0.25077348947525024,-0.0296967126047889,0.03569181263446808,-0.169245183467865,-0.00043482719019038996,0.04177580773830414,-0.24402719736099243,-0.010971568859247327,0.0639524906873703,-0.24745112657546997,-0.023190940133360982,0.07932507991790771,-0.23395925760269165,-0.031147515735653997,0.013750463724136353,-0.15889590978622437,-0.009700916110602975,0.01828673481941223,-0.22811442613601685,-0.01965780962171948,0.04242527484893799,-0.2248314619064331,-0.022709237746028066,0.058296576142311096,-0.2076205015182495,-0.023743810466555715,-0.009323880076408386,-0.13879293203353882,-0.019964591003088117,-0.0023996829986572266,-0.18775755167007446,-0.02661504071119225,0.017031729221343994,-0.1861659288406372,-0.02388817105355656,0.028994321823120117,-0.17238777875900269,-0.02068865332665837,0.1463875284733751,0.084073276277559,0.035452336827397755,0.0,0.15903829812760925,0.12633221266776792,0.11210725008687142,0.11625814488036564,0.11168580312060385,0.10900982126409496,3
